Time_sec,Car_ID,sigAcc,sigFollowing,sigFrameId,sigGlobalX,sigGlobalY,sigLocalX,sigLocalY,sigPreceding,sigSpaceHeadway,sigTimeHeadway,sigTotalFrames,sigVel,v_Length,v_Width,v_Class,Lane_ID
2.0,12.0,1.5609465687769,-1.0,1.0,159.54756424217,-21.88429530758,0.0,6.6609465687769,-1.0,-1.0,-1.0,100.0,1.5609465687769,5.0,1.8,1.0,11.0
2.0,14.0,1.528189688758,-1.0,1.0,198.76541957475,-19.650292330219,0.0,6.628189688758,7.0,115.32181031124,75.463020827583,100.0,1.528189688758,5.0,1.8,1.0,4.0
2.0,16.0,1.7215491539333,-1.0,1.0,313.39985969637,148.11021945992,0.0,6.8215491539333,-1.0,-1.0,-1.0,100.0,1.7215491539333,5.0,1.8,1.0,25.0
3.0,4.0,1.7162051725201,11.0,1.0,157.85610348623,-24.594382218642,0.0,6.8162051725201,13.0,98.131162110046,57.179155313899,100.0,1.7162051725201,5.0,1.8,1.0,27.0
3.0,12.0,2.3290013018763,10.0,2.0,161.44159847531,-19.286902038697,0.0,10.55089443943,-1.0,-1.0,-1.0,100.0,3.8899478706531,5.0,1.8,1.0,30.0
3.0,14.0,1.4788391654845,13.0,2.0,199.11156776496,-19.22865684077,0.0,9.6352185430005,7.0,113.61844120643,37.784286986846,100.0,3.0070288542425,5.0,1.8,1.0,4.0
3.0,16.0,2.1747559851734,-1.0,2.0,313.2576580659,148.11035506224,0.0,10.71785429304,-1.0,-1.0,-1.0,100.0,3.8963051391067,5.0,1.8,1.0,25.0
4.0,4.0,2.5530080158263,11.0,2.0,158.16834726599,-24.779456743113,0.0,11.085418360867,13.0,100.45325051409,23.529687106818,100.0,4.2692131883465,5.0,1.8,1.0,27.0
4.0,12.0,1.9275127517292,10.0,3.0,163.29094870533,-16.660872087911,0.0,16.368355061812,-1.0,-1.0,-1.0,100.0,5.8174606223823,5.0,1.8,1.0,1.0
4.0,14.0,2.3642453478184,13.0,3.0,199.72304074544,-18.470229475653,0.0,15.006492745061,7.0,111.21440491772,20.705404478335,100.0,5.3712742020609,5.0,1.8,1.0,4.0
4.0,16.0,2.5418741665548,-1.0,3.0,313.03217638997,148.11057007973,0.0,17.156033598701,-1.0,-1.0,-1.0,100.0,6.4381793056615,5.0,1.8,1.0,25.0
5.0,4.0,1.3629213256994,-1.0,3.0,158.57833635226,-25.022468456069,0.0,16.717552874913,13.0,103.1571960073,18.315826042514,100.0,5.6321345140459,5.0,1.8,1.0,27.0
5.0,12.0,1.3519775079098,10.0,4.0,163.53176840075,-16.802918080129,0.0,23.537793192104,-1.0,-1.0,-1.0,100.0,7.1694381302921,5.0,1.8,1.0,1.0
5.0,14.0,-4.5,6.0,4.0,199.81765501813,-18.35290777752,0.0,15.877766947122,8.0,207.82150686089,238.52595011917,100.0,0.87127420206089,5.0,1.8,1.0,4.0
5.0,16.0,1.9380381025374,17.0,4.0,312.751172739,148.11083804252,0.0,25.5322510069,-1.0,-1.0,-1.0,100.0,8.3762174081989,5.0,1.8,1.0,25.0
5.0,17.0,2.1537052321015,-1.0,1.0,313.39050723135,148.11022837836,0.0,7.2537052321015,16.0,10.778545774799,5.0046522681665,100.0,2.1537052321015,5.0,1.8,1.0,25.0
6.0,4.0,1.6930251182523,3.0,4.0,159.1114917017,-25.338484172281,0.0,24.042712507211,13.0,106.23373699529,14.502583196533,100.0,7.3251596322982,5.0,1.8,1.0,27.0
6.0,12.0,2.2172360560158,10.0,5.0,163.84888852976,-16.989969406227,0.0,32.924467378412,-1.0,-1.0,-1.0,100.0,9.3866741863079,5.0,1.8,1.0,1.0
6.0,14.0,-0.87127420206089,6.0,5.0,199.81683637967,-18.35392288921,0.0,15.877766947122,8.0,211.67204576868,-1.0,100.0,0.0,5.0,1.8,1.0,4.0
6.0,16.0,-4.5,-1.0,5.0,312.66983260689,148.11091560781,0.0,29.408468415099,-1.0,-1.0,-1.0,100.0,3.8762174081989,5.0,1.8,1.0,25.0
6.0,17.0,32.846294767899,-1.0,2.0,312.10731002875,144.91144260349,0.0,42.253705232101,-1.0,-1.0,-1.0,100.0,35.0,5.0,1.8,1.0,2.0
7.0,1.0,4.9066169215366,-1.0,1.0,161.61642302809,37.413883053485,0.0,10.006616921537,-1.0,-1.0,-1.0,100.0,4.9066169215366,5.0,1.8,1.0,8.0
7.0,4.0,-4.5,3.0,5.0,159.31214267373,-25.457415475702,0.0,26.867872139509,13.0,114.41331325872,40.497999458404,100.0,2.8251596322982,5.0,1.8,1.0,27.0
7.0,12.0,1.6906343355775,11.0,6.0,164.21934800261,-17.208482610914,0.0,44.001775900298,-1.0,-1.0,-1.0,100.0,11.077308521885,5.0,1.8,1.0,1.0
7.0,14.0,0.0,-1.0,6.0,199.81683637967,-18.35392288921,0.0,15.877766947122,6.0,85.858876711029,-1.0,100.0,0.0,5.0,1.8,1.0,4.0
7.0,16.0,-3.8762174081989,-1.0,6.0,312.70480958366,148.11088225405,0.0,29.408468415099,-1.0,-1.0,-1.0,100.0,0.0,5.0,1.8,1.0,25.0
7.0,17.0,0.0,-1.0,3.0,311.00629752875,144.91249260349,0.0,77.253705232101,-1.0,-1.0,-1.0,100.0,35.0,5.0,1.8,1.0,2.0
8.0,1.0,3.5042659146711,5.0,2.0,160.39386322706,36.827054348988,0.0,18.417499757744,-1.0,-1.0,-1.0,100.0,8.4108828362077,5.0,1.8,1.0,8.0
8.0,4.0,-2.8251596322982,-1.0,6.0,159.30941464285,-25.455798497398,0.0,26.867872139509,14.0,140.72989480761,-1.0,100.0,0.0,5.0,1.8,1.0,27.0
8.0,5.0,4.4943762137555,-1.0,1.0,161.68121001441,37.444980806918,0.0,9.5943762137555,1.0,3.8231235439889,0.85064608794606,100.0,4.4943762137555,5.0,1.8,1.0,8.0
8.0,12.0,-4.5,11.0,7.0,164.41686199931,-17.324985007406,0.0,50.579084422183,-1.0,-1.0,-1.0,100.0,6.5773085218854,5.0,1.8,1.0,1.0
8.0,14.0,0.0,4.0,7.0,199.81683637967,-18.35392288921,0.0,15.877766947122,8.0,225.03321348058,-1.0,100.0,0.0,5.0,1.8,1.0,4.0
8.0,16.0,0.0,-1.0,7.0,312.70480958366,148.11088225405,0.0,29.408468415099,-1.0,-1.0,-1.0,100.0,0.0,5.0,1.8,1.0,25.0
8.0,17.0,0.0,-1.0,4.0,309.90528502875,144.91354260349,0.0,112.2537052321,-1.0,-1.0,-1.0,100.0,35.0,5.0,1.8,1.0,2.0
9.0,1.0,-0.5,5.0,3.0,159.28024168204,36.286753460711,0.0,26.328382593952,-1.0,-1.0,-1.0,100.0,7.9108828362077,5.0,1.8,1.0,8.0
9.0,4.0,0.0,-1.0,7.0,159.30941464285,-25.455798497398,0.0,26.867872139509,14.0,140.72989480761,-1.0,100.0,0.0,5.0,1.8,1.0,27.0
9.0,5.0,30.505623786245,21.0,2.0,156.48549576533,34.91074350908,0.0,44.594376213755,1.0,-23.265993619803,-0.66474267485152,100.0,35.0,5.0,1.8,1.0,8.0
9.0,12.0,-4.5,11.0,8.0,164.46668368832,-17.354372019284,0.0,52.656392944069,-1.0,-1.0,-1.0,100.0,2.0773085218854,5.0,1.8,1.0,1.0
9.0,14.0,0.0,4.0,8.0,199.81683637967,-18.35392288921,0.0,15.877766947122,8.0,233.74342175179,-1.0,100.0,0.0,5.0,1.8,1.0,4.0
9.0,16.0,0.0,-1.0,8.0,312.70480958366,148.11088225405,0.0,29.408468415099,-1.0,-1.0,-1.0,100.0,0.0,5.0,1.8,1.0,25.0
9.0,17.0,0.0,-1.0,5.0,308.80427252875,144.91459260349,0.0,147.2537052321,-1.0,-1.0,-1.0,100.0,35.0,5.0,1.8,1.0,2.0
9.0,21.0,3.0052178059705,-1.0,1.0,161.9126718274,37.556082477151,0.0,8.1052178059705,5.0,31.489158407785,10.478161797533,100.0,3.0052178059705,5.0,1.8,1.0,8.0
10.0,1.0,-0.5,-1.0,4.0,158.23913104911,35.776938630735,0.0,33.73926543016,-1.0,-1.0,-1.0,100.0,7.4108828362077,5.0,1.8,1.0,8.0
10.0,4.0,0.0,-1.0,8.0,159.30941464285,-25.455798497398,0.0,26.867872139509,14.0,140.72989480761,-1.0,100.0,0.0,5.0,1.8,1.0,27.0
10.0,5.0,0.0,-1.0,3.0,147.33137530751,31.268269634618,0.0,20.074376213755,-1.0,-1.0,-1.0,100.0,35.0,5.0,1.8,1.0,9.0
10.0,12.0,-2.0773085218854,11.0,9.0,164.4582098197,-17.34937376084,0.0,52.656392944069,-1.0,-1.0,-1.0,100.0,0.0,5.0,1.8,1.0,1.0
10.0,14.0,0.0,4.0,9.0,199.81683637967,-18.35392288921,0.0,15.877766947122,8.0,244.41869547602,-1.0,100.0,0.0,5.0,1.8,1.0,4.0
10.0,16.0,0.0,-1.0,9.0,312.70480958366,148.11088225405,0.0,29.408468415099,-1.0,-1.0,-1.0,100.0,0.0,5.0,1.8,1.0,25.0
10.0,17.0,0.0,-1.0,6.0,307.70326002875,144.91564260349,0.0,182.2537052321,-1.0,-1.0,-1.0,100.0,35.0,5.0,1.8,1.0,2.0
10.0,21.0,4.4066032343544,-1.0,2.0,161.70478683299,33.904166041842,0.0,15.517038846295,9.0,55.381405437833,7.4720375919122,100.0,7.4118210403249,5.0,1.8,1.0,28.0
11.0,1.0,-0.5,21.0,5.0,158.43367113864,32.30980621274,0.0,40.650148266368,-1.0,-1.0,-1.0,100.0,6.9108828362077,5.0,1.8,1.0,28.0
11.0,4.0,0.0,-1.0,9.0,159.30941464285,-25.455798497398,0.0,26.867872139509,14.0,140.72989480761,-1.0,100.0,0.0,5.0,1.8,1.0,27.0
11.0,5.0,0.0,-1.0,4.0,143.19226761146,25.837305070739,0.0,55.074376213755,-1.0,-1.0,-1.0,100.0,35.0,5.0,1.8,1.0,9.0
11.0,12.0,0.0,11.0,10.0,164.4582098197,-17.34937376084,0.0,52.656392944069,11.0,30.079996429891,-1.0,100.0,0.0,5.0,1.8,1.0,1.0
11.0,14.0,0.0,4.0,10.0,199.81683637967,-18.35392288921,0.0,15.877766947122,8.0,257.5772018559,-1.0,100.0,0.0,5.0,1.8,1.0,4.0
11.0,16.0,0.0,-1.0,10.0,312.70480958366,148.11088225405,0.0,29.408468415099,-1.0,-1.0,-1.0,100.0,0.0,5.0,1.8,1.0,25.0
11.0,17.0,0.0,-1.0,7.0,306.60224752875,144.91669260349,0.0,217.2537052321,-1.0,-1.0,-1.0,100.0,35.0,5.0,1.8,1.0,2.0
11.0,21.0,-0.5,-1.0,3.0,160.81224212322,33.472361553631,0.0,22.42885988662,1.0,13.221288379747,1.9128516642158,100.0,6.9118210403249,5.0,1.8,1.0,28.0
12.0,1.0,-0.5,21.0,6.0,157.61110406559,31.903161892879,0.0,47.061031102575,-1.0,-1.0,-1.0,100.0,6.4108828362077,5.0,1.8,1.0,28.0
12.0,4.0,0.0,-1.0,10.0,159.30941464285,-25.455798497398,0.0,26.867872139509,14.0,140.72989480761,-1.0,100.0,0.0,5.0,1.8,1.0,27.0
12.0,5.0,0.0,9.0,5.0,139.30421550407,20.224676413496,0.0,90.074376213755,-1.0,-1.0,-1.0,100.0,35.0,5.0,1.8,1.0,9.0
12.0,12.0,0.0,10.0,11.0,164.4582098197,-17.34937376084,0.0,52.656392944069,11.0,65.079996429891,-1.0,100.0,0.0,5.0,1.8,1.0,1.0
12.0,14.0,0.0,4.0,11.0,199.81683637967,-18.35392288921,0.0,15.877766947122,8.0,271.07892683585,-1.0,100.0,0.0,5.0,1.8,1.0,4.0
12.0,16.0,0.0,-1.0,11.0,312.70480958366,148.11088225405,0.0,29.408468415099,-1.0,-1.0,-1.0,100.0,0.0,5.0,1.8,1.0,25.0
12.0,17.0,0.0,-1.0,8.0,305.50123502875,144.91774260349,0.0,252.2537052321,-1.0,-1.0,-1.0,100.0,35.0,5.0,1.8,1.0,2.0
12.0,21.0,0.36353355589987,-1.0,4.0,159.86910299338,33.012588013582,0.0,29.704214482845,1.0,12.35681661973,1.6984487087602,100.0,7.2753545962247,5.0,1.8,1.0,28.0
13.0,1.0,-0.5,21.0,7.0,156.85065405746,31.533316026957,0.0,52.971913938783,-1.0,-1.0,-1.0,100.0,5.9108828362077,5.0,1.8,1.0,28.0
13.0,4.0,0.0,-1.0,11.0,159.30941464285,-25.455798497398,0.0,26.867872139509,14.0,140.72989480761,-1.0,100.0,0.0,5.0,1.8,1.0,27.0
13.0,5.0,0.0,-1.0,6.0,128.63887680284,14.139810168164,0.0,14.294376213755,-1.0,-1.0,-1.0,100.0,35.0,5.0,1.8,1.0,19.0
13.0,12.0,0.0,10.0,12.0,164.4582098197,-17.34937376084,0.0,52.656392944069,11.0,100.07999642989,-1.0,100.0,0.0,5.0,1.8,1.0,1.0
13.0,14.0,0.0,4.0,12.0,199.81683637967,-18.35392288921,0.0,15.877766947122,8.0,280.36016124741,-1.0,100.0,0.0,5.0,1.8,1.0,4.0
13.0,16.0,0.0,-1.0,12.0,312.70480958366,148.11088225405,0.0,29.408468415099,-1.0,-1.0,-1.0,100.0,0.0,5.0,1.8,1.0,25.0
13.0,17.0,0.0,-1.0,9.0,304.40022252875,144.91879260349,0.0,287.2537052321,-1.0,-1.0,-1.0,100.0,35.0,5.0,1.8,1.0,2.0
13.0,21.0,-0.21935429118077,-1.0,5.0,158.95758592226,32.568319188999,0.0,36.760214787889,1.0,11.211699150894,1.5889595615351,100.0,7.056000305044,5.0,1.8,1.0,28.0
14.0,1.0,-0.5,21.0,8.0,155.46658263842,30.798241132312,0.0,1.3827967749909,-1.0,-1.0,-1.0,100.0,5.4108828362077,5.0,1.8,1.0,3.0
14.0,4.0,0.0,-1.0,12.0,159.30941464285,-25.455798497398,0.0,26.867872139509,14.0,140.72989480761,-1.0,100.0,0.0,5.0,1.8,1.0,27.0
14.0,5.0,0.0,-1.0,7.0,127.8385434695,14.139576834831,0.0,49.294376213755,-1.0,-1.0,-1.0,100.0,35.0,5.0,1.8,1.0,19.0
14.0,12.0,0.0,10.0,13.0,164.4582098197,-17.34937376084,0.0,52.656392944069,11.0,135.07999642989,-1.0,100.0,0.0,5.0,1.8,1.0,1.0
14.0,14.0,0.0,4.0,13.0,199.81683637967,-18.35392288921,0.0,15.877766947122,15.0,230.87463679107,-1.0,100.0,0.0,5.0,1.8,1.0,4.0
14.0,16.0,0.0,-1.0,13.0,312.70480958366,148.11088225405,0.0,29.408468415099,-1.0,-1.0,-1.0,100.0,0.0,5.0,1.8,1.0,25.0
14.0,17.0,0.0,-1.0,10.0,303.29921002875,144.91984260349,0.0,322.2537052321,-1.0,-1.0,-1.0,100.0,35.0,5.0,1.8,1.0,2.0
14.0,21.0,-0.36791520443669,-1.0,6.0,158.09671281391,32.143142960364,0.0,43.448299888496,1.0,9.9344968864947,1.4854022843688,100.0,6.6880851006073,5.0,1.8,1.0,28.0
15.0,1.0,-0.5,-1.0,9.0,151.99637514347,31.80657357591,0.0,3.7736796111986,-1.0,-1.0,-1.0,100.0,4.9108828362077,5.0,1.8,1.0,19.0
15.0,4.0,0.0,-1.0,13.0,159.30941464285,-25.455798497398,0.0,26.867872139509,14.0,140.72989480761,-1.0,100.0,0.0,5.0,1.8,1.0,27.0
15.0,5.0,0.0,-1.0,8.0,127.03821013617,14.139343501497,0.0,84.294376213755,-1.0,-1.0,-1.0,100.0,35.0,5.0,1.8,1.0,19.0
15.0,12.0,0.0,10.0,14.0,164.4582098197,-17.34937376084,0.0,52.656392944069,11.0,170.07999642989,-1.0,100.0,0.0,5.0,1.8,1.0,1.0
15.0,14.0,0.0,4.0,14.0,199.81683637967,-18.35392288921,0.0,15.877766947122,13.0,58.768484970241,-1.0,100.0,0.0,5.0,1.8,1.0,4.0
15.0,16.0,0.0,-1.0,14.0,312.70480958366,148.11088225405,0.0,29.408468415099,-1.0,-1.0,-1.0,100.0,0.0,5.0,1.8,1.0,25.0
15.0,17.0,0.0,-1.0,11.0,302.19819752875,144.92089260349,0.0,357.2537052321,-1.0,-1.0,-1.0,100.0,35.0,5.0,1.8,1.0,2.0
15.0,21.0,-0.5,-1.0,7.0,157.3011881565,31.750005775013,0.0,49.636384989103,-1.0,-1.0,-1.0,100.0,6.1880851006073,5.0,1.8,1.0,28.0
16.0,1.0,-0.5,-1.0,10.0,151.46757364018,31.234720825854,0.0,8.1845624474064,-1.0,-1.0,-1.0,100.0,4.4108828362077,5.0,1.8,1.0,19.0
16.0,4.0,0.0,-1.0,14.0,159.30941464285,-25.455798497398,0.0,26.867872139509,14.0,140.72989480761,-1.0,100.0,0.0,5.0,1.8,1.0,27.0
16.0,5.0,0.0,-1.0,9.0,126.23787680284,14.139110168164,0.0,119.29437621376,-1.0,-1.0,-1.0,100.0,35.0,5.0,1.8,1.0,19.0
16.0,12.0,0.0,10.0,15.0,164.4582098197,-17.34937376084,0.0,52.656392944069,-1.0,-1.0,-1.0,100.0,0.0,5.0,1.8,1.0,1.0
16.0,14.0,0.0,4.0,15.0,199.81683637967,-18.35392288921,0.0,15.877766947122,13.0,70.426385495048,-1.0,100.0,0.0,5.0,1.8,1.0,4.0
16.0,16.0,0.0,-1.0,15.0,312.70480958366,148.11088225405,0.0,29.408468415099,17.0,355.345236817,-1.0,100.0,0.0,5.0,1.8,1.0,25.0
16.0,17.0,0.0,-1.0,12.0,301.10620439448,148.12194258958,0.0,392.2537052321,-1.0,-1.0,-1.0,100.0,35.0,5.0,1.8,1.0,25.0
16.0,21.0,0.0092126378596804,-1.0,8.0,156.49650301938,31.365409972631,0.0,55.83368272757,-1.0,-1.0,-1.0,100.0,6.197297738467,5.0,1.8,1.0,28.0
16.0,23.0,-0.1,-1.0,1.0,160.84369752751,40.595807942775,0.0,10.0,9.0,123.17582153583,25.137922762415,100.0,4.9,5.0,1.8,1.0,1.0
17.0,1.0,-0.5,-1.0,11.0,151.02764697965,30.70290965958,0.0,12.095445283614,-1.0,-1.0,-1.0,100.0,3.9108828362077,5.0,1.8,1.0,19.0
17.0,4.0,0.0,-1.0,15.0,159.30941464285,-25.455798497398,0.0,26.867872139509,14.0,140.72989480761,-1.0,100.0,0.0,5.0,1.8,1.0,27.0
17.0,5.0,0.0,-1.0,10.0,125.4375434695,14.138876834831,0.0,154.29437621376,-1.0,-1.0,-1.0,100.0,35.0,5.0,1.8,1.0,19.0
17.0,12.0,0.0,10.0,16.0,164.4582098197,-17.34937376084,0.0,52.656392944069,-1.0,-1.0,-1.0,100.0,0.0,5.0,1.8,1.0,1.0
17.0,14.0,0.0,4.0,16.0,199.81683637967,-18.35392288921,0.0,15.877766947122,13.0,77.584286019855,-1.0,100.0,0.0,5.0,1.8,1.0,4.0
17.0,16.0,0.0,-1.0,16.0,312.70480958366,148.11088225405,0.0,29.408468415099,17.0,390.345236817,-1.0,100.0,0.0,5.0,1.8,1.0,25.0
17.0,17.0,0.0,16.0,13.0,300.00510439448,148.12299258958,0.0,427.2537052321,-1.0,-1.0,-1.0,100.0,35.0,5.0,1.8,1.0,25.0
17.0,21.0,-0.5,-1.0,9.0,154.68062528763,29.991485092488,0.0,2.0109804660374,-1.0,-1.0,-1.0,100.0,5.697297738467,5.0,1.8,1.0,31.0
17.0,23.0,0.060599852782336,-1.0,2.0,160.08102712544,40.229346361324,0.0,14.960599852782,9.0,128.93416547496,25.991648046887,100.0,4.9605998527823,5.0,1.8,1.0,1.0
18.0,1.0,-0.5,-1.0,12.0,150.64322125267,30.240606088277,0.0,15.506328119822,-1.0,-1.0,-1.0,100.0,3.4108828362077,5.0,1.8,1.0,19.0
18.0,4.0,0.0,-1.0,16.0,159.30941464285,-25.455798497398,0.0,26.867872139509,14.0,140.72989480761,-1.0,100.0,0.0,5.0,1.8,1.0,27.0
18.0,5.0,0.0,-1.0,11.0,124.63721013617,14.138643501497,0.0,189.29437621376,-1.0,-1.0,-1.0,100.0,35.0,5.0,1.8,1.0,19.0
18.0,12.0,0.0,10.0,17.0,164.4582098197,-17.34937376084,0.0,52.656392944069,-1.0,-1.0,-1.0,100.0,0.0,5.0,1.8,1.0,1.0
18.0,14.0,0.0,4.0,17.0,199.81683637967,-18.35392288921,0.0,15.877766947122,3.0,76.622233052878,-1.0,100.0,0.0,5.0,1.8,1.0,4.0
18.0,16.0,0.0,-1.0,17.0,312.70480958366,148.11088225405,0.0,29.408468415099,17.0,425.345236817,-1.0,100.0,0.0,5.0,1.8,1.0,25.0
18.0,17.0,0.0,16.0,14.0,298.90400439448,148.12404258958,0.0,462.2537052321,-1.0,-1.0,-1.0,100.0,35.0,5.0,1.8,1.0,25.0
18.0,21.0,-0.5,-1.0,10.0,154.11551216433,29.377334461782,0.0,7.2082782045044,-1.0,-1.0,-1.0,100.0,5.197297738467,5.0,1.8,1.0,31.0
18.0,23.0,-0.1,-1.0,3.0,159.33439589829,39.870749284486,0.0,19.821199705565,9.0,131.68355260691,27.092037319535,100.0,4.8605998527823,5.0,1.8,1.0,1.0
19.0,1.0,-0.5,-1.0,13.0,150.31542224112,29.846791998011,0.0,18.41721095603,-1.0,-1.0,-1.0,100.0,2.9108828362077,5.0,1.8,1.0,19.0
19.0,4.0,0.0,-1.0,17.0,159.30941464285,-25.455798497398,0.0,26.867872139509,14.0,140.72989480761,-1.0,100.0,0.0,5.0,1.8,1.0,27.0
19.0,5.0,0.0,-1.0,12.0,123.83687680284,14.138410168164,0.0,224.29437621376,-1.0,-1.0,-1.0,100.0,35.0,5.0,1.8,1.0,19.0
19.0,12.0,0.0,10.0,18.0,164.4582098197,-17.34937376084,0.0,52.656392944069,-1.0,-1.0,-1.0,100.0,0.0,5.0,1.8,1.0,1.0
19.0,14.0,0.0,4.0,18.0,199.81683637967,-18.35392288921,0.0,15.877766947122,11.0,76.622233052878,-1.0,100.0,0.0,5.0,1.8,1.0,4.0
19.0,16.0,0.0,-1.0,18.0,312.70480958366,148.11088225405,0.0,29.408468415099,17.0,460.345236817,-1.0,100.0,0.0,5.0,1.8,1.0,25.0
19.0,17.0,0.0,16.0,15.0,297.80290439448,148.12509258958,0.0,497.2537052321,-1.0,-1.0,-1.0,100.0,35.0,5.0,1.8,1.0,25.0
19.0,21.0,-0.5,-1.0,11.0,153.62099849148,28.809068538917,0.0,11.905575942971,-1.0,-1.0,-1.0,100.0,4.697297738467,5.0,1.8,1.0,31.0
19.0,23.0,-0.1,-1.0,4.0,158.60313492732,39.519534337853,0.0,24.581799558347,9.0,134.14379181521,28.177917901839,100.0,4.7605998527823,5.0,1.8,1.0,1.0
20.0,1.0,-0.5,-1.0,14.0,150.04568762858,29.520288577014,0.0,20.828093792237,-1.0,-1.0,-1.0,100.0,2.4108828362077,5.0,1.8,1.0,19.0
20.0,4.0,0.0,-1.0,18.0,159.30941464285,-25.455798497398,0.0,26.867872139509,14.0,140.72989480761,-1.0,100.0,0.0,5.0,1.8,1.0,27.0
20.0,5.0,0.0,-1.0,13.0,123.0365434695,14.138176834831,0.0,259.29437621376,-1.0,-1.0,-1.0,100.0,35.0,5.0,1.8,1.0,19.0
20.0,12.0,0.0,10.0,19.0,164.4582098197,-17.34937376084,0.0,52.656392944069,-1.0,-1.0,-1.0,100.0,0.0,5.0,1.8,1.0,1.0
20.0,14.0,0.0,4.0,19.0,199.81683637967,-18.35392288921,0.0,15.877766947122,13.0,110.13127565686,-1.0,100.0,0.0,5.0,1.8,1.0,4.0
20.0,16.0,0.0,-1.0,19.0,312.70480958366,148.11088225405,0.0,29.408468415099,17.0,495.345236817,-1.0,100.0,0.0,5.0,1.8,1.0,25.0
20.0,17.0,0.0,16.0,16.0,296.70180439448,148.12614258958,0.0,532.2537052321,-1.0,-1.0,-1.0,100.0,35.0,5.0,1.8,1.0,25.0
20.0,21.0,-0.5,-1.0,12.0,153.18876017519,28.293229032208,0.0,16.102873681438,-1.0,-1.0,-1.0,100.0,4.197297738467,5.0,1.8,1.0,31.0
20.0,23.0,-0.1,13.0,5.0,157.88995739937,39.170118013969,0.0,29.242399411129,9.0,136.76948607215,29.345897608116,100.0,4.6605998527823,5.0,1.8,1.0,1.0
21.0,1.0,-0.5,-1.0,15.0,149.83680616056,29.258820307928,0.0,22.738976628445,-1.0,-1.0,-1.0,100.0,1.9108828362077,5.0,1.8,1.0,19.0
21.0,4.0,0.0,-1.0,19.0,159.30941464285,-25.455798497398,0.0,26.867872139509,14.0,140.72989480761,-1.0,100.0,0.0,5.0,1.8,1.0,27.0
21.0,5.0,0.0,23.0,14.0,122.23621013617,14.137943501497,0.0,294.29437621376,-1.0,-1.0,-1.0,100.0,35.0,5.0,1.8,1.0,19.0
21.0,12.0,0.0,10.0,20.0,164.4582098197,-17.34937376084,0.0,52.656392944069,-1.0,-1.0,-1.0,100.0,0.0,5.0,1.8,1.0,1.0
21.0,14.0,0.0,4.0,20.0,199.81683637967,-18.35392288921,0.0,15.877766947122,13.0,122.39738596145,-1.0,100.0,0.0,5.0,1.8,1.0,4.0
21.0,16.0,0.0,-1.0,20.0,312.70480958366,148.11088225405,0.0,29.408468415099,17.0,530.345236817,-1.0,100.0,0.0,5.0,1.8,1.0,25.0
21.0,17.0,0.0,16.0,17.0,295.60070439448,148.12719258958,0.0,567.2537052321,-1.0,-1.0,-1.0,100.0,35.0,5.0,1.8,1.0,25.0
21.0,21.0,-0.5,-1.0,13.0,152.80783596967,27.839481081525,0.0,19.800171419905,-1.0,-1.0,-1.0,100.0,3.697297738467,5.0,1.8,1.0,31.0
21.0,23.0,0.25244654786843,13.0,6.0,157.13705775593,38.799886729998,0.0,34.15544581178,5.0,422.93893040198,86.084863832337,100.0,4.9130464006508,5.0,1.8,1.0,1.0
22.0,1.0,-0.5,-1.0,16.0,149.68336099343,29.066809053522,0.0,24.149859464653,-1.0,-1.0,-1.0,100.0,1.4108828362077,5.0,1.8,1.0,19.0
22.0,4.0,0.0,-1.0,20.0,159.30941464285,-25.455798497398,0.0,26.867872139509,14.0,140.72989480761,-1.0,100.0,0.0,5.0,1.8,1.0,27.0
22.0,5.0,0.0,23.0,15.0,121.43587680284,14.137710168164,0.0,329.29437621376,-1.0,-1.0,-1.0,100.0,35.0,5.0,1.8,1.0,19.0
22.0,12.0,0.0,-1.0,21.0,164.4582098197,-17.34937376084,0.0,52.656392944069,-1.0,-1.0,-1.0,100.0,0.0,5.0,1.8,1.0,1.0
22.0,14.0,0.0,4.0,21.0,199.81683637967,-18.35392288921,0.0,15.877766947122,13.0,134.49708317935,-1.0,100.0,0.0,5.0,1.8,1.0,4.0
22.0,16.0,0.0,-1.0,21.0,312.70480958366,148.11088225405,0.0,29.408468415099,17.0,565.345236817,-1.0,100.0,0.0,5.0,1.8,1.0,25.0
22.0,17.0,0.0,16.0,18.0,294.49960439448,148.12824258958,0.0,602.2537052321,-1.0,-1.0,-1.0,100.0,35.0,5.0,1.8,1.0,25.0
22.0,21.0,-0.5,-1.0,14.0,152.48194885378,27.444762556665,0.0,22.997469158372,-1.0,-1.0,-1.0,100.0,3.197297738467,5.0,1.8,1.0,31.0
22.0,23.0,1.9036033144686,13.0,7.0,156.08536729809,38.28280558823,0.0,40.9720955269,5.0,451.12228068686,66.179472253982,100.0,6.8166497151194,5.0,1.8,1.0,1.0
23.0,1.0,-0.5,-1.0,17.0,149.58537395789,28.944235784837,0.0,25.060742300861,-1.0,-1.0,-1.0,100.0,0.91088283620775,5.0,1.8,1.0,19.0
23.0,4.0,0.0,-1.0,21.0,159.30941464285,-25.455798497398,0.0,26.867872139509,10.0,3.2464669414407,-1.0,100.0,0.0,5.0,1.8,1.0,27.0
23.0,5.0,0.0,23.0,16.0,120.6355434695,14.137476834831,0.0,364.29437621376,-1.0,-1.0,-1.0,100.0,35.0,5.0,1.8,1.0,19.0
23.0,12.0,0.0,-1.0,22.0,164.4582098197,-17.34937376084,0.0,52.656392944069,-1.0,-1.0,-1.0,100.0,0.0,5.0,1.8,1.0,1.0
23.0,14.0,0.0,-1.0,22.0,199.81683637967,-18.35392288921,0.0,15.877766947122,13.0,146.37030984127,-1.0,100.0,0.0,5.0,1.8,1.0,4.0
23.0,16.0,0.0,-1.0,22.0,312.70480958366,148.11088225405,0.0,29.408468415099,17.0,600.345236817,-1.0,100.0,0.0,5.0,1.8,1.0,25.0
23.0,17.0,0.0,16.0,19.0,293.39850439448,148.12929258958,0.0,637.2537052321,-1.0,-1.0,-1.0,100.0,35.0,5.0,1.8,1.0,25.0
23.0,21.0,2.1827190868734,-1.0,15.0,151.93451590183,26.755358715206,0.0,28.377485983713,-1.0,-1.0,-1.0,100.0,5.3800168253404,5.0,1.8,1.0,31.0
23.0,23.0,-0.1,13.0,8.0,155.0590748143,37.775660496477,0.0,47.688745242019,5.0,479.40563097174,71.375708322645,100.0,6.7166497151194,5.0,1.8,1.0,1.0
24.0,1.0,-0.5,-1.0,18.0,149.54286626948,28.891082836852,0.0,25.471625137068,21.0,3.7787804741818,9.1967347895526,100.0,0.41088283620775,5.0,1.8,1.0,19.0
24.0,4.0,0.0,-1.0,22.0,159.30941464285,-25.455798497398,0.0,26.867872139509,10.0,16.698409212278,-1.0,100.0,0.0,5.0,1.8,1.0,27.0
24.0,5.0,0.0,23.0,17.0,119.83521013617,14.137243501497,0.0,399.29437621376,-1.0,-1.0,-1.0,100.0,35.0,5.0,1.8,1.0,19.0
24.0,12.0,0.0,-1.0,23.0,164.4582098197,-17.34937376084,0.0,52.656392944069,-1.0,-1.0,-1.0,100.0,0.0,5.0,1.8,1.0,1.0
24.0,14.0,0.0,-1.0,23.0,199.81683637967,-18.35392288921,0.0,15.877766947122,13.0,157.33781617126,-1.0,100.0,0.0,5.0,1.8,1.0,4.0
24.0,16.0,0.0,-1.0,23.0,312.70480958366,148.11088225405,0.0,29.408468415099,17.0,635.345236817,-1.0,100.0,0.0,5.0,1.8,1.0,25.0
24.0,17.0,0.0,16.0,20.0,292.29740439448,148.13034258958,0.0,672.2537052321,-1.0,-1.0,-1.0,100.0,35.0,5.0,1.8,1.0,25.0
24.0,21.0,0.49290280219722,-1.0,16.0,148.5477388347,27.647173543372,0.0,34.25040561125,-1.0,-1.0,-1.0,100.0,5.8729196275376,5.0,1.8,1.0,19.0
24.0,23.0,0.84846467800973,13.0,9.0,153.89470825001,37.210728757008,0.0,55.253859635148,5.0,506.84051657861,66.997072382532,100.0,7.5651143931291,5.0,1.8,1.0,1.0
25.0,1.0,-0.41088283620775,-1.0,19.0,149.54541607226,28.89427009032,0.0,25.471625137068,21.0,9.1517001017194,-1.0,100.0,0.0,5.0,1.8,1.0,19.0
25.0,4.0,0.0,-1.0,23.0,159.30941464285,-25.455798497398,0.0,26.867872139509,10.0,30.880100336411,-1.0,100.0,0.0,5.0,1.8,1.0,27.0
25.0,5.0,0.0,23.0,18.0,119.03487680284,14.137010168164,0.0,434.29437621376,-1.0,-1.0,-1.0,100.0,35.0,5.0,1.8,1.0,19.0
25.0,12.0,0.0,-1.0,24.0,164.4582098197,-17.34937376084,0.0,52.656392944069,-1.0,-1.0,-1.0,100.0,0.0,5.0,1.8,1.0,1.0
25.0,14.0,0.0,-1.0,24.0,199.81683637967,-18.35392288921,0.0,15.877766947122,13.0,169.41329251095,-1.0,100.0,0.0,5.0,1.8,1.0,4.0
25.0,16.0,0.0,-1.0,24.0,312.70480958366,148.11088225405,0.0,29.408468415099,17.0,670.345236817,-1.0,100.0,0.0,5.0,1.8,1.0,25.0
25.0,17.0,0.0,16.0,21.0,291.19630439448,148.13139258958,0.0,707.2537052321,-1.0,-1.0,-1.0,100.0,35.0,5.0,1.8,1.0,25.0
25.0,21.0,-0.5,1.0,17.0,147.97217701363,26.889137143459,0.0,39.623325238788,-1.0,-1.0,-1.0,100.0,5.3729196275376,5.0,1.8,1.0,19.0
25.0,23.0,1.0766857547293,-1.0,10.0,149.49487984518,33.816562943633,0.0,4.3756597830065,5.0,533.19871643075,61.699959187656,100.0,8.6418001478585,5.0,1.8,1.0,9.0
26.0,1.0,0.0,-1.0,20.0,149.54541607226,28.89427009032,0.0,25.471625137068,21.0,14.024619729257,-1.0,100.0,0.0,5.0,1.8,1.0,19.0
26.0,4.0,0.0,-1.0,24.0,159.30941464285,-25.455798497398,0.0,26.867872139509,10.0,42.960458763689,-1.0,100.0,0.0,5.0,1.8,1.0,27.0
26.0,5.0,0.0,23.0,19.0,118.2345434695,14.136776834831,0.0,469.29437621376,-1.0,-1.0,-1.0,100.0,35.0,5.0,1.8,1.0,19.0
26.0,12.0,0.0,-1.0,25.0,164.4582098197,-17.34937376084,0.0,52.656392944069,-1.0,-1.0,-1.0,100.0,0.0,5.0,1.8,1.0,1.0
26.0,14.0,0.0,-1.0,25.0,199.81683637967,-18.35392288921,0.0,15.877766947122,13.0,181.3726358418,-1.0,100.0,0.0,5.0,1.8,1.0,4.0
26.0,16.0,0.0,-1.0,25.0,312.70480958366,148.11088225405,0.0,29.408468415099,17.0,705.345236817,-1.0,100.0,0.0,5.0,1.8,1.0,25.0
26.0,17.0,0.0,16.0,22.0,290.09520439448,148.13244258958,0.0,742.2537052321,-1.0,-1.0,-1.0,100.0,35.0,5.0,1.8,1.0,25.0
26.0,21.0,-0.5,1.0,18.0,147.45157162506,26.200928010135,0.0,44.496244866325,-1.0,-1.0,-1.0,100.0,4.8729196275376,5.0,1.8,1.0,19.0
26.0,23.0,-0.1,34.0,11.0,148.40414134586,32.557894550928,0.0,12.917459930865,5.0,559.65691628289,65.519785829127,100.0,8.5418001478585,5.0,1.8,1.0,9.0
26.0,34.0,-0.1,13.0,1.0,160.24765412338,40.309375098683,0.0,14.0,23.0,50.937459930865,5.7233101045916,100.0,8.9,5.0,1.8,1.0,1.0
27.0,1.0,0.0,-1.0,21.0,149.54541607226,28.89427009032,0.0,25.471625137068,21.0,18.397539356795,-1.0,100.0,0.0,5.0,1.8,1.0,19.0
27.0,4.0,0.0,-1.0,25.0,159.30941464285,-25.455798497398,0.0,26.867872139509,10.0,51.826567008528,-1.0,100.0,0.0,5.0,1.8,1.0,27.0
27.0,5.0,0.0,23.0,20.0,117.43421013617,14.136543501497,0.0,504.29437621376,-1.0,-1.0,-1.0,100.0,35.0,5.0,1.8,1.0,19.0
27.0,12.0,0.0,-1.0,26.0,164.4582098197,-17.34937376084,0.0,52.656392944069,-1.0,-1.0,-1.0,100.0,0.0,5.0,1.8,1.0,1.0
27.0,14.0,0.0,-1.0,26.0,199.81683637967,-18.35392288921,0.0,15.877766947122,13.0,192.63184814645,-1.0,100.0,0.0,5.0,1.8,1.0,4.0
27.0,16.0,0.0,-1.0,26.0,312.70480958366,148.11088225405,0.0,29.408468415099,17.0,740.345236817,-1.0,100.0,0.0,5.0,1.8,1.0,25.0
27.0,17.0,0.0,16.0,23.0,288.99410439448,148.13349258958,0.0,777.2537052321,-1.0,-1.0,-1.0,100.0,35.0,5.0,1.8,1.0,25.0
27.0,21.0,-0.5,1.0,19.0,146.98455570177,25.583608111537,0.0,48.869164493863,-1.0,-1.0,-1.0,100.0,4.3729196275376,5.0,1.8,1.0,19.0
27.0,23.0,-0.1,34.0,12.0,147.35536641318,31.288594389012,0.0,21.359260078723,5.0,586.21511613503,69.441956202167,100.0,8.4418001478585,5.0,1.8,1.0,9.0
27.0,34.0,-0.1,13.0,2.0,158.89511215664,39.659767128998,0.0,22.8,23.0,50.579260078723,5.747643190764,100.0,8.8,5.0,1.8,1.0,1.0
28.0,1.0,0.0,-1.0,22.0,149.54541607226,28.89427009032,0.0,25.471625137068,21.0,22.270458984332,-1.0,100.0,0.0,5.0,1.8,1.0,19.0
28.0,4.0,0.0,-1.0,26.0,159.30941464285,-25.455798497398,0.0,26.867872139509,14.0,140.72989480761,-1.0,100.0,0.0,5.0,1.8,1.0,27.0
28.0,5.0,0.0,23.0,21.0,116.63387680284,14.136310168164,0.0,539.29437621376,-1.0,-1.0,-1.0,100.0,35.0,5.0,1.8,1.0,19.0
28.0,12.0,0.0,-1.0,27.0,164.4582098197,-17.34937376084,0.0,52.656392944069,-1.0,-1.0,-1.0,100.0,0.0,5.0,1.8,1.0,1.0
28.0,14.0,0.0,4.0,27.0,199.81683637967,-18.35392288921,0.0,15.877766947122,13.0,204.65507759044,-1.0,100.0,0.0,5.0,1.8,1.0,4.0
28.0,16.0,0.0,-1.0,27.0,312.70480958366,148.11088225405,0.0,29.408468415099,17.0,775.345236817,-1.0,100.0,0.0,5.0,1.8,1.0,25.0
28.0,17.0,0.0,16.0,24.0,287.89300439448,148.13454258958,0.0,812.2537052321,-1.0,-1.0,-1.0,100.0,35.0,5.0,1.8,1.0,25.0
28.0,21.0,-0.5,1.0,20.0,146.57432984987,25.034786947521,0.0,52.742084121401,-1.0,-1.0,-1.0,100.0,3.8729196275376,5.0,1.8,1.0,19.0
28.0,23.0,-0.1,34.0,13.0,146.34242698979,30.015243657909,0.0,29.701060226582,5.0,612.87331598717,73.470150941522,100.0,8.3418001478585,5.0,1.8,1.0,9.0
28.0,34.0,-0.1,13.0,3.0,157.56214552731,39.008888217595,0.0,31.5,23.0,50.221060226582,5.7725356582278,100.0,8.7,5.0,1.8,1.0,1.0
29.0,1.0,0.0,-1.0,23.0,149.54541607226,28.89427009032,0.0,25.471625137068,21.0,25.64337861187,-1.0,100.0,0.0,5.0,1.8,1.0,19.0
29.0,4.0,0.0,-1.0,27.0,159.30941464285,-25.455798497398,0.0,26.867872139509,14.0,140.72989480761,-1.0,100.0,0.0,5.0,1.8,1.0,27.0
29.0,5.0,0.0,23.0,22.0,115.8335434695,14.136076834831,0.0,574.29437621376,-1.0,-1.0,-1.0,100.0,35.0,5.0,1.8,1.0,19.0
29.0,12.0,0.0,-1.0,28.0,164.4582098197,-17.34937376084,0.0,52.656392944069,-1.0,-1.0,-1.0,100.0,0.0,5.0,1.8,1.0,1.0
29.0,14.0,0.0,4.0,28.0,199.81683637967,-18.35392288921,0.0,15.877766947122,13.0,215.63326937858,-1.0,100.0,0.0,5.0,1.8,1.0,4.0
29.0,16.0,0.0,-1.0,28.0,312.70480958366,148.11088225405,0.0,29.408468415099,17.0,810.345236817,-1.0,100.0,0.0,5.0,1.8,1.0,25.0
29.0,17.0,0.0,16.0,25.0,286.79190439448,148.13559258958,0.0,847.2537052321,-1.0,-1.0,-1.0,100.0,35.0,5.0,1.8,1.0,25.0
29.0,21.0,-0.5,1.0,21.0,146.22074260153,24.554579244935,0.0,56.115003748938,-1.0,-1.0,-1.0,100.0,3.3729196275376,5.0,1.8,1.0,19.0
29.0,23.0,-0.1,34.0,14.0,145.36069340161,28.742376120097,0.0,37.94286037444,5.0,639.63151583932,77.608229314504,100.0,8.2418001478585,5.0,1.8,1.0,9.0
29.0,34.0,-0.1,13.0,4.0,156.24624421211,38.361903404285,0.0,40.1,23.0,49.86286037444,5.7980070202838,100.0,8.6,5.0,1.8,1.0,1.0
30.0,1.0,0.0,-1.0,24.0,149.54541607226,28.89427009032,0.0,25.471625137068,21.0,29.336733720881,-1.0,100.0,0.0,5.0,1.8,1.0,19.0
30.0,4.0,0.0,-1.0,28.0,159.30941464285,-25.455798497398,0.0,26.867872139509,14.0,140.72989480761,-1.0,100.0,0.0,5.0,1.8,1.0,27.0
30.0,5.0,0.0,23.0,23.0,115.03321013617,14.135843501497,0.0,609.29437621376,-1.0,-1.0,-1.0,100.0,35.0,5.0,1.8,1.0,19.0
30.0,12.0,0.0,-1.0,29.0,164.4582098197,-17.34937376084,0.0,52.656392944069,-1.0,-1.0,-1.0,100.0,0.0,5.0,1.8,1.0,1.0
30.0,14.0,0.0,4.0,29.0,199.81683637967,-18.35392288921,0.0,15.877766947122,13.0,227.65549078461,-1.0,100.0,0.0,5.0,1.8,1.0,4.0
30.0,16.0,0.0,-1.0,29.0,312.70480958366,148.11088225405,0.0,29.408468415099,17.0,845.345236817,-1.0,100.0,0.0,5.0,1.8,1.0,25.0
30.0,17.0,0.0,16.0,26.0,285.69080439448,148.13664258958,0.0,882.2537052321,-1.0,-1.0,-1.0,100.0,35.0,5.0,1.8,1.0,25.0
30.0,21.0,0.32043548147351,1.0,22.0,145.83016086601,24.024504032438,0.0,59.808358857949,-1.0,-1.0,-1.0,100.0,3.6933551090111,5.0,1.8,1.0,19.0
30.0,23.0,-0.1,34.0,15.0,144.40182476467,27.476454043244,0.0,46.084660522299,5.0,666.48971569146,81.860240191079,100.0,8.1418001478585,5.0,1.8,1.0,9.0
30.0,34.0,-0.1,13.0,5.0,154.94676596594,37.720166712581,0.0,48.6,23.0,49.504660522299,5.8240777085057,100.0,8.5,5.0,1.8,1.0,1.0
31.0,1.0,0.0,-1.0,25.0,149.54541607226,28.89427009032,0.0,25.471625137068,21.0,32.530088829892,-1.0,100.0,0.0,5.0,1.8,1.0,19.0
31.0,4.0,0.0,-1.0,29.0,159.30941464285,-25.455798497398,0.0,26.867872139509,14.0,140.72989480761,-1.0,100.0,0.0,5.0,1.8,1.0,27.0
31.0,5.0,0.0,23.0,24.0,114.23287680284,14.135610168164,0.0,644.29437621376,-1.0,-1.0,-1.0,100.0,35.0,5.0,1.8,1.0,19.0
31.0,12.0,0.0,-1.0,30.0,164.4582098197,-17.34937376084,0.0,52.656392944069,-1.0,-1.0,-1.0,100.0,0.0,5.0,1.8,1.0,1.0
31.0,14.0,0.0,4.0,30.0,199.81683637967,-18.35392288921,0.0,15.877766947122,13.0,238.8709835923,-1.0,100.0,0.0,5.0,1.8,1.0,4.0
31.0,16.0,0.0,-1.0,30.0,312.70480958366,148.11088225405,0.0,29.408468415099,17.0,880.345236817,-1.0,100.0,0.0,5.0,1.8,1.0,25.0
31.0,17.0,0.0,16.0,27.0,284.58970439448,148.13769258958,0.0,917.2537052321,-1.0,-1.0,-1.0,100.0,35.0,5.0,1.8,1.0,25.0
31.0,21.0,-0.5,1.0,23.0,145.49534358211,23.570109147149,0.0,63.00171396696,-1.0,-1.0,-1.0,100.0,3.1933551090111,5.0,1.8,1.0,19.0
31.0,23.0,-0.1,34.0,16.0,143.46956437702,26.215028232487,0.0,54.126460670157,5.0,693.4479155436,86.230433832438,100.0,8.0418001478585,5.0,1.8,1.0,9.0
31.0,34.0,-0.1,13.0,6.0,153.65658297767,37.098380985619,0.0,57.0,23.0,49.146460670157,5.8507691273997,100.0,8.4,5.0,1.8,1.0,1.0
32.0,1.0,0.0,-1.0,26.0,149.54541607226,28.89427009032,0.0,25.471625137068,7.0,25.874344109297,-1.0,100.0,0.0,5.0,1.8,1.0,19.0
32.0,4.0,0.0,-1.0,30.0,159.30941464285,-25.455798497398,0.0,26.867872139509,14.0,140.72989480761,-1.0,100.0,0.0,5.0,1.8,1.0,27.0
32.0,5.0,0.0,23.0,25.0,113.4325434695,14.135376834831,0.0,679.29437621376,-1.0,-1.0,-1.0,100.0,35.0,5.0,1.8,1.0,19.0
32.0,12.0,0.0,-1.0,31.0,164.4582098197,-17.34937376084,0.0,52.656392944069,-1.0,-1.0,-1.0,100.0,0.0,5.0,1.8,1.0,1.0
32.0,14.0,0.0,4.0,31.0,199.81683637967,-18.35392288921,0.0,15.877766947122,13.0,251.03227894284,-1.0,100.0,0.0,5.0,1.8,1.0,4.0
32.0,16.0,0.0,-1.0,31.0,312.70480958366,148.11088225405,0.0,29.408468415099,17.0,915.345236817,-1.0,100.0,0.0,5.0,1.8,1.0,25.0
32.0,17.0,0.0,16.0,28.0,283.48860439448,148.13874258958,0.0,952.2537052321,-1.0,-1.0,-1.0,100.0,35.0,5.0,1.8,1.0,25.0
32.0,21.0,2.1075627943808,7.0,24.0,144.92869750168,22.800957626915,0.0,68.302631870352,-1.0,-1.0,-1.0,100.0,5.3009179033919,5.0,1.8,1.0,19.0
32.0,23.0,-0.1,34.0,17.0,142.5528658667,24.966336207617,0.0,62.068260818016,5.0,720.50611539574,90.72327457019,100.0,7.9418001478585,5.0,1.8,1.0,9.0
32.0,34.0,-0.1,13.0,7.0,149.33451186347,33.646043854937,0.0,5.78,23.0,48.788260818016,5.8781037130139,100.0,8.3,5.0,1.8,1.0,9.0
33.0,1.0,0.0,-1.0,27.0,149.54541607226,28.89427009032,0.0,25.471625137068,7.0,29.871662424262,-1.0,100.0,0.0,5.0,1.8,1.0,19.0
33.0,4.0,0.0,-1.0,31.0,159.30941464285,-25.455798497398,0.0,26.867872139509,14.0,140.72989480761,-1.0,100.0,0.0,5.0,1.8,1.0,27.0
33.0,5.0,0.0,23.0,26.0,112.63221013617,14.135143501497,0.0,714.29437621376,-1.0,-1.0,-1.0,100.0,35.0,5.0,1.8,1.0,19.0
33.0,12.0,0.0,-1.0,32.0,164.4582098197,-17.34937376084,0.0,52.656392944069,-1.0,-1.0,-1.0,100.0,0.0,5.0,1.8,1.0,1.0
33.0,14.0,0.0,4.0,32.0,199.81683637967,-18.35392288921,0.0,15.877766947122,13.0,262.45424139966,-1.0,100.0,0.0,5.0,1.8,1.0,4.0
33.0,16.0,0.0,-1.0,32.0,312.70480958366,148.11088225405,0.0,29.408468415099,17.0,950.345236817,-1.0,100.0,0.0,5.0,1.8,1.0,25.0
33.0,17.0,0.0,16.0,29.0,282.38750439448,148.13979258958,0.0,987.2537052321,-1.0,-1.0,-1.0,100.0,35.0,5.0,1.8,1.0,25.0
33.0,21.0,-0.5,7.0,25.0,144.44367574668,22.102735284031,0.0,73.103549773744,-1.0,-1.0,-1.0,100.0,4.8009179033919,5.0,1.8,1.0,19.0
33.0,23.0,-0.1,34.0,18.0,141.66994244483,23.717444571641,0.0,69.910060965874,5.0,747.66431524788,95.343454455679,100.0,7.8418001478585,5.0,1.8,1.0,9.0
33.0,34.0,0.061336303199921,13.0,8.0,148.27623936624,32.404913751781,0.0,14.1413363032,23.0,48.268724662674,5.7728481324452,100.0,8.3613363031999,5.0,1.8,1.0,9.0
34.0,1.0,0.0,-1.0,28.0,149.54541607226,28.89427009032,0.0,25.471625137068,7.0,34.295590047104,-1.0,100.0,0.0,5.0,1.8,1.0,19.0
34.0,4.0,0.0,-1.0,32.0,159.30941464285,-25.455798497398,0.0,26.867872139509,14.0,140.72989480761,-1.0,100.0,0.0,5.0,1.8,1.0,27.0
34.0,5.0,0.0,23.0,27.0,111.83187680284,14.134910168164,0.0,749.29437621376,-1.0,-1.0,-1.0,100.0,35.0,5.0,1.8,1.0,19.0
34.0,12.0,0.0,-1.0,33.0,164.4582098197,-17.34937376084,0.0,52.656392944069,-1.0,-1.0,-1.0,100.0,0.0,5.0,1.8,1.0,1.0
34.0,14.0,0.0,4.0,33.0,199.81683637967,-18.35392288921,0.0,15.877766947122,13.0,273.76052801769,-1.0,100.0,0.0,5.0,1.8,1.0,4.0
34.0,16.0,0.0,-1.0,33.0,312.70480958366,148.11088225405,0.0,29.408468415099,17.0,985.345236817,-1.0,100.0,0.0,5.0,1.8,1.0,25.0
34.0,17.0,0.0,16.0,30.0,281.28640439448,148.14084258958,0.0,1022.2537052321,-1.0,-1.0,-1.0,100.0,35.0,5.0,1.8,1.0,25.0
34.0,21.0,-0.18068644038314,7.0,26.0,143.97518371739,21.429711417246,0.0,77.723781236753,-1.0,-1.0,-1.0,100.0,4.6202314630087,5.0,1.8,1.0,19.0
34.0,23.0,-0.1,34.0,19.0,140.80462109471,22.479941995658,0.0,77.651861113733,5.0,774.92251510002,100.09590796714,100.0,7.7418001478585,5.0,1.8,1.0,9.0
34.0,34.0,-0.1,13.0,9.0,147.25327023049,31.159408944714,0.0,22.4026726064,23.0,47.749188507333,5.7798383645074,100.0,8.2613363031999,5.0,1.8,1.0,9.0
35.0,1.0,0.0,13.0,29.0,146.88265931551,30.693828164606,0.0,25.471625137068,34.0,0.092383772531438,-1.0,100.0,0.0,5.0,1.8,1.0,9.0
35.0,4.0,0.0,-1.0,33.0,159.30941464285,-25.455798497398,0.0,26.867872139509,14.0,140.72989480761,-1.0,100.0,0.0,5.0,1.8,1.0,27.0
35.0,5.0,0.0,9.0,28.0,111.0315434695,14.134676834831,0.0,784.29437621376,-1.0,-1.0,-1.0,100.0,35.0,5.0,1.8,1.0,19.0
35.0,12.0,0.0,-1.0,34.0,164.4582098197,-17.34937376084,0.0,52.656392944069,-1.0,-1.0,-1.0,100.0,0.0,5.0,1.8,1.0,1.0
35.0,14.0,0.0,4.0,34.0,199.81683637967,-18.35392288921,0.0,15.877766947122,-1.0,-1.0,-1.0,100.0,0.0,5.0,1.8,1.0,4.0
35.0,16.0,0.0,-1.0,34.0,312.70480958366,148.11088225405,0.0,29.408468415099,17.0,1020.345236817,-1.0,100.0,0.0,5.0,1.8,1.0,25.0
35.0,17.0,0.0,16.0,31.0,280.18530439448,148.14189258958,0.0,1057.2537052321,-1.0,-1.0,-1.0,100.0,35.0,5.0,1.8,1.0,25.0
35.0,21.0,-0.32260357799063,7.0,27.0,143.53993431387,20.804491279593,0.0,82.021409121771,-1.0,-1.0,-1.0,100.0,4.2976278850181,5.0,1.8,1.0,19.0
35.0,23.0,-0.1,34.0,20.0,139.9730589088,21.243123977902,0.0,85.293661261591,9.0,264.990630104,34.676466928837,100.0,7.6418001478585,5.0,1.8,1.0,9.0
35.0,34.0,-0.1,13.0,10.0,146.26151844377,29.91361463059,0.0,30.5640089096,23.0,47.229652351991,5.7869998977341,100.0,8.1613363031999,5.0,1.8,1.0,9.0
36.0,1.0,0.0,13.0,30.0,146.88265931551,30.693828164606,0.0,25.471625137068,34.0,8.1537200757314,-1.0,100.0,0.0,5.0,1.8,1.0,9.0
36.0,4.0,0.0,-1.0,34.0,159.30941464285,-25.455798497398,0.0,26.867872139509,14.0,140.72989480761,-1.0,100.0,0.0,5.0,1.8,1.0,27.0
36.0,5.0,0.0,9.0,29.0,110.23121013617,14.134443501497,0.0,819.29437621376,-1.0,-1.0,-1.0,100.0,35.0,5.0,1.8,1.0,19.0
36.0,12.0,0.0,-1.0,35.0,164.4582098197,-17.34937376084,0.0,52.656392944069,-1.0,-1.0,-1.0,100.0,0.0,5.0,1.8,1.0,1.0
36.0,14.0,0.0,4.0,35.0,199.81683637967,-18.35392288921,0.0,15.877766947122,-1.0,-1.0,-1.0,100.0,0.0,5.0,1.8,1.0,4.0
36.0,16.0,0.0,-1.0,35.0,312.70480958366,148.11088225405,0.0,29.408468415099,17.0,1055.345236817,-1.0,100.0,0.0,5.0,1.8,1.0,25.0
36.0,17.0,0.0,16.0,32.0,279.08420439448,148.14294258958,0.0,1092.2537052321,-1.0,-1.0,-1.0,100.0,35.0,5.0,1.8,1.0,25.0
36.0,21.0,-0.5,7.0,28.0,143.15609265914,20.253116526939,0.0,85.819037006789,-1.0,-1.0,-1.0,100.0,3.7976278850181,5.0,1.8,1.0,19.0
36.0,23.0,-0.1,34.0,21.0,139.16555519931,20.013569994457,0.0,92.83546140945,9.0,275.13388422172,36.481195315132,100.0,7.5418001478585,5.0,1.8,1.0,9.0
36.0,34.0,-0.1,1.0,11.0,145.30324159155,28.666526820308,0.0,38.6253452128,23.0,46.71011619665,5.7943391070421,100.0,8.0613363031999,5.0,1.8,1.0,9.0
37.0,1.0,0.0,13.0,31.0,146.88265931551,30.693828164606,0.0,25.471625137068,34.0,16.115056378931,-1.0,100.0,0.0,5.0,1.8,1.0,9.0
37.0,4.0,0.0,-1.0,35.0,159.30941464285,-25.455798497398,0.0,26.867872139509,14.0,140.72989480761,-1.0,100.0,0.0,5.0,1.8,1.0,27.0
37.0,5.0,0.0,9.0,30.0,109.43087680284,14.134210168164,0.0,854.29437621376,-1.0,-1.0,-1.0,100.0,35.0,5.0,1.8,1.0,19.0
37.0,12.0,0.0,-1.0,36.0,164.4582098197,-17.34937376084,0.0,52.656392944069,-1.0,-1.0,-1.0,100.0,0.0,5.0,1.8,1.0,1.0
37.0,14.0,0.0,4.0,36.0,199.81683637967,-18.35392288921,0.0,15.877766947122,-1.0,-1.0,-1.0,100.0,0.0,5.0,1.8,1.0,4.0
37.0,16.0,0.0,-1.0,36.0,312.70480958366,148.11088225405,0.0,29.408468415099,17.0,1090.345236817,-1.0,100.0,0.0,5.0,1.8,1.0,25.0
37.0,17.0,0.0,16.0,33.0,277.98310439448,148.14399258958,0.0,1127.2537052321,-1.0,-1.0,-1.0,100.0,35.0,5.0,1.8,1.0,25.0
37.0,21.0,-0.5,7.0,29.0,142.83416527338,19.767118854043,0.0,89.116664891807,-1.0,-1.0,-1.0,100.0,3.2976278850181,5.0,1.8,1.0,19.0
37.0,23.0,-0.1,34.0,22.0,138.23682047857,18.621381503195,0.0,0.27726155730805,9.0,285.05403515498,38.304446436527,100.0,7.4418001478585,5.0,1.8,1.0,9.0
37.0,34.0,-0.1,1.0,12.0,144.36535526644,27.428306110191,0.0,46.586681516,23.0,46.190580041308,5.8018626876424,100.0,7.9613363031999,5.0,1.8,1.0,9.0
38.0,1.0,0.0,-1.0,32.0,146.88265931551,30.693828164606,0.0,25.471625137068,34.0,23.976392682131,-1.0,100.0,0.0,5.0,1.8,1.0,9.0
38.0,4.0,0.0,-1.0,36.0,159.30941464285,-25.455798497398,0.0,26.867872139509,14.0,140.72989480761,-1.0,100.0,0.0,5.0,1.8,1.0,27.0
38.0,5.0,0.0,9.0,31.0,108.6305434695,14.133976834831,0.0,889.29437621376,-1.0,-1.0,-1.0,100.0,35.0,5.0,1.8,1.0,19.0
38.0,12.0,0.0,-1.0,37.0,164.4582098197,-17.34937376084,0.0,52.656392944069,-1.0,-1.0,-1.0,100.0,0.0,5.0,1.8,1.0,1.0
38.0,14.0,0.0,4.0,37.0,199.81683637967,-18.35392288921,0.0,15.877766947122,-1.0,-1.0,-1.0,100.0,0.0,5.0,1.8,1.0,4.0
38.0,16.0,0.0,-1.0,37.0,312.70480958366,148.11088225405,0.0,29.408468415099,17.0,1125.345236817,-1.0,100.0,0.0,5.0,1.8,1.0,25.0
38.0,17.0,0.0,16.0,34.0,276.88200439448,148.14504258958,0.0,1162.2537052321,-1.0,-1.0,-1.0,100.0,35.0,5.0,1.8,1.0,25.0
38.0,21.0,-0.5,7.0,30.0,142.56211089406,19.354667971889,0.0,91.914292776825,-1.0,-1.0,-1.0,100.0,2.7976278850181,5.0,1.8,1.0,19.0
38.0,23.0,-0.1,34.0,23.0,132.39227492651,14.48567496893,0.0,7.6190617051665,9.0,295.22468629617,40.211484969703,100.0,7.3418001478585,5.0,1.8,1.0,9.0
38.0,34.0,-0.1,1.0,13.0,143.45438531623,26.194351890209,0.0,54.4480178192,23.0,45.671043885967,5.8095776754108,100.0,7.8613363031999,5.0,1.8,1.0,9.0
39.0,1.0,0.0,-1.0,33.0,146.88265931551,30.693828164606,0.0,25.471625137068,34.0,31.737728985331,-1.0,100.0,0.0,5.0,1.8,1.0,9.0
39.0,4.0,0.0,-1.0,37.0,159.30941464285,-25.455798497398,0.0,26.867872139509,14.0,140.72989480761,-1.0,100.0,0.0,5.0,1.8,1.0,27.0
39.0,5.0,0.0,9.0,32.0,107.83021013617,14.133743501497,0.0,924.29437621376,-1.0,-1.0,-1.0,100.0,35.0,5.0,1.8,1.0,19.0
39.0,12.0,0.0,-1.0,38.0,164.4582098197,-17.34937376084,0.0,52.656392944069,-1.0,-1.0,-1.0,100.0,0.0,5.0,1.8,1.0,1.0
39.0,14.0,0.0,4.0,38.0,199.81683637967,-18.35392288921,0.0,15.877766947122,-1.0,-1.0,-1.0,100.0,0.0,5.0,1.8,1.0,4.0
39.0,16.0,0.0,-1.0,38.0,312.70480958366,148.11088225405,0.0,29.408468415099,17.0,1160.345236817,-1.0,100.0,0.0,5.0,1.8,1.0,25.0
39.0,17.0,0.0,16.0,35.0,275.78090439448,148.14609258958,0.0,1197.2537052321,-1.0,-1.0,-1.0,100.0,35.0,5.0,1.8,1.0,25.0
39.0,21.0,-0.5,7.0,31.0,142.33884862801,19.016491304198,0.0,94.211920661843,-1.0,-1.0,-1.0,100.0,2.2976278850181,5.0,1.8,1.0,19.0
39.0,23.0,-0.1,-1.0,24.0,129.16081963694,10.932736235526,0.0,4.080861853025,-1.0,-1.0,-1.0,100.0,7.2418001478585,5.0,1.8,1.0,6.0
39.0,34.0,-0.1,1.0,14.0,142.55825166376,24.97367253658,0.0,62.209354122399,9.0,358.21549256723,46.153842402054,100.0,7.7613363031999,5.0,1.8,1.0,9.0
40.0,1.0,0.0,-1.0,34.0,146.88265931551,30.693828164606,0.0,25.471625137068,34.0,39.399065288531,-1.0,100.0,0.0,5.0,1.8,1.0,9.0
40.0,4.0,0.0,-1.0,38.0,159.30941464285,-25.455798497398,0.0,26.867872139509,14.0,140.72989480761,-1.0,100.0,0.0,5.0,1.8,1.0,27.0
40.0,5.0,0.0,9.0,33.0,107.02987680284,14.133510168164,0.0,959.29437621376,-1.0,-1.0,-1.0,100.0,35.0,5.0,1.8,1.0,19.0
40.0,12.0,0.0,13.0,39.0,164.4582098197,-17.34937376084,0.0,52.656392944069,-1.0,-1.0,-1.0,100.0,0.0,5.0,1.8,1.0,1.0
40.0,14.0,0.0,4.0,39.0,199.81683637967,-18.35392288921,0.0,15.877766947122,-1.0,-1.0,-1.0,100.0,0.0,5.0,1.8,1.0,4.0
40.0,16.0,0.0,-1.0,39.0,312.70480958366,148.11088225405,0.0,29.408468415099,17.0,1195.345236817,-1.0,100.0,0.0,5.0,1.8,1.0,25.0
40.0,17.0,0.0,16.0,36.0,274.67980439448,148.14714258958,0.0,1232.2537052321,-1.0,-1.0,-1.0,100.0,35.0,5.0,1.8,1.0,25.0
40.0,21.0,-0.5,7.0,32.0,142.16454736489,18.752476155637,0.0,96.009548546861,-1.0,-1.0,-1.0,100.0,1.7976278850181,5.0,1.8,1.0,19.0
40.0,23.0,0.0975271477364,-1.0,25.0,128.99177816356,10.939913054858,0.0,11.42018914862,-1.0,-1.0,-1.0,100.0,7.3393272955949,5.0,1.8,1.0,6.0
40.0,34.0,-0.1,1.0,15.0,141.69507171488,23.753382129885,0.0,69.870690425599,9.0,367.85926437721,48.01502633732,100.0,7.6613363031999,5.0,1.8,1.0,9.0
41.0,1.0,0.0,-1.0,35.0,146.88265931551,30.693828164606,0.0,25.471625137068,34.0,46.960401591731,-1.0,100.0,0.0,5.0,1.8,1.0,9.0
41.0,4.0,0.0,-1.0,39.0,159.30941464285,-25.455798497398,0.0,26.867872139509,14.0,140.72989480761,-1.0,100.0,0.0,5.0,1.8,1.0,27.0
41.0,5.0,0.0,9.0,34.0,106.2295434695,14.133276834831,0.0,994.29437621376,-1.0,-1.0,-1.0,100.0,35.0,5.0,1.8,1.0,19.0
41.0,12.0,0.0,-1.0,40.0,164.4582098197,-17.34937376084,0.0,52.656392944069,-1.0,-1.0,-1.0,100.0,0.0,5.0,1.8,1.0,1.0
41.0,14.0,0.0,4.0,40.0,199.81683637967,-18.35392288921,0.0,15.877766947122,-1.0,-1.0,-1.0,100.0,0.0,5.0,1.8,1.0,4.0
41.0,16.0,0.0,-1.0,40.0,312.70480958366,148.11088225405,0.0,29.408468415099,17.0,1230.345236817,-1.0,100.0,0.0,5.0,1.8,1.0,25.0
41.0,17.0,0.0,16.0,37.0,273.57870439448,148.14819258958,0.0,1267.2537052321,-1.0,-1.0,-1.0,100.0,35.0,5.0,1.8,1.0,25.0
41.0,21.0,-0.5,7.0,33.0,142.03920710468,18.562622526206,0.0,97.30717643188,-1.0,-1.0,-1.0,100.0,1.2976278850181,5.0,1.8,1.0,19.0
41.0,23.0,1.8216963345185,-1.0,26.0,128.77309240929,10.939849298079,0.0,20.581212778733,-1.0,-1.0,-1.0,100.0,9.1610236301134,5.0,1.8,1.0,6.0
41.0,34.0,-0.1,1.0,16.0,140.84966430791,22.544358633889,0.0,77.432026728799,9.0,377.57517310106,49.93497947463,100.0,7.5613363031999,5.0,1.8,1.0,9.0
42.0,1.0,0.0,-1.0,36.0,146.88265931551,30.693828164606,0.0,25.471625137068,34.0,54.421737894931,-1.0,100.0,0.0,5.0,1.8,1.0,9.0
42.0,4.0,0.0,-1.0,40.0,159.30941464285,-25.455798497398,0.0,26.867872139509,14.0,140.72989480761,-1.0,100.0,0.0,5.0,1.8,1.0,27.0
42.0,5.0,0.0,9.0,35.0,105.42921013617,14.133043501497,0.0,1029.2943762138,-1.0,-1.0,-1.0,100.0,35.0,5.0,1.8,1.0,19.0
42.0,12.0,0.0,-1.0,41.0,164.4582098197,-17.34937376084,0.0,52.656392944069,-1.0,-1.0,-1.0,100.0,0.0,5.0,1.8,1.0,1.0
42.0,14.0,0.0,4.0,41.0,199.81683637967,-18.35392288921,0.0,15.877766947122,-1.0,-1.0,-1.0,100.0,0.0,5.0,1.8,1.0,4.0
42.0,16.0,0.0,-1.0,41.0,312.70480958366,148.11088225405,0.0,29.408468415099,17.0,1265.345236817,-1.0,100.0,0.0,5.0,1.8,1.0,25.0
42.0,17.0,0.0,16.0,38.0,272.47760439448,148.14924258958,0.0,1302.2537052321,-1.0,-1.0,-1.0,100.0,35.0,5.0,1.8,1.0,25.0
42.0,21.0,-0.5,7.0,34.0,141.96282784739,18.446930415905,0.0,98.104804316898,-1.0,-1.0,-1.0,100.0,0.7976278850181,5.0,1.8,1.0,19.0
42.0,23.0,1.9837794743944,-1.0,27.0,128.50822534514,10.93977207736,0.0,31.726015883241,-1.0,-1.0,-1.0,100.0,11.144803104508,5.0,1.8,1.0,6.0
42.0,34.0,-0.1,1.0,17.0,140.03534651836,21.337830324976,0.0,84.893363031999,9.0,388.3785311477,52.05214124729,100.0,7.4613363031999,5.0,1.8,1.0,9.0
43.0,1.0,0.0,-1.0,37.0,146.88265931551,30.693828164606,0.0,25.471625137068,34.0,61.783074198131,-1.0,100.0,0.0,5.0,1.8,1.0,9.0
43.0,4.0,0.0,-1.0,41.0,159.30941464285,-25.455798497398,0.0,26.867872139509,14.0,140.72989480761,-1.0,100.0,0.0,5.0,1.8,1.0,27.0
43.0,5.0,0.0,9.0,36.0,104.62887680284,14.132810168164,0.0,1064.2943762138,-1.0,-1.0,-1.0,100.0,35.0,5.0,1.8,1.0,19.0
43.0,12.0,0.0,-1.0,42.0,164.4582098197,-17.34937376084,0.0,52.656392944069,-1.0,-1.0,-1.0,100.0,0.0,5.0,1.8,1.0,1.0
43.0,14.0,0.0,4.0,42.0,199.81683637967,-18.35392288921,0.0,15.877766947122,-1.0,-1.0,-1.0,100.0,0.0,5.0,1.8,1.0,4.0
43.0,16.0,0.0,-1.0,42.0,312.70480958366,148.11088225405,0.0,29.408468415099,17.0,1300.345236817,-1.0,100.0,0.0,5.0,1.8,1.0,25.0
43.0,17.0,0.0,16.0,39.0,271.37650439448,148.15029258958,0.0,1337.2537052321,-1.0,-1.0,-1.0,100.0,35.0,5.0,1.8,1.0,25.0
43.0,21.0,-0.5,7.0,35.0,141.93540959303,18.405399824734,0.0,98.402432201916,-1.0,-1.0,-1.0,100.0,0.2976278850181,5.0,1.8,1.0,19.0
43.0,23.0,3.9203837339301,-1.0,28.0,128.14392794783,10.939665868206,0.0,46.791202721679,-1.0,-1.0,-1.0,100.0,15.065186838438,5.0,1.8,1.0,6.0
43.0,34.0,-0.1,1.0,18.0,139.246863573,20.137359709448,0.0,92.254699335199,9.0,398.92314484616,54.191675045841,100.0,7.3613363031999,5.0,1.8,1.0,9.0
44.0,1.0,0.0,-1.0,38.0,146.88265931551,30.693828164606,0.0,25.471625137068,7.0,60.354898206507,-1.0,100.0,0.0,5.0,1.8,1.0,9.0
44.0,4.0,0.0,-1.0,42.0,159.30941464285,-25.455798497398,0.0,26.867872139509,14.0,140.72989480761,-1.0,100.0,0.0,5.0,1.8,1.0,27.0
44.0,5.0,0.0,9.0,37.0,103.8285434695,14.132576834831,0.0,1099.2943762138,-1.0,-1.0,-1.0,100.0,35.0,5.0,1.8,1.0,19.0
44.0,12.0,0.0,-1.0,43.0,164.4582098197,-17.34937376084,0.0,52.656392944069,-1.0,-1.0,-1.0,100.0,0.0,5.0,1.8,1.0,1.0
44.0,14.0,0.0,4.0,43.0,199.81683637967,-18.35392288921,0.0,15.877766947122,-1.0,-1.0,-1.0,100.0,0.0,5.0,1.8,1.0,4.0
44.0,16.0,0.0,-1.0,43.0,312.70480958366,148.11088225405,0.0,29.408468415099,17.0,1335.345236817,-1.0,100.0,0.0,5.0,1.8,1.0,25.0
44.0,17.0,0.0,16.0,40.0,270.27540439448,148.15134258958,0.0,1372.2537052321,-1.0,-1.0,-1.0,100.0,35.0,5.0,1.8,1.0,25.0
44.0,21.0,0.67385713626139,-1.0,36.0,141.83795358849,18.257782641387,0.0,99.373917223195,-1.0,-1.0,-1.0,100.0,0.97148502127949,5.0,1.8,1.0,19.0
44.0,23.0,0.754925935762,-1.0,29.0,127.7783606215,10.939559288811,0.0,62.611315495879,-1.0,-1.0,-1.0,100.0,15.8201127742,5.0,1.8,1.0,6.0
44.0,34.0,-0.1,1.0,19.0,138.47812231374,18.947423539763,0.0,99.516035638399,9.0,409.81909178174,56.438522424742,100.0,7.2613363031999,5.0,1.8,1.0,9.0
45.0,1.0,0.0,-1.0,39.0,146.88265931551,30.693828164606,0.0,25.471625137068,7.0,62.142951315268,-1.0,100.0,0.0,5.0,1.8,1.0,9.0
45.0,4.0,0.0,-1.0,43.0,159.30941464285,-25.455798497398,0.0,26.867872139509,14.0,140.72989480761,-1.0,100.0,0.0,5.0,1.8,1.0,27.0
45.0,5.0,0.0,9.0,38.0,103.02821013617,14.132343501497,0.0,1134.2943762138,-1.0,-1.0,-1.0,100.0,35.0,5.0,1.8,1.0,19.0
45.0,12.0,0.0,-1.0,44.0,164.4582098197,-17.34937376084,0.0,52.656392944069,-1.0,-1.0,-1.0,100.0,0.0,5.0,1.8,1.0,1.0
45.0,14.0,0.0,4.0,44.0,199.81683637967,-18.35392288921,0.0,15.877766947122,-1.0,-1.0,-1.0,100.0,0.0,5.0,1.8,1.0,4.0
45.0,16.0,0.0,-1.0,44.0,312.70480958366,148.11088225405,0.0,29.408468415099,17.0,1370.345236817,-1.0,100.0,0.0,5.0,1.8,1.0,25.0
45.0,17.0,0.0,16.0,41.0,269.17430439448,148.15239258958,0.0,1407.2537052321,-1.0,-1.0,-1.0,100.0,35.0,5.0,1.8,1.0,25.0
45.0,21.0,-0.45447181643855,-1.0,37.0,141.78889551433,18.183474087888,0.0,99.890930428036,-1.0,-1.0,-1.0,100.0,0.51701320484095,5.0,1.8,1.0,19.0
45.0,23.0,2.2548628412187,-1.0,30.0,127.35365402938,10.939435467647,0.0,80.686291111297,-1.0,-1.0,-1.0,100.0,18.074975615419,5.0,1.8,1.0,6.0
45.0,34.0,-0.1,7.0,20.0,133.3098395782,14.817139006093,0.0,6.677371941599,9.0,420.09720422501,58.661845560485,100.0,7.1613363031999,5.0,1.8,1.0,9.0
46.0,1.0,0.0,-1.0,40.0,146.88265931551,30.693828164606,0.0,25.471625137068,7.0,65.437742297887,-1.0,100.0,0.0,5.0,1.8,1.0,9.0
46.0,4.0,0.0,-1.0,44.0,159.30941464285,-25.455798497398,0.0,26.867872139509,14.0,140.72989480761,-1.0,100.0,0.0,5.0,1.8,1.0,27.0
46.0,5.0,0.0,9.0,39.0,102.22787680284,14.132110168164,0.0,1169.2943762138,-1.0,-1.0,-1.0,100.0,35.0,5.0,1.8,1.0,19.0
46.0,12.0,0.0,-1.0,45.0,164.4582098197,-17.34937376084,0.0,52.656392944069,-1.0,-1.0,-1.0,100.0,0.0,5.0,1.8,1.0,1.0
46.0,14.0,0.0,4.0,45.0,199.81683637967,-18.35392288921,0.0,15.877766947122,-1.0,-1.0,-1.0,100.0,0.0,5.0,1.8,1.0,4.0
46.0,16.0,0.0,-1.0,45.0,312.70480958366,148.11088225405,0.0,29.408468415099,17.0,1405.345236817,-1.0,100.0,0.0,5.0,1.8,1.0,25.0
46.0,17.0,0.0,16.0,42.0,268.07320439448,148.15344258958,0.0,1442.2537052321,-1.0,-1.0,-1.0,100.0,35.0,5.0,1.8,1.0,25.0
46.0,21.0,-0.5,-1.0,38.0,141.78895561232,18.183565118661,0.0,99.907943632877,-1.0,-1.0,-1.0,100.0,0.017013204840945,5.0,1.8,1.0,19.0
46.0,23.0,2.2798683785368,34.0,31.0,126.87668811258,10.939296410528,0.0,101.04113510525,-1.0,-1.0,-1.0,100.0,20.354843993955,5.0,1.8,1.0,6.0
46.0,34.0,-0.1,7.0,21.0,129.21923690276,10.939310889189,0.0,2.958708244799,23.0,90.582426860453,12.827944028017,100.0,7.0613363031999,5.0,1.8,1.0,6.0
47.0,1.0,0.0,-1.0,41.0,146.88265931551,30.693828164606,0.0,25.471625137068,7.0,68.232533280506,-1.0,100.0,0.0,5.0,1.8,1.0,9.0
47.0,4.0,0.0,-1.0,45.0,159.30941464285,-25.455798497398,0.0,26.867872139509,14.0,140.72989480761,-1.0,100.0,0.0,5.0,1.8,1.0,27.0
47.0,5.0,0.0,9.0,40.0,101.4275434695,14.131876834831,0.0,1204.2943762138,-1.0,-1.0,-1.0,100.0,35.0,5.0,1.8,1.0,19.0
47.0,12.0,0.0,-1.0,46.0,164.4582098197,-17.34937376084,0.0,52.656392944069,-1.0,-1.0,-1.0,100.0,0.0,5.0,1.8,1.0,1.0
47.0,14.0,0.0,4.0,46.0,199.81683637967,-18.35392288921,0.0,15.877766947122,-1.0,-1.0,-1.0,100.0,0.0,5.0,1.8,1.0,4.0
47.0,16.0,0.0,-1.0,46.0,312.70480958366,148.11088225405,0.0,29.408468415099,17.0,1440.345236817,-1.0,100.0,0.0,5.0,1.8,1.0,25.0
47.0,17.0,0.0,16.0,43.0,266.97210439448,148.15449258958,0.0,1477.2537052321,-1.0,-1.0,-1.0,100.0,35.0,5.0,1.8,1.0,25.0
47.0,21.0,0.041332759179583,-1.0,39.0,141.78309957242,18.17469494058,0.0,99.966289596898,-1.0,-1.0,-1.0,100.0,0.058345964020528,5.0,1.8,1.0,19.0
47.0,23.0,0.026156209778211,34.0,32.0,126.41051042665,10.939160498667,0.0,121.42213530899,-1.0,-1.0,-1.0,100.0,20.381000203734,5.0,1.8,1.0,6.0
47.0,34.0,4.7411313548218,-1.0,22.0,128.9471483564,10.939900043253,0.0,14.761175902821,23.0,99.160959406165,8.4017141397349,100.0,11.802467658022,5.0,1.8,1.0,6.0
48.0,1.0,0.0,-1.0,42.0,146.88265931551,30.693828164606,0.0,25.471625137068,7.0,71.068657022304,-1.0,100.0,0.0,5.0,1.8,1.0,9.0
48.0,4.0,0.0,-1.0,46.0,159.30941464285,-25.455798497398,0.0,26.867872139509,14.0,140.72989480761,-1.0,100.0,0.0,5.0,1.8,1.0,27.0
48.0,5.0,0.0,9.0,41.0,100.62721013617,14.131643501497,0.0,1239.2943762138,-1.0,-1.0,-1.0,100.0,35.0,5.0,1.8,1.0,19.0
48.0,12.0,0.0,-1.0,47.0,164.4582098197,-17.34937376084,0.0,52.656392944069,-1.0,-1.0,-1.0,100.0,0.0,5.0,1.8,1.0,1.0
48.0,14.0,0.0,4.0,47.0,199.81683637967,-18.35392288921,0.0,15.877766947122,-1.0,-1.0,-1.0,100.0,0.0,5.0,1.8,1.0,4.0
48.0,16.0,0.0,-1.0,47.0,312.70480958366,148.11088225405,0.0,29.408468415099,17.0,1475.345236817,-1.0,100.0,0.0,5.0,1.8,1.0,25.0
48.0,17.0,0.0,16.0,44.0,265.87100439448,148.15554258958,0.0,1512.2537052321,-1.0,-1.0,-1.0,100.0,35.0,5.0,1.8,1.0,25.0
48.0,21.0,-0.030902966087763,-1.0,40.0,141.78051898008,18.170786102183,0.0,99.99373259483,-1.0,-1.0,-1.0,100.0,0.027442997932766,5.0,1.8,1.0,19.0
48.0,23.0,1.5574194444343,34.0,33.0,125.90098341191,10.939011948517,0.0,143.36055495715,-1.0,-1.0,-1.0,100.0,21.938419648168,5.0,1.8,1.0,6.0
48.0,34.0,1.4152381464373,-1.0,23.0,128.64426642935,10.939811739484,0.0,27.97888170728,23.0,107.88167324987,8.1619060709824,100.0,13.217705804459,5.0,1.8,1.0,6.0
49.0,1.0,0.0,-1.0,43.0,146.88265931551,30.693828164606,0.0,25.471625137068,21.0,69.522107457762,-1.0,100.0,0.0,5.0,1.8,1.0,9.0
49.0,4.0,0.0,-1.0,47.0,159.30941464285,-25.455798497398,0.0,26.867872139509,14.0,140.72989480761,-1.0,100.0,0.0,5.0,1.8,1.0,27.0
49.0,5.0,0.0,9.0,42.0,99.826876802838,14.131410168164,0.0,1274.2943762138,-1.0,-1.0,-1.0,100.0,35.0,5.0,1.8,1.0,19.0
49.0,12.0,0.0,-1.0,48.0,164.4582098197,-17.34937376084,0.0,52.656392944069,-1.0,-1.0,-1.0,100.0,0.0,5.0,1.8,1.0,1.0
49.0,14.0,0.0,4.0,48.0,199.81683637967,-18.35392288921,0.0,15.877766947122,-1.0,-1.0,-1.0,100.0,0.0,5.0,1.8,1.0,4.0
49.0,16.0,0.0,-1.0,48.0,312.70480958366,148.11088225405,0.0,29.408468415099,17.0,1510.345236817,-1.0,100.0,0.0,5.0,1.8,1.0,25.0
49.0,17.0,0.0,16.0,45.0,264.76990439448,148.15659258958,0.0,1547.2537052321,-1.0,-1.0,-1.0,100.0,35.0,5.0,1.8,1.0,25.0
49.0,21.0,-0.027442997932766,-1.0,41.0,138.43064603958,18.871038277897,0.0,99.99373259483,7.0,1.7522831038416,-1.0,100.0,0.0,5.0,1.8,1.0,9.0
49.0,23.0,0.60175114194863,34.0,34.0,125.38252463759,10.938860794355,0.0,165.90072574727,-1.0,-1.0,-1.0,100.0,22.540170790116,5.0,1.8,1.0,6.0
49.0,34.0,3.683525522938,-1.0,24.0,128.2561335067,10.939698581197,0.0,44.880113034677,23.0,113.52061271259,6.716706641875,100.0,16.901231327397,5.0,1.8,1.0,6.0
50.0,1.0,0.0,-1.0,44.0,146.88265931551,30.693828164606,0.0,25.471625137068,21.0,71.23927909757,-1.0,100.0,0.0,5.0,1.8,1.0,9.0
50.0,4.0,0.0,-1.0,48.0,159.30941464285,-25.455798497398,0.0,26.867872139509,14.0,140.72989480761,-1.0,100.0,0.0,5.0,1.8,1.0,27.0
50.0,5.0,0.0,9.0,43.0,99.026543469505,14.131176834831,0.0,1309.2943762138,-1.0,-1.0,-1.0,100.0,35.0,5.0,1.8,1.0,19.0
50.0,12.0,0.0,-1.0,49.0,164.4582098197,-17.34937376084,0.0,52.656392944069,-1.0,-1.0,-1.0,100.0,0.0,5.0,1.8,1.0,1.0
50.0,14.0,0.0,4.0,49.0,199.81683637967,-18.35392288921,0.0,15.877766947122,-1.0,-1.0,-1.0,100.0,0.0,5.0,1.8,1.0,4.0
50.0,16.0,0.0,-1.0,49.0,312.70480958366,148.11088225405,0.0,29.408468415099,17.0,1545.345236817,-1.0,100.0,0.0,5.0,1.8,1.0,25.0
50.0,17.0,0.0,16.0,46.0,263.66880439448,148.15764258958,0.0,1582.2537052321,-1.0,-1.0,-1.0,100.0,35.0,5.0,1.8,1.0,25.0
50.0,21.0,1.7171716398081,1.0,42.0,137.36075632426,17.519890622505,0.0,1.7109042346385,7.0,7.6045693080922,4.4285435024668,100.0,1.7171716398081,5.0,1.8,1.0,9.0
50.0,23.0,-0.1,34.0,35.0,124.86989795802,10.938711340512,0.0,188.34089653739,-1.0,-1.0,-1.0,100.0,22.440170790116,5.0,1.8,1.0,6.0
50.0,34.0,-0.1,-1.0,25.0,127.87199036428,10.939586586112,0.0,61.681344362074,23.0,119.15955217531,7.0923106677904,100.0,16.801231327397,5.0,1.8,1.0,6.0
51.0,1.0,0.0,-1.0,45.0,146.88265931551,30.693828164606,0.0,25.471625137068,21.0,72.456450737378,-1.0,100.0,0.0,5.0,1.8,1.0,9.0
51.0,4.0,0.0,-1.0,49.0,159.30941464285,-25.455798497398,0.0,26.867872139509,14.0,140.72989480761,-1.0,100.0,0.0,5.0,1.8,1.0,27.0
51.0,5.0,0.0,9.0,44.0,98.226210136171,14.130943501497,0.0,1344.2943762138,-1.0,-1.0,-1.0,100.0,35.0,5.0,1.8,1.0,19.0
51.0,12.0,0.0,13.0,50.0,164.4582098197,-17.34937376084,0.0,52.656392944069,-1.0,-1.0,-1.0,100.0,0.0,5.0,1.8,1.0,1.0
51.0,14.0,0.0,4.0,50.0,199.81683637967,-18.35392288921,0.0,15.877766947122,-1.0,-1.0,-1.0,100.0,0.0,5.0,1.8,1.0,4.0
51.0,16.0,0.0,-1.0,50.0,312.70480958366,148.11088225405,0.0,29.408468415099,17.0,1580.345236817,-1.0,100.0,0.0,5.0,1.8,1.0,25.0
51.0,17.0,0.0,16.0,47.0,262.56770439448,148.15869258958,0.0,1617.2537052321,-1.0,-1.0,-1.0,100.0,35.0,5.0,1.8,1.0,25.0
51.0,21.0,-0.5,1.0,43.0,136.55082188099,16.626493938869,0.0,2.9280758744465,7.0,15.812569226769,12.991240273445,100.0,1.2171716398081,5.0,1.8,1.0,9.0
51.0,23.0,-0.091912902519105,34.0,36.0,124.35933216206,10.938562487511,0.0,210.68915442498,-1.0,-1.0,-1.0,100.0,22.348257887597,5.0,1.8,1.0,6.0
51.0,34.0,-0.1,-1.0,26.0,127.49013388852,10.939475257693,0.0,78.382575689471,23.0,124.80657873551,7.4728968355032,100.0,16.701231327397,5.0,1.8,1.0,6.0
52.0,1.0,0.0,-1.0,46.0,146.88265931551,30.693828164606,0.0,25.471625137068,21.0,76.000525781874,-1.0,100.0,0.0,5.0,1.8,1.0,9.0
52.0,4.0,0.0,-1.0,50.0,159.30941464285,-25.455798497398,0.0,26.867872139509,14.0,140.72989480761,-1.0,100.0,0.0,5.0,1.8,1.0,27.0
52.0,5.0,0.0,9.0,45.0,97.425876802838,14.130710168164,0.0,1379.2943762138,-1.0,-1.0,-1.0,100.0,35.0,5.0,1.8,1.0,19.0
52.0,12.0,0.0,13.0,51.0,164.4582098197,-17.34937376084,0.0,52.656392944069,-1.0,-1.0,-1.0,100.0,0.0,5.0,1.8,1.0,1.0
52.0,14.0,0.0,4.0,51.0,199.81683637967,-18.35392288921,0.0,15.877766947122,-1.0,-1.0,-1.0,100.0,0.0,5.0,1.8,1.0,4.0
52.0,16.0,0.0,-1.0,51.0,312.70480958366,148.11088225405,0.0,29.408468415099,17.0,1615.345236817,-1.0,100.0,0.0,5.0,1.8,1.0,25.0
52.0,17.0,0.0,16.0,48.0,261.46660439448,148.15974258958,0.0,1652.2537052321,-1.0,-1.0,-1.0,100.0,35.0,5.0,1.8,1.0,25.0
52.0,21.0,2.3269034046873,1.0,44.0,133.48776898094,14.874987202036,0.0,6.4721509189418,7.0,24.08380355372,6.7955117347549,100.0,3.5440750444953,5.0,1.8,1.0,9.0
52.0,23.0,-0.1,34.0,37.0,123.85109389087,10.938414313088,0.0,232.93741231258,-1.0,-1.0,-1.0,100.0,22.248257887597,5.0,1.8,1.0,6.0
52.0,34.0,0.3348601551312,-1.0,27.0,127.10042452957,10.939361639805,0.0,95.418667171999,23.0,130.01874514058,7.6319586140944,100.0,17.036091482528,5.0,1.8,1.0,6.0
53.0,1.0,0.0,-1.0,47.0,146.88265931551,30.693828164606,0.0,25.471625137068,21.0,82.377995021702,-1.0,100.0,0.0,5.0,1.8,1.0,9.0
53.0,4.0,0.0,-1.0,51.0,159.30941464285,-25.455798497398,0.0,26.867872139509,14.0,140.72989480761,-1.0,100.0,0.0,5.0,1.8,1.0,27.0
53.0,5.0,0.0,9.0,46.0,96.625543469505,14.130476834831,0.0,1414.2943762138,-1.0,-1.0,-1.0,100.0,35.0,5.0,1.8,1.0,19.0
53.0,12.0,0.0,13.0,52.0,164.4582098197,-17.34937376084,0.0,52.656392944069,-1.0,-1.0,-1.0,100.0,0.0,5.0,1.8,1.0,1.0
53.0,14.0,0.0,4.0,52.0,199.81683637967,-18.35392288921,0.0,15.877766947122,-1.0,-1.0,-1.0,100.0,0.0,5.0,1.8,1.0,4.0
53.0,16.0,0.0,-1.0,52.0,312.70480958366,148.11088225405,0.0,29.408468415099,17.0,1650.345236817,-1.0,100.0,0.0,5.0,1.8,1.0,25.0
53.0,17.0,0.0,16.0,49.0,260.36550439448,148.16079258958,0.0,1687.2537052321,-1.0,-1.0,-1.0,100.0,35.0,5.0,1.8,1.0,25.0
53.0,21.0,1.0648661643199,1.0,45.0,129.25660637218,10.928541576443,0.0,0.30109212775703,34.0,108.59418550832,23.561633917268,100.0,4.6089412088152,5.0,1.8,1.0,6.0
53.0,23.0,-0.1,34.0,38.0,123.34514228635,10.938266805331,0.0,255.08567020018,-1.0,-1.0,-1.0,100.0,22.148257887597,5.0,1.8,1.0,6.0
53.0,34.0,1.4405189815443,-1.0,28.0,126.67727760274,10.939238273354,0.0,113.89527763607,23.0,133.69039256411,7.2356557402163,100.0,18.476610464073,5.0,1.8,1.0,6.0
54.0,1.0,0.0,-1.0,48.0,146.88265931551,30.693828164606,0.0,25.471625137068,7.0,133.87722098609,-1.0,100.0,0.0,5.0,1.8,1.0,9.0
54.0,4.0,0.0,-1.0,52.0,159.30941464285,-25.455798497398,0.0,26.867872139509,14.0,140.72989480761,-1.0,100.0,0.0,5.0,1.8,1.0,27.0
54.0,5.0,0.0,9.0,47.0,95.825210136171,14.130243501497,0.0,1449.2943762138,-1.0,-1.0,-1.0,100.0,35.0,5.0,1.8,1.0,19.0
54.0,12.0,0.0,13.0,53.0,164.4582098197,-17.34937376084,0.0,52.656392944069,-1.0,-1.0,-1.0,100.0,0.0,5.0,1.8,1.0,1.0
54.0,14.0,0.0,4.0,53.0,199.81683637967,-18.35392288921,0.0,15.877766947122,-1.0,-1.0,-1.0,100.0,0.0,5.0,1.8,1.0,4.0
54.0,16.0,0.0,-1.0,53.0,312.70480958366,148.11088225405,0.0,29.408468415099,17.0,1685.345236817,-1.0,100.0,0.0,5.0,1.8,1.0,25.0
54.0,17.0,0.0,16.0,50.0,259.26440439448,148.16184258958,0.0,1722.2537052321,-1.0,-1.0,-1.0,100.0,35.0,5.0,1.8,1.0,25.0
54.0,21.0,3.7624370791018,1.0,46.0,129.03923679974,10.939926891195,0.0,8.672470415674,34.0,118.59941768447,14.167251031488,100.0,8.371378287917,5.0,1.8,1.0,6.0
54.0,23.0,-0.1,34.0,39.0,122.84147734849,10.938119964242,0.0,277.13392808778,-1.0,-1.0,-1.0,100.0,22.048257887597,5.0,1.8,1.0,6.0
54.0,34.0,-0.1,21.0,29.0,126.25711079073,10.939115775741,0.0,132.27188810014,23.0,137.36203998763,7.4748300431237,100.0,18.376610464073,5.0,1.8,1.0,6.0
55.0,1.0,0.0,-1.0,49.0,146.88265931551,30.693828164606,0.0,25.471625137068,7.0,151.18865129082,-1.0,100.0,0.0,5.0,1.8,1.0,9.0
55.0,4.0,0.0,-1.0,53.0,159.30941464285,-25.455798497398,0.0,26.867872139509,14.0,140.72989480761,-1.0,100.0,0.0,5.0,1.8,1.0,27.0
55.0,5.0,0.0,9.0,48.0,95.024876802838,14.130010168164,0.0,1484.2943762138,-1.0,-1.0,-1.0,100.0,35.0,5.0,1.8,1.0,19.0
55.0,12.0,0.0,13.0,54.0,164.4582098197,-17.34937376084,0.0,52.656392944069,-1.0,-1.0,-1.0,100.0,0.0,5.0,1.8,1.0,1.0
55.0,14.0,0.0,4.0,54.0,199.81683637967,-18.35392288921,0.0,15.877766947122,-1.0,-1.0,-1.0,100.0,0.0,5.0,1.8,1.0,4.0
55.0,16.0,0.0,-1.0,54.0,312.70480958366,148.11088225405,0.0,29.408468415099,17.0,1720.345236817,-1.0,100.0,0.0,5.0,1.8,1.0,25.0
55.0,17.0,0.0,16.0,51.0,258.16330439448,148.16289258958,0.0,1757.2537052321,-1.0,-1.0,-1.0,100.0,35.0,5.0,1.8,1.0,25.0
55.0,21.0,2.6438136328943,-1.0,47.0,128.77079068258,7.7398486270212,0.0,19.687662336485,-1.0,-1.0,-1.0,100.0,11.015191920811,5.0,1.8,1.0,16.0
55.0,23.0,-0.1,34.0,40.0,122.3400990773,10.937973789818,0.0,299.08218597537,-1.0,-1.0,-1.0,100.0,21.948257887597,5.0,1.8,1.0,6.0
55.0,34.0,-0.1,21.0,30.0,125.83923064538,10.938993944795,0.0,150.54849856422,23.0,141.03368741116,7.716621618018,100.0,18.276610464073,5.0,1.8,1.0,6.0
56.0,1.0,0.0,-1.0,50.0,146.88265931551,30.693828164606,0.0,25.471625137068,9.0,699.32208227924,-1.0,100.0,0.0,5.0,1.8,1.0,9.0
56.0,4.0,0.0,-1.0,54.0,159.30941464285,-25.455798497398,0.0,26.867872139509,14.0,140.72989480761,-1.0,100.0,0.0,5.0,1.8,1.0,27.0
56.0,5.0,0.0,-1.0,49.0,75.389787761417,14.214281849091,0.0,19.294376213755,-1.0,-1.0,-1.0,100.0,35.0,5.0,1.8,1.0,17.0
56.0,12.0,0.0,13.0,55.0,164.4582098197,-17.34937376084,0.0,52.656392944069,-1.0,-1.0,-1.0,100.0,0.0,5.0,1.8,1.0,1.0
56.0,14.0,0.0,4.0,55.0,199.81683637967,-18.35392288921,0.0,15.877766947122,-1.0,-1.0,-1.0,100.0,0.0,5.0,1.8,1.0,4.0
56.0,16.0,0.0,-1.0,55.0,312.70480958366,148.11088225405,0.0,29.408468415099,17.0,1755.345236817,-1.0,100.0,0.0,5.0,1.8,1.0,25.0
56.0,17.0,0.0,16.0,52.0,257.06220439448,148.16394258958,0.0,1792.2537052321,-1.0,-1.0,-1.0,100.0,35.0,5.0,1.8,1.0,25.0
56.0,21.0,1.8494545421563,-1.0,48.0,128.46503093632,7.739759484238,0.0,32.552308799453,-1.0,-1.0,-1.0,100.0,12.864646462968,5.0,1.8,1.0,16.0
56.0,23.0,-0.1,34.0,41.0,121.84100747277,10.937828282062,0.0,320.93044386297,-1.0,-1.0,-1.0,100.0,21.848257887597,5.0,1.8,1.0,6.0
56.0,34.0,-0.1,-1.0,31.0,125.4236371667,10.938872780515,0.0,168.72510902829,23.0,144.70533483468,7.9610736622596,100.0,18.176610464073,5.0,1.8,1.0,6.0
57.0,1.0,0.0,-1.0,51.0,146.88265931551,30.693828164606,0.0,25.471625137068,9.0,717.56820144232,-1.0,100.0,0.0,5.0,1.8,1.0,9.0
57.0,4.0,0.0,-1.0,55.0,159.30941464285,-25.455798497398,0.0,26.867872139509,14.0,140.72989480761,-1.0,100.0,0.0,5.0,1.8,1.0,27.0
57.0,5.0,0.0,-1.0,50.0,71.376965030094,14.234412684317,0.0,33.344376213755,-1.0,-1.0,-1.0,100.0,35.0,5.0,1.8,1.0,18.0
57.0,12.0,0.0,13.0,56.0,164.4582098197,-17.34937376084,0.0,52.656392944069,-1.0,-1.0,-1.0,100.0,0.0,5.0,1.8,1.0,1.0
57.0,14.0,0.0,4.0,56.0,199.81683637967,-18.35392288921,0.0,15.877766947122,-1.0,-1.0,-1.0,100.0,0.0,5.0,1.8,1.0,4.0
57.0,16.0,0.0,-1.0,56.0,312.70480958366,148.11088225405,0.0,29.408468415099,17.0,1790.345236817,-1.0,100.0,0.0,5.0,1.8,1.0,25.0
57.0,17.0,0.0,16.0,53.0,255.96110439448,148.16499258958,0.0,1827.2537052321,-1.0,-1.0,-1.0,100.0,35.0,5.0,1.8,1.0,25.0
57.0,21.0,3.727914378047,-1.0,49.0,128.06225631176,7.7396420572338,0.0,49.144869640467,-1.0,-1.0,-1.0,100.0,16.592560841015,5.0,1.8,1.0,16.0
57.0,23.0,-0.1,34.0,42.0,121.34420253492,10.937683440972,0.0,342.67870175057,-1.0,-1.0,-1.0,100.0,21.748257887597,5.0,1.8,1.0,6.0
57.0,34.0,-0.1,7.0,32.0,125.01033035469,10.938752282902,0.0,186.80171949236,23.0,148.37698225821,8.2082303290822,100.0,18.076610464073,5.0,1.8,1.0,6.0
58.0,1.0,0.0,-1.0,52.0,146.88265931551,30.693828164606,0.0,25.471625137068,9.0,736.02773824052,-1.0,100.0,0.0,5.0,1.8,1.0,9.0
58.0,4.0,0.0,-1.0,56.0,159.30941464285,-25.455798497398,0.0,26.867872139509,14.0,140.72989480761,-1.0,100.0,0.0,5.0,1.8,1.0,27.0
58.0,5.0,0.0,-1.0,51.0,68.901065030094,14.247712684317,0.0,68.344376213755,-1.0,-1.0,-1.0,100.0,35.0,5.0,1.8,1.0,18.0
58.0,12.0,0.0,13.0,57.0,164.4582098197,-17.34937376084,0.0,52.656392944069,-1.0,-1.0,-1.0,100.0,0.0,5.0,1.8,1.0,1.0
58.0,14.0,0.0,4.0,57.0,199.81683637967,-18.35392288921,0.0,15.877766947122,-1.0,-1.0,-1.0,100.0,0.0,5.0,1.8,1.0,4.0
58.0,16.0,0.0,-1.0,57.0,312.70480958366,148.11088225405,0.0,29.408468415099,-1.0,-1.0,-1.0,100.0,0.0,5.0,1.8,1.0,25.0
58.0,17.0,0.0,16.0,54.0,254.85466002875,144.96604260349,0.0,1862.2537052321,-1.0,-1.0,-1.0,100.0,35.0,5.0,1.8,1.0,2.0
58.0,21.0,2.8889343179762,-1.0,50.0,127.59867820304,7.7395069032662,0.0,68.626364799458,-1.0,-1.0,-1.0,100.0,19.481495158991,5.0,1.8,1.0,16.0
58.0,23.0,0.64356678342448,34.0,43.0,120.82892467843,10.937533214192,0.0,365.07052642159,-1.0,-1.0,-1.0,100.0,22.391824671022,5.0,1.8,1.0,6.0
58.0,34.0,-0.1,7.0,33.0,124.59931020934,10.938632451956,0.0,204.77832995644,23.0,152.79219646516,8.4994997677966,100.0,17.976610464073,5.0,1.8,1.0,6.0
59.0,1.0,0.0,-1.0,53.0,146.88265931551,30.693828164606,0.0,25.471625137068,9.0,754.4306182782,-1.0,100.0,0.0,5.0,1.8,1.0,9.0
59.0,4.0,0.0,-1.0,57.0,159.30941464285,-25.455798497398,0.0,26.867872139509,14.0,140.72989480761,-1.0,100.0,0.0,5.0,1.8,1.0,27.0
59.0,5.0,0.0,-1.0,52.0,66.425165030094,14.261012684317,0.0,103.34437621376,-1.0,-1.0,-1.0,100.0,35.0,5.0,1.8,1.0,18.0
59.0,12.0,0.0,13.0,58.0,164.4582098197,-17.34937376084,0.0,52.656392944069,-1.0,-1.0,-1.0,100.0,0.0,5.0,1.8,1.0,1.0
59.0,14.0,0.0,4.0,58.0,199.81683637967,-18.35392288921,0.0,15.877766947122,-1.0,-1.0,-1.0,100.0,0.0,5.0,1.8,1.0,4.0
59.0,16.0,0.0,-1.0,58.0,312.70480958366,148.11088225405,0.0,29.408468415099,-1.0,-1.0,-1.0,100.0,0.0,5.0,1.8,1.0,25.0
59.0,17.0,0.0,-1.0,55.0,253.75364752875,144.96709260349,0.0,1897.2537052321,-1.0,-1.0,-1.0,100.0,35.0,5.0,1.8,1.0,2.0
59.0,21.0,1.454996048956,-1.0,51.0,127.11081383997,7.739364668758,0.0,89.562856007405,-1.0,-1.0,-1.0,100.0,20.936491207947,5.0,1.8,1.0,16.0
59.0,23.0,-0.1,34.0,44.0,120.31969018012,10.937384749324,0.0,387.36235109261,-1.0,-1.0,-1.0,100.0,22.291824671022,5.0,1.8,1.0,6.0
59.0,34.0,-0.1,7.0,34.0,124.19057673066,10.938513287677,0.0,222.65494042051,23.0,157.2074106721,8.7940278716735,100.0,17.876610464073,5.0,1.8,1.0,6.0
60.0,1.0,0.0,-1.0,54.0,146.88265931551,30.693828164606,0.0,25.471625137068,9.0,772.82211428115,-1.0,100.0,0.0,5.0,1.8,1.0,9.0
60.0,4.0,0.0,-1.0,58.0,159.30941464285,-25.455798497398,0.0,26.867872139509,14.0,140.72989480761,-1.0,100.0,0.0,5.0,1.8,1.0,27.0
60.0,5.0,0.0,-1.0,53.0,63.949265030094,14.274312684317,0.0,138.34437621376,-1.0,-1.0,-1.0,100.0,35.0,5.0,1.8,1.0,18.0
60.0,12.0,0.0,13.0,59.0,164.4582098197,-17.34937376084,0.0,52.656392944069,-1.0,-1.0,-1.0,100.0,0.0,5.0,1.8,1.0,1.0
60.0,14.0,0.0,4.0,59.0,199.81683637967,-18.35392288921,0.0,15.877766947122,-1.0,-1.0,-1.0,100.0,0.0,5.0,1.8,1.0,4.0
60.0,16.0,0.0,-1.0,59.0,312.70480958366,148.11088225405,0.0,29.408468415099,-1.0,-1.0,-1.0,100.0,0.0,5.0,1.8,1.0,25.0
60.0,17.0,0.0,-1.0,56.0,252.65263502875,144.96814260349,0.0,1932.2537052321,-1.0,-1.0,-1.0,100.0,35.0,5.0,1.8,1.0,2.0
60.0,21.0,2.7846074835397,-1.0,52.0,126.55094381318,7.739201441345,0.0,113.28395469889,-1.0,-1.0,-1.0,100.0,23.721098691487,5.0,1.8,1.0,16.0
60.0,23.0,-0.1,34.0,45.0,119.81274234848,10.937236951122,0.0,409.55417576363,-1.0,-1.0,-1.0,100.0,22.191824671022,5.0,1.8,1.0,6.0
60.0,34.0,0.073437091801324,7.0,35.0,123.78008591962,10.938393611055,0.0,240.60498797638,23.0,161.44918778725,8.9943598915102,100.0,17.950047555874,5.0,1.8,1.0,6.0
61.0,1.0,0.0,-1.0,55.0,146.88265931551,30.693828164606,0.0,25.471625137068,9.0,791.34032326775,-1.0,100.0,0.0,5.0,1.8,1.0,9.0
61.0,4.0,0.0,-1.0,59.0,159.30941464285,-25.455798497398,0.0,26.867872139509,14.0,140.72989480761,-1.0,100.0,0.0,5.0,1.8,1.0,27.0
61.0,5.0,0.0,-1.0,54.0,61.473365030094,14.287612684317,0.0,173.34437621376,-1.0,-1.0,-1.0,100.0,35.0,5.0,1.8,1.0,18.0
61.0,12.0,0.0,13.0,60.0,164.4582098197,-17.34937376084,0.0,52.656392944069,-1.0,-1.0,-1.0,100.0,0.0,5.0,1.8,1.0,1.0
61.0,14.0,0.0,4.0,60.0,199.81683637967,-18.35392288921,0.0,15.877766947122,-1.0,-1.0,-1.0,100.0,0.0,5.0,1.8,1.0,4.0
61.0,16.0,0.0,-1.0,60.0,312.70480958366,148.11088225405,0.0,29.408468415099,-1.0,-1.0,-1.0,100.0,0.0,5.0,1.8,1.0,25.0
61.0,17.0,0.0,-1.0,57.0,251.55162252875,144.96919260349,0.0,1967.2537052321,-1.0,-1.0,-1.0,100.0,35.0,5.0,1.8,1.0,2.0
61.0,21.0,-0.47079709125683,-1.0,53.0,126.02223679921,7.7390472993583,0.0,136.53425629912,-1.0,-1.0,-1.0,100.0,23.25030160023,5.0,1.8,1.0,16.0
61.0,23.0,-0.1,34.0,46.0,119.30808118351,10.937089819587,0.0,431.64600043466,-1.0,-1.0,-1.0,100.0,22.091824671022,5.0,1.8,1.0,6.0
61.0,34.0,-0.1,7.0,36.0,123.37195984611,10.938274623862,0.0,258.45503553226,23.0,165.6909649024,9.2823822672605,100.0,17.850047555874,5.0,1.8,1.0,6.0
62.0,1.0,0.0,-1.0,56.0,146.88265931551,30.693828164606,0.0,25.471625137068,9.0,809.24923364106,-1.0,100.0,0.0,5.0,1.8,1.0,9.0
62.0,4.0,0.0,-1.0,60.0,159.30941464285,-25.455798497398,0.0,26.867872139509,14.0,140.72989480761,-1.0,100.0,0.0,5.0,1.8,1.0,27.0
62.0,5.0,0.0,-1.0,55.0,58.997465030094,14.300912684317,0.0,208.34437621376,-1.0,-1.0,-1.0,100.0,35.0,5.0,1.8,1.0,18.0
62.0,12.0,0.0,-1.0,61.0,164.4582098197,-17.34937376084,0.0,52.656392944069,-1.0,-1.0,-1.0,100.0,0.0,5.0,1.8,1.0,1.0
62.0,14.0,0.0,4.0,61.0,199.81683637967,-18.35392288921,0.0,15.877766947122,-1.0,-1.0,-1.0,100.0,0.0,5.0,1.8,1.0,4.0
62.0,16.0,0.0,-1.0,61.0,312.70480958366,148.11088225405,0.0,29.408468415099,-1.0,-1.0,-1.0,100.0,0.0,5.0,1.8,1.0,25.0
62.0,17.0,0.0,-1.0,58.0,250.45061002875,144.97024260349,0.0,2002.2537052321,-1.0,-1.0,-1.0,100.0,35.0,5.0,1.8,1.0,2.0
62.0,21.0,-0.5,-1.0,54.0,125.50514609582,7.7388965440513,0.0,159.28455789935,-1.0,-1.0,-1.0,100.0,22.75030160023,5.0,1.8,1.0,16.0
62.0,23.0,-0.1,34.0,47.0,118.80570668521,10.936943354719,0.0,453.63782510568,-1.0,-1.0,-1.0,100.0,21.991824671022,5.0,1.8,1.0,6.0
62.0,34.0,-0.1,7.0,37.0,122.96612043926,10.938156303335,0.0,276.20508308813,23.0,169.93274201755,9.5736499568596,100.0,17.750047555874,5.0,1.8,1.0,6.0
63.0,1.0,0.0,-1.0,57.0,146.88265931551,30.693828164606,0.0,25.471625137068,9.0,827.34451795278,-1.0,100.0,0.0,5.0,1.8,1.0,9.0
63.0,4.0,0.0,-1.0,61.0,159.30941464285,-25.455798497398,0.0,26.867872139509,14.0,140.72989480761,-1.0,100.0,0.0,5.0,1.8,1.0,27.0
63.0,5.0,0.0,-1.0,56.0,56.521565030094,14.314212684317,0.0,243.34437621376,-1.0,-1.0,-1.0,100.0,35.0,5.0,1.8,1.0,18.0
63.0,12.0,0.0,-1.0,62.0,164.4582098197,-17.34937376084,0.0,52.656392944069,-1.0,-1.0,-1.0,100.0,0.0,5.0,1.8,1.0,1.0
63.0,14.0,0.0,4.0,62.0,199.81683637967,-18.35392288921,0.0,15.877766947122,-1.0,-1.0,-1.0,100.0,0.0,5.0,1.8,1.0,4.0
63.0,16.0,0.0,-1.0,62.0,312.70480958366,148.11088225405,0.0,29.408468415099,-1.0,-1.0,-1.0,100.0,0.0,5.0,1.8,1.0,25.0
63.0,17.0,0.0,-1.0,59.0,249.34959752875,144.97129260349,0.0,2037.2537052321,-1.0,-1.0,-1.0,100.0,35.0,5.0,1.8,1.0,2.0
63.0,21.0,-0.5,-1.0,55.0,124.99948872576,7.7387491220775,0.0,181.53485949958,-1.0,-1.0,-1.0,100.0,22.25030160023,5.0,1.8,1.0,16.0
63.0,23.0,-0.1,34.0,48.0,118.30561885357,10.936797556517,0.0,475.5296497767,-1.0,-1.0,-1.0,100.0,21.891824671022,5.0,1.8,1.0,6.0
63.0,34.0,1.2192400822416,7.0,38.0,122.53180723405,10.938029681409,0.0,295.17437072624,23.0,172.85527905045,9.1123758755775,100.0,18.969287638116,5.0,1.8,1.0,6.0
64.0,1.0,0.0,-1.0,58.0,146.88265931551,30.693828164606,0.0,25.471625137068,9.0,845.27322462803,-1.0,100.0,0.0,5.0,1.8,1.0,9.0
64.0,4.0,0.0,-1.0,62.0,159.30941464285,-25.455798497398,0.0,26.867872139509,14.0,140.72989480761,-1.0,100.0,0.0,5.0,1.8,1.0,27.0
64.0,5.0,0.0,-1.0,57.0,54.045665030094,14.327512684317,0.0,278.34437621376,-1.0,-1.0,-1.0,100.0,35.0,5.0,1.8,1.0,18.0
64.0,12.0,0.0,-1.0,63.0,164.4582098197,-17.34937376084,0.0,52.656392944069,-1.0,-1.0,-1.0,100.0,0.0,5.0,1.8,1.0,1.0
64.0,14.0,0.0,4.0,63.0,199.81683637967,-18.35392288921,0.0,15.877766947122,-1.0,-1.0,-1.0,100.0,0.0,5.0,1.8,1.0,4.0
64.0,16.0,0.0,-1.0,63.0,312.70480958366,148.11088225405,0.0,29.408468415099,-1.0,-1.0,-1.0,100.0,0.0,5.0,1.8,1.0,25.0
64.0,17.0,0.0,-1.0,60.0,248.24858502875,144.97234260349,0.0,2072.2537052321,-1.0,-1.0,-1.0,100.0,35.0,5.0,1.8,1.0,2.0
64.0,21.0,-0.5,-1.0,56.0,124.50526468903,7.7386050334371,0.0,203.28516109981,-1.0,-1.0,-1.0,100.0,21.75030160023,5.0,1.8,1.0,16.0
64.0,23.0,-0.1,34.0,49.0,117.8078176886,10.936652424982,0.0,497.32147444772,-1.0,-1.0,-1.0,100.0,21.791824671022,5.0,1.8,1.0,6.0
64.0,34.0,-0.1,7.0,39.0,122.10037453732,10.937903899282,0.0,314.04365836436,23.0,175.77781608336,9.3155512520936,100.0,18.869287638116,5.0,1.8,1.0,6.0
65.0,1.0,0.0,-1.0,59.0,146.88265931551,30.693828164606,0.0,25.471625137068,9.0,862.76196715045,-1.0,100.0,0.0,5.0,1.8,1.0,9.0
65.0,4.0,0.0,-1.0,63.0,159.30941464285,-25.455798497398,0.0,26.867872139509,13.0,8.7701827148018,-1.0,100.0,0.0,5.0,1.8,1.0,27.0
65.0,5.0,0.0,-1.0,58.0,51.569765030094,14.340812684317,0.0,313.34437621376,-1.0,-1.0,-1.0,100.0,35.0,5.0,1.8,1.0,18.0
65.0,12.0,0.0,-1.0,64.0,164.4582098197,-17.34937376084,0.0,52.656392944069,-1.0,-1.0,-1.0,100.0,0.0,5.0,1.8,1.0,1.0
65.0,14.0,0.0,-1.0,64.0,199.81683637967,-18.35392288921,0.0,15.877766947122,-1.0,-1.0,-1.0,100.0,0.0,5.0,1.8,1.0,4.0
65.0,16.0,0.0,-1.0,64.0,312.70480958366,148.11088225405,0.0,29.408468415099,-1.0,-1.0,-1.0,100.0,0.0,5.0,1.8,1.0,25.0
65.0,17.0,0.0,-1.0,61.0,247.14757252875,144.97339260349,0.0,2107.2537052321,-1.0,-1.0,-1.0,100.0,35.0,5.0,1.8,1.0,2.0
65.0,21.0,-0.5,-1.0,57.0,124.02247398564,7.7384642781299,0.0,224.53546270004,-1.0,-1.0,-1.0,100.0,21.25030160023,5.0,1.8,1.0,16.0
65.0,23.0,0.45391051508487,34.0,50.0,117.29683860413,10.936503451488,0.0,519.56720963383,-1.0,-1.0,-1.0,100.0,22.245735186107,5.0,1.8,1.0,6.0
65.0,34.0,-0.1,7.0,40.0,121.67122850726,10.937778783821,0.0,332.81294600248,23.0,179.25426363135,9.550403141957,100.0,18.769287638116,5.0,1.8,1.0,6.0
66.0,1.0,0.0,-1.0,60.0,146.88265931551,30.693828164606,0.0,25.471625137068,9.0,881.01782166301,-1.0,100.0,0.0,5.0,1.8,1.0,9.0
66.0,4.0,0.0,-1.0,64.0,159.30941464285,-25.455798497398,0.0,26.867872139509,13.0,20.54910655636,-1.0,100.0,0.0,5.0,1.8,1.0,27.0
66.0,5.0,0.0,-1.0,59.0,49.093865030094,14.354112684317,0.0,348.34437621376,-1.0,-1.0,-1.0,100.0,35.0,5.0,1.8,1.0,18.0
66.0,12.0,0.0,-1.0,65.0,164.4582098197,-17.34937376084,0.0,52.656392944069,-1.0,-1.0,-1.0,100.0,0.0,5.0,1.8,1.0,1.0
66.0,14.0,0.0,-1.0,65.0,199.81683637967,-18.35392288921,0.0,15.877766947122,-1.0,-1.0,-1.0,100.0,0.0,5.0,1.8,1.0,4.0
66.0,16.0,0.0,-1.0,65.0,312.70480958366,148.11088225405,0.0,29.408468415099,-1.0,-1.0,-1.0,100.0,0.0,5.0,1.8,1.0,25.0
66.0,17.0,0.0,-1.0,62.0,246.04656002875,144.97444260349,0.0,2142.2537052321,-1.0,-1.0,-1.0,100.0,35.0,5.0,1.8,1.0,2.0
66.0,21.0,0.76957219839096,-1.0,58.0,123.51413094774,7.7383160731626,0.0,246.55533649866,-1.0,-1.0,-1.0,100.0,22.019873798621,5.0,1.8,1.0,16.0
66.0,23.0,-0.1,34.0,51.0,116.79094468538,10.93635596055,0.0,541.71294481993,-1.0,-1.0,-1.0,100.0,22.145735186107,5.0,1.8,1.0,6.0
66.0,34.0,0.35606713830494,7.0,41.0,121.23373511489,10.937651234727,0.0,351.9383007789,23.0,182.27464404104,9.5305235469809,100.0,19.12535477642,5.0,1.8,1.0,6.0
67.0,1.0,0.0,-1.0,61.0,146.88265931551,30.693828164606,0.0,25.471625137068,9.0,899.27470614753,-1.0,100.0,0.0,5.0,1.8,1.0,9.0
67.0,4.0,0.0,-1.0,65.0,159.30941464285,-25.455798497398,0.0,26.867872139509,13.0,32.508427161106,-1.0,100.0,0.0,5.0,1.8,1.0,27.0
67.0,5.0,0.0,-1.0,60.0,46.617965030094,14.367412684317,0.0,383.34437621376,-1.0,-1.0,-1.0,100.0,35.0,5.0,1.8,1.0,18.0
67.0,12.0,0.0,-1.0,66.0,164.4582098197,-17.34937376084,0.0,52.656392944069,-1.0,-1.0,-1.0,100.0,0.0,5.0,1.8,1.0,1.0
67.0,14.0,0.0,-1.0,66.0,199.81683637967,-18.35392288921,0.0,15.877766947122,-1.0,-1.0,-1.0,100.0,0.0,5.0,1.8,1.0,4.0
67.0,16.0,0.0,-1.0,66.0,312.70480958366,148.11088225405,0.0,29.408468415099,-1.0,-1.0,-1.0,100.0,0.0,5.0,1.8,1.0,25.0
67.0,17.0,0.0,-1.0,63.0,244.94554752875,144.97549260349,0.0,2177.2537052321,-1.0,-1.0,-1.0,100.0,35.0,5.0,1.8,1.0,2.0
67.0,21.0,-0.5,-1.0,59.0,123.02517602674,7.7381735207075,0.0,268.07521029728,-1.0,-1.0,-1.0,100.0,21.519873798621,5.0,1.8,1.0,16.0
67.0,23.0,-0.1,34.0,52.0,116.2873374333,10.936209136278,0.0,563.75868000604,-1.0,-1.0,-1.0,100.0,22.045735186107,5.0,1.8,1.0,6.0
67.0,34.0,-0.1,7.0,42.0,120.79873368294,10.937524412152,0.0,370.96365555532,23.0,185.29502445072,9.7393728857227,100.0,19.02535477642,5.0,1.8,1.0,6.0
68.0,1.0,0.0,-1.0,62.0,146.88265931551,30.693828164606,0.0,25.471625137068,9.0,917.76779974923,-1.0,100.0,0.0,5.0,1.8,1.0,9.0
68.0,4.0,0.0,-1.0,66.0,159.30941464285,-25.455798497398,0.0,26.867872139509,13.0,42.695993252145,-1.0,100.0,0.0,5.0,1.8,1.0,27.0
68.0,5.0,0.0,-1.0,61.0,44.142065030094,14.380712684317,0.0,418.34437621376,-1.0,-1.0,-1.0,100.0,35.0,5.0,1.8,1.0,18.0
68.0,12.0,0.0,-1.0,67.0,164.4582098197,-17.34937376084,0.0,52.656392944069,-1.0,-1.0,-1.0,100.0,0.0,5.0,1.8,1.0,1.0
68.0,14.0,0.0,-1.0,67.0,199.81683637967,-18.35392288921,0.0,15.877766947122,-1.0,-1.0,-1.0,100.0,0.0,5.0,1.8,1.0,4.0
68.0,16.0,0.0,-1.0,67.0,312.70480958366,148.11088225405,0.0,29.408468415099,17.0,2175.345236817,-1.0,100.0,0.0,5.0,1.8,1.0,25.0
68.0,17.0,0.0,-1.0,64.0,243.84900439448,148.17654258958,0.0,2212.2537052321,-1.0,-1.0,-1.0,100.0,35.0,5.0,1.8,1.0,25.0
68.0,21.0,-0.5,-1.0,60.0,122.54765443907,7.7380343015857,0.0,289.0950840959,-1.0,-1.0,-1.0,100.0,21.019873798621,5.0,1.8,1.0,16.0
68.0,23.0,0.061547563923526,34.0,53.0,115.78150661355,10.936061663736,0.0,585.86596275607,-1.0,-1.0,-1.0,100.0,22.10728275003,5.0,1.8,1.0,6.0
68.0,34.0,0.13800910897553,7.0,43.0,120.36046930543,10.937396638281,0.0,390.12701944071,23.0,188.23894331536,9.8228549246937,100.0,19.163363885396,5.0,1.8,1.0,6.0
69.0,1.0,0.0,-1.0,63.0,146.88265931551,30.693828164606,0.0,25.471625137068,9.0,935.09221328939,-1.0,100.0,0.0,5.0,1.8,1.0,9.0
69.0,4.0,0.0,-1.0,67.0,159.30941464285,-25.455798497398,0.0,26.867872139509,13.0,49.05467140256,-1.0,100.0,0.0,5.0,1.8,1.0,27.0
69.0,5.0,0.0,-1.0,62.0,41.666165030094,14.394012684317,0.0,453.34437621376,-1.0,-1.0,-1.0,100.0,35.0,5.0,1.8,1.0,18.0
69.0,12.0,0.0,-1.0,68.0,164.4582098197,-17.34937376084,0.0,52.656392944069,-1.0,-1.0,-1.0,100.0,0.0,5.0,1.8,1.0,1.0
69.0,14.0,0.0,-1.0,68.0,199.81683637967,-18.35392288921,0.0,15.877766947122,-1.0,-1.0,-1.0,100.0,0.0,5.0,1.8,1.0,4.0
69.0,16.0,0.0,-1.0,68.0,312.70480958366,148.11088225405,0.0,29.408468415099,-1.0,-1.0,-1.0,100.0,0.0,5.0,1.8,1.0,25.0
69.0,17.0,0.0,16.0,65.0,242.74352252875,144.97759260349,0.0,2247.2537052321,-1.0,-1.0,-1.0,100.0,35.0,5.0,1.8,1.0,2.0
69.0,21.0,-0.5,-1.0,61.0,122.08156618474,7.7378984157972,0.0,309.61495789452,-1.0,-1.0,-1.0,100.0,20.519873798621,5.0,1.8,1.0,16.0
69.0,23.0,0.61883444548585,34.0,54.0,115.25870955549,10.935909244768,0.0,608.59207995159,-1.0,-1.0,-1.0,100.0,22.726117195516,5.0,1.8,1.0,6.0
69.0,34.0,-0.1,7.0,44.0,119.92459873185,10.937269562313,0.0,409.19038332611,23.0,191.90169662548,10.066518048921,100.0,19.063363885396,5.0,1.8,1.0,6.0
70.0,1.0,0.0,-1.0,64.0,146.88265931551,30.693828164606,0.0,25.471625137068,9.0,953.15812710794,-1.0,100.0,0.0,5.0,1.8,1.0,9.0
70.0,4.0,0.0,-1.0,68.0,159.30941464285,-25.455798497398,0.0,26.867872139509,14.0,140.72989480761,-1.0,100.0,0.0,5.0,1.8,1.0,27.0
70.0,5.0,0.0,-1.0,63.0,39.190265030094,14.407312684317,0.0,488.34437621376,-1.0,-1.0,-1.0,100.0,35.0,5.0,1.8,1.0,18.0
70.0,12.0,0.0,-1.0,69.0,164.4582098197,-17.34937376084,0.0,52.656392944069,-1.0,-1.0,-1.0,100.0,0.0,5.0,1.8,1.0,1.0
70.0,14.0,0.0,4.0,69.0,199.81683637967,-18.35392288921,0.0,15.877766947122,-1.0,-1.0,-1.0,100.0,0.0,5.0,1.8,1.0,4.0
70.0,16.0,0.0,-1.0,69.0,312.70480958366,148.11088225405,0.0,29.408468415099,-1.0,-1.0,-1.0,100.0,0.0,5.0,1.8,1.0,25.0
70.0,17.0,0.0,-1.0,66.0,241.64251002875,144.97864260349,0.0,2282.2537052321,-1.0,-1.0,-1.0,100.0,35.0,5.0,1.8,1.0,2.0
70.0,21.0,2.4711809162982,-1.0,62.0,121.54035367324,7.7377406278931,0.0,332.60601260944,-1.0,-1.0,-1.0,100.0,22.991054714919,5.0,1.8,1.0,16.0
70.0,23.0,-0.1,34.0,55.0,114.74183090146,10.935758551283,0.0,631.2181971471,-1.0,-1.0,-1.0,100.0,22.626117195516,5.0,1.8,1.0,6.0
70.0,34.0,-0.1,7.0,45.0,119.49101482494,10.93714315301,0.0,428.1537472115,23.0,195.5644499356,10.312751003328,100.0,18.963363885396,5.0,1.8,1.0,6.0
71.0,1.0,0.0,-1.0,65.0,146.88265931551,30.693828164606,0.0,25.471625137068,9.0,970.41247986811,-1.0,100.0,0.0,5.0,1.8,1.0,9.0
71.0,4.0,0.0,-1.0,69.0,159.30941464285,-25.455798497398,0.0,26.867872139509,14.0,140.72989480761,-1.0,100.0,0.0,5.0,1.8,1.0,27.0
71.0,12.0,0.0,-1.0,70.0,164.4582098197,-17.34937376084,0.0,52.656392944069,-1.0,-1.0,-1.0,100.0,0.0,5.0,1.8,1.0,1.0
71.0,14.0,0.0,4.0,70.0,199.81683637967,-18.35392288921,0.0,15.877766947122,-1.0,-1.0,-1.0,100.0,0.0,5.0,1.8,1.0,4.0
71.0,16.0,0.0,-1.0,70.0,312.70480958366,148.11088225405,0.0,29.408468415099,-1.0,-1.0,-1.0,100.0,0.0,5.0,1.8,1.0,25.0
71.0,17.0,0.0,-1.0,67.0,240.54149752875,144.97969260349,0.0,2317.2537052321,-1.0,-1.0,-1.0,100.0,35.0,5.0,1.8,1.0,2.0
71.0,21.0,1.6731594437733,-1.0,63.0,120.96588176135,7.7375731433706,0.0,357.27022676813,-1.0,-1.0,-1.0,100.0,24.664214158692,5.0,1.8,1.0,16.0
71.0,23.0,-0.1,34.0,56.0,114.2272389141,10.935608524465,0.0,653.74431434262,-1.0,-1.0,-1.0,100.0,22.526117195516,5.0,1.8,1.0,6.0
71.0,34.0,-0.1,7.0,46.0,119.05971758469,10.937017410375,0.0,447.0171110969,23.0,199.22720324572,10.561594658096,100.0,18.863363885396,5.0,1.8,1.0,6.0
72.0,1.0,0.0,-1.0,66.0,146.88265931551,30.693828164606,0.0,25.471625137068,9.0,988.87980627174,-1.0,100.0,0.0,5.0,1.8,1.0,9.0
72.0,4.0,0.0,-1.0,70.0,159.30941464285,-25.455798497398,0.0,26.867872139509,14.0,140.72989480761,-1.0,100.0,0.0,5.0,1.8,1.0,27.0
72.0,12.0,0.0,-1.0,71.0,164.4582098197,-17.34937376084,0.0,52.656392944069,-1.0,-1.0,-1.0,100.0,0.0,5.0,1.8,1.0,1.0
72.0,14.0,0.0,4.0,71.0,199.81683637967,-18.35392288921,0.0,15.877766947122,-1.0,-1.0,-1.0,100.0,0.0,5.0,1.8,1.0,4.0
72.0,16.0,0.0,-1.0,71.0,312.70480958366,148.11088225405,0.0,29.408468415099,-1.0,-1.0,-1.0,100.0,0.0,5.0,1.8,1.0,25.0
72.0,17.0,0.0,-1.0,68.0,239.44048502875,144.98074260349,0.0,2352.2537052321,-1.0,-1.0,-1.0,100.0,35.0,5.0,1.8,1.0,2.0
72.0,21.0,-0.5,-1.0,64.0,120.41645959078,7.7374129619798,0.0,381.43444092683,-1.0,-1.0,-1.0,100.0,24.164214158692,5.0,1.8,1.0,16.0
72.0,23.0,-0.1,34.0,57.0,113.7149335934,10.935459164313,0.0,676.17043153814,-1.0,-1.0,-1.0,100.0,22.426117195516,5.0,1.8,1.0,6.0
72.0,34.0,-0.1,7.0,47.0,118.63070701111,10.936892334406,0.0,465.7804749823,23.0,202.88995655584,10.813090754678,100.0,18.763363885396,5.0,1.8,1.0,6.0
73.0,1.0,0.0,-1.0,67.0,146.88265931551,30.693828164606,0.0,25.471625137068,9.0,1007.4048845739,-1.0,100.0,0.0,5.0,1.8,1.0,9.0
73.0,4.0,0.0,-1.0,71.0,159.30941464285,-25.455798497398,0.0,26.867872139509,14.0,140.72989480761,-1.0,100.0,0.0,5.0,1.8,1.0,27.0
73.0,12.0,0.0,-1.0,72.0,164.4582098197,-17.34937376084,0.0,52.656392944069,-1.0,-1.0,-1.0,100.0,0.0,5.0,1.8,1.0,1.0
73.0,14.0,0.0,4.0,72.0,199.81683637967,-18.35392288921,0.0,15.877766947122,-1.0,-1.0,-1.0,100.0,0.0,5.0,1.8,1.0,4.0
73.0,16.0,0.0,-1.0,72.0,312.70480958366,148.11088225405,0.0,29.408468415099,-1.0,-1.0,-1.0,100.0,0.0,5.0,1.8,1.0,25.0
73.0,17.0,0.0,-1.0,69.0,238.33947252875,144.98179260349,0.0,2387.2537052321,-1.0,-1.0,-1.0,100.0,35.0,5.0,1.8,1.0,2.0
73.0,21.0,0.019823422189802,-1.0,65.0,119.86332705676,7.7372516988503,0.0,405.61847850771,-1.0,-1.0,-1.0,100.0,24.184037580882,5.0,1.8,1.0,16.0
73.0,23.0,-0.1,34.0,58.0,113.20491493937,10.935310470828,0.0,698.49654873365,-1.0,-1.0,-1.0,100.0,22.326117195516,5.0,1.8,1.0,6.0
73.0,34.0,-0.1,7.0,48.0,118.20398310419,10.936767925103,0.0,484.44383886769,23.0,206.55270986596,11.067281929148,100.0,18.663363885396,5.0,1.8,1.0,6.0
74.0,1.0,0.0,-1.0,68.0,146.88265931551,30.693828164606,0.0,25.471625137068,9.0,1024.9649012063,-1.0,100.0,0.0,5.0,1.8,1.0,9.0
74.0,4.0,0.0,-1.0,72.0,159.30941464285,-25.455798497398,0.0,26.867872139509,14.0,140.72989480761,-1.0,100.0,0.0,5.0,1.8,1.0,27.0
74.0,12.0,0.0,-1.0,73.0,164.4582098197,-17.34937376084,0.0,52.656392944069,-1.0,-1.0,-1.0,100.0,0.0,5.0,1.8,1.0,1.0
74.0,14.0,0.0,4.0,73.0,199.81683637967,-18.35392288921,0.0,15.877766947122,-1.0,-1.0,-1.0,100.0,0.0,5.0,1.8,1.0,4.0
74.0,16.0,0.0,-1.0,73.0,312.70480958366,148.11088225405,0.0,29.408468415099,-1.0,-1.0,-1.0,100.0,0.0,5.0,1.8,1.0,25.0
74.0,17.0,0.0,-1.0,70.0,237.23846002875,144.98284260349,0.0,2422.2537052321,-1.0,-1.0,-1.0,100.0,35.0,5.0,1.8,1.0,2.0
74.0,21.0,0.69193658418953,-1.0,66.0,119.29016096681,7.7370845950341,0.0,430.49445267278,-1.0,-1.0,-1.0,100.0,24.875974165072,5.0,1.8,1.0,16.0
74.0,23.0,-0.1,34.0,59.0,112.697182952,10.935162444009,0.0,720.72266592917,-1.0,-1.0,-1.0,100.0,22.226117195516,5.0,1.8,1.0,6.0
74.0,34.0,-0.1,7.0,49.0,117.77954586394,10.936644182468,0.0,503.00720275309,23.0,210.21546317608,11.324211736293,100.0,18.563363885396,5.0,1.8,1.0,6.0
75.0,1.0,0.0,-1.0,69.0,146.88265931551,30.693828164606,0.0,25.471625137068,9.0,1042.4839276252,-1.0,100.0,0.0,5.0,1.8,1.0,9.0
75.0,4.0,0.0,37.0,73.0,159.30941464285,-25.455798497398,0.0,26.867872139509,14.0,140.72989480761,-1.0,100.0,0.0,5.0,1.8,1.0,27.0
75.0,12.0,0.0,-1.0,74.0,164.4582098197,-17.34937376084,0.0,52.656392944069,-1.0,-1.0,-1.0,100.0,0.0,5.0,1.8,1.0,1.0
75.0,14.0,0.0,4.0,74.0,199.81683637967,-18.35392288921,0.0,15.877766947122,-1.0,-1.0,-1.0,100.0,0.0,5.0,1.8,1.0,4.0
75.0,16.0,0.0,-1.0,74.0,312.70480958366,148.11088225405,0.0,29.408468415099,-1.0,-1.0,-1.0,100.0,0.0,5.0,1.8,1.0,25.0
75.0,17.0,0.0,-1.0,71.0,236.13744752875,144.98389260349,0.0,2457.2537052321,-1.0,-1.0,-1.0,100.0,35.0,5.0,1.8,1.0,2.0
75.0,21.0,-0.5,-1.0,67.0,118.73589655077,7.7369230019098,0.0,454.87042683785,-1.0,-1.0,-1.0,100.0,24.375974165072,5.0,1.8,1.0,16.0
75.0,23.0,0.20438389806078,34.0,60.0,112.18323956006,10.935012606286,0.0,743.15316702274,-1.0,-1.0,-1.0,100.0,22.430501093577,5.0,1.8,1.0,6.0
75.0,34.0,0.76232389840298,7.0,50.0,117.33728865133,10.936515244505,0.0,522.33289053689,23.0,213.32027648586,11.038172554184,100.0,19.325687783799,5.0,1.8,1.0,6.0
76.0,1.0,0.0,-1.0,70.0,146.88265931551,30.693828164606,0.0,25.471625137068,9.0,1060.5918952524,-1.0,100.0,0.0,5.0,1.8,1.0,9.0
76.0,4.0,0.0,37.0,74.0,159.30941464285,-25.455798497398,0.0,26.867872139509,14.0,140.72989480761,-1.0,100.0,0.0,5.0,1.8,1.0,27.0
76.0,12.0,0.0,-1.0,75.0,164.4582098197,-17.34937376084,0.0,52.656392944069,-1.0,-1.0,-1.0,100.0,0.0,5.0,1.8,1.0,1.0
76.0,14.0,0.0,4.0,75.0,199.81683637967,-18.35392288921,0.0,15.877766947122,-1.0,-1.0,-1.0,100.0,0.0,5.0,1.8,1.0,4.0
76.0,16.0,0.0,-1.0,75.0,312.70480958366,148.11088225405,0.0,29.408468415099,-1.0,-1.0,-1.0,100.0,0.0,5.0,1.8,1.0,25.0
76.0,17.0,0.0,-1.0,72.0,235.03643502875,144.98494260349,0.0,2492.2537052321,-1.0,-1.0,-1.0,100.0,35.0,5.0,1.8,1.0,2.0
76.0,21.0,-0.5,-1.0,68.0,118.19306546806,7.736764742119,0.0,478.74640100292,-1.0,-1.0,-1.0,100.0,23.875974165072,5.0,1.8,1.0,16.0
76.0,23.0,0.39858634816483,34.0,61.0,111.65920066601,10.934859825267,0.0,765.98225446449,-1.0,-1.0,-1.0,100.0,22.829087441742,5.0,1.8,1.0,6.0
76.0,34.0,-0.1,7.0,51.0,116.89770627127,10.936387086376,0.0,541.55857832069,23.0,216.9236761438,11.283012529029,100.0,19.225687783799,5.0,1.8,1.0,6.0
77.0,1.0,0.0,-1.0,71.0,146.88265931551,30.693828164606,0.0,25.471625137068,9.0,1078.240322553,-1.0,100.0,0.0,5.0,1.8,1.0,9.0
77.0,4.0,0.0,37.0,75.0,159.30941464285,-25.455798497398,0.0,26.867872139509,14.0,140.72989480761,-1.0,100.0,0.0,5.0,1.8,1.0,27.0
77.0,12.0,0.0,-1.0,76.0,164.4582098197,-17.34937376084,0.0,52.656392944069,-1.0,-1.0,-1.0,100.0,0.0,5.0,1.8,1.0,1.0
77.0,14.0,0.0,4.0,76.0,199.81683637967,-18.35392288921,0.0,15.877766947122,-1.0,-1.0,-1.0,100.0,0.0,5.0,1.8,1.0,4.0
77.0,16.0,0.0,-1.0,76.0,312.70480958366,148.11088225405,0.0,29.408468415099,-1.0,-1.0,-1.0,100.0,0.0,5.0,1.8,1.0,25.0
77.0,17.0,0.0,-1.0,73.0,233.93542252875,144.98599260349,0.0,2527.2537052321,-1.0,-1.0,-1.0,100.0,35.0,5.0,1.8,1.0,2.0
77.0,21.0,-0.42708347737789,-1.0,69.0,117.65954348637,7.7366091963517,0.0,502.19529169062,-1.0,-1.0,-1.0,100.0,23.448890687694,5.0,1.8,1.0,16.0
77.0,23.0,-0.1,34.0,62.0,111.13996742568,10.934708445314,0.0,788.71134190623,-1.0,-1.0,-1.0,100.0,22.729087441742,5.0,1.8,1.0,6.0
77.0,34.0,-0.1,7.0,52.0,116.46041055788,10.936259594915,0.0,560.68426610449,23.0,220.52707580174,11.530412829835,100.0,19.125687783799,5.0,1.8,1.0,6.0
78.0,1.0,0.0,-1.0,72.0,146.88265931551,30.693828164606,0.0,25.471625137068,9.0,1095.7776047251,-1.0,100.0,0.0,5.0,1.8,1.0,9.0
78.0,4.0,0.0,37.0,76.0,159.30941464285,-25.455798497398,0.0,26.867872139509,14.0,140.72989480761,-1.0,100.0,0.0,5.0,1.8,1.0,27.0
78.0,12.0,0.0,-1.0,77.0,164.4582098197,-17.34937376084,0.0,52.656392944069,-1.0,-1.0,-1.0,100.0,0.0,5.0,1.8,1.0,1.0
78.0,14.0,0.0,4.0,77.0,199.81683637967,-18.35392288921,0.0,15.877766947122,-1.0,-1.0,-1.0,100.0,0.0,5.0,1.8,1.0,4.0
78.0,16.0,0.0,-1.0,77.0,312.70480958366,148.11088225405,0.0,29.408468415099,-1.0,-1.0,-1.0,100.0,0.0,5.0,1.8,1.0,25.0
78.0,17.0,0.0,-1.0,74.0,232.83441002875,144.98704260349,0.0,2562.2537052321,-1.0,-1.0,-1.0,100.0,35.0,5.0,1.8,1.0,2.0
78.0,21.0,-0.5,-1.0,70.0,117.13791171251,7.7364571171174,0.0,525.14418237831,-1.0,-1.0,-1.0,100.0,22.948890687694,5.0,1.8,1.0,16.0
78.0,23.0,-0.1,34.0,63.0,110.62302085202,10.934557732027,0.0,811.34042934797,-1.0,-1.0,-1.0,100.0,22.629087441742,5.0,1.8,1.0,6.0
78.0,34.0,-0.1,7.0,53.0,116.02540151116,10.93613277012,0.0,579.70995388828,23.0,224.13047545969,11.780413828221,100.0,19.025687783799,5.0,1.8,1.0,6.0
79.0,1.0,0.0,-1.0,73.0,146.88265931551,30.693828164606,0.0,25.471625137068,9.0,1113.6466675428,-1.0,100.0,0.0,5.0,1.8,1.0,9.0
79.0,4.0,0.0,37.0,77.0,159.30941464285,-25.455798497398,0.0,26.867872139509,14.0,140.72989480761,-1.0,100.0,0.0,5.0,1.8,1.0,27.0
79.0,12.0,0.0,-1.0,78.0,164.4582098197,-17.34937376084,0.0,52.656392944069,-1.0,-1.0,-1.0,100.0,0.0,5.0,1.8,1.0,1.0
79.0,14.0,0.0,4.0,78.0,199.81683637967,-18.35392288921,0.0,15.877766947122,-1.0,-1.0,-1.0,100.0,0.0,5.0,1.8,1.0,4.0
79.0,16.0,0.0,-1.0,78.0,312.70480958366,148.11088225405,0.0,29.408468415099,-1.0,-1.0,-1.0,100.0,0.0,5.0,1.8,1.0,25.0
79.0,17.0,0.0,-1.0,75.0,231.73989066303,141.78809261739,0.0,2597.2537052321,-1.0,-1.0,-1.0,100.0,35.0,5.0,1.8,1.0,26.0
79.0,21.0,0.40647323662415,-1.0,71.0,116.60130554339,7.7363006721701,0.0,548.49954630263,-1.0,-1.0,-1.0,100.0,23.355363924318,5.0,1.8,1.0,16.0
79.0,23.0,-0.1,34.0,64.0,110.10836094502,10.934407685407,0.0,833.86951678971,-1.0,-1.0,-1.0,100.0,22.529087441742,5.0,1.8,1.0,6.0
79.0,34.0,-0.1,7.0,54.0,115.5926791311,10.936006611992,0.0,598.63564167208,23.0,227.73387511763,12.03305674907,100.0,18.925687783799,5.0,1.8,1.0,6.0
80.0,1.0,0.0,-1.0,74.0,146.88265931551,30.693828164606,0.0,25.471625137068,9.0,1131.5611257421,-1.0,100.0,0.0,5.0,1.8,1.0,9.0
80.0,4.0,0.0,37.0,78.0,159.30941464285,-25.455798497398,0.0,26.867872139509,14.0,140.72989480761,-1.0,100.0,0.0,5.0,1.8,1.0,27.0
80.0,12.0,0.0,-1.0,79.0,164.4582098197,-17.34937376084,0.0,52.656392944069,-1.0,-1.0,-1.0,100.0,0.0,5.0,1.8,1.0,1.0
80.0,14.0,0.0,4.0,79.0,199.81683637967,-18.35392288921,0.0,15.877766947122,-1.0,-1.0,-1.0,100.0,0.0,5.0,1.8,1.0,4.0
80.0,16.0,0.0,-1.0,79.0,312.70480958366,148.11088225405,0.0,29.408468415099,-1.0,-1.0,-1.0,100.0,0.0,5.0,1.8,1.0,25.0
80.0,17.0,0.0,-1.0,76.0,230.63896566303,141.78914261739,0.0,2632.2537052321,-1.0,-1.0,-1.0,100.0,35.0,5.0,1.8,1.0,26.0
80.0,21.0,-0.10347149753943,-1.0,72.0,116.0702605933,7.7361458485695,0.0,571.75143872941,-1.0,-1.0,-1.0,100.0,23.251892426778,5.0,1.8,1.0,16.0
80.0,23.0,-0.1,34.0,65.0,109.59598770469,10.934258305453,0.0,856.29860423145,-1.0,-1.0,-1.0,100.0,22.429087441742,5.0,1.8,1.0,6.0
80.0,34.0,-0.1,7.0,55.0,115.16224341771,10.93588112053,0.0,617.46132945588,23.0,231.33727477557,12.288383693193,100.0,18.825687783799,5.0,1.8,1.0,6.0
81.0,1.0,0.0,-1.0,75.0,146.88265931551,30.693828164606,0.0,25.471625137068,9.0,1149.7506786181,-1.0,100.0,0.0,5.0,1.8,1.0,9.0
81.0,4.0,0.0,37.0,79.0,159.30941464285,-25.455798497398,0.0,26.867872139509,14.0,140.72989480761,-1.0,100.0,0.0,5.0,1.8,1.0,27.0
81.0,12.0,0.0,-1.0,80.0,164.4582098197,-17.34937376084,0.0,52.656392944069,-1.0,-1.0,-1.0,100.0,0.0,5.0,1.8,1.0,1.0
81.0,14.0,0.0,4.0,80.0,199.81683637967,-18.35392288921,0.0,15.877766947122,-1.0,-1.0,-1.0,100.0,0.0,5.0,1.8,1.0,4.0
81.0,16.0,0.0,-1.0,80.0,312.70480958366,148.11088225405,0.0,29.408468415099,-1.0,-1.0,-1.0,100.0,0.0,5.0,1.8,1.0,25.0
81.0,17.0,0.0,-1.0,77.0,229.53804066303,141.79019261739,0.0,2667.2537052321,-1.0,-1.0,-1.0,100.0,35.0,5.0,1.8,1.0,26.0
81.0,21.0,-0.5,-1.0,73.0,115.55313351301,7.7359950826569,0.0,594.50333115619,-1.0,-1.0,-1.0,100.0,22.751892426778,5.0,1.8,1.0,16.0
81.0,23.0,0.5233246177435,34.0,66.0,109.06849857774,10.934104518536,0.0,879.25101629094,-1.0,-1.0,-1.0,100.0,22.952412059485,5.0,1.8,1.0,6.0
81.0,34.0,-0.1,7.0,56.0,114.73409437098,10.935756295735,0.0,636.18701723968,23.0,235.56399905126,12.579724802155,100.0,18.725687783799,5.0,1.8,1.0,6.0
82.0,1.0,0.0,-1.0,76.0,146.88265931551,30.693828164606,0.0,25.471625137068,9.0,1167.8610463221,-1.0,100.0,0.0,5.0,1.8,1.0,9.0
82.0,4.0,0.0,37.0,80.0,159.30941464285,-25.455798497398,0.0,26.867872139509,14.0,140.72989480761,-1.0,100.0,0.0,5.0,1.8,1.0,27.0
82.0,12.0,0.0,-1.0,81.0,164.4582098197,-17.34937376084,0.0,52.656392944069,-1.0,-1.0,-1.0,100.0,0.0,5.0,1.8,1.0,1.0
82.0,14.0,0.0,4.0,81.0,199.81683637967,-18.35392288921,0.0,15.877766947122,-1.0,-1.0,-1.0,100.0,0.0,5.0,1.8,1.0,4.0
82.0,16.0,0.0,-1.0,81.0,312.70480958366,148.11088225405,0.0,29.408468415099,-1.0,-1.0,-1.0,100.0,0.0,5.0,1.8,1.0,25.0
82.0,17.0,0.0,-1.0,78.0,228.43711566303,141.79124261739,0.0,2702.2537052321,-1.0,-1.0,-1.0,100.0,35.0,5.0,1.8,1.0,26.0
82.0,21.0,0.52191527513787,-1.0,74.0,115.01766893539,7.7358389705351,0.0,617.7771388581,-1.0,-1.0,-1.0,100.0,23.273807701916,5.0,1.8,1.0,16.0
82.0,23.0,-0.1,34.0,67.0,108.54644531449,10.933952316418,0.0,902.10342835042,-1.0,-1.0,-1.0,100.0,22.852412059485,5.0,1.8,1.0,6.0
82.0,34.0,-0.1,7.0,57.0,114.30823199092,10.935632137607,0.0,654.81270502348,23.0,239.79072332694,12.874194290721,100.0,18.625687783799,5.0,1.8,1.0,6.0
83.0,1.0,0.0,-1.0,77.0,146.88265931551,30.693828164606,0.0,25.471625137068,9.0,1185.5362304149,-1.0,100.0,0.0,5.0,1.8,1.0,9.0
83.0,4.0,0.0,37.0,81.0,159.30941464285,-25.455798497398,0.0,26.867872139509,14.0,140.72989480761,-1.0,100.0,0.0,5.0,1.8,1.0,27.0
83.0,12.0,0.0,-1.0,82.0,164.4582098197,-17.34937376084,0.0,52.656392944069,-1.0,-1.0,-1.0,100.0,0.0,5.0,1.8,1.0,1.0
83.0,14.0,0.0,4.0,82.0,199.81683637967,-18.35392288921,0.0,15.877766947122,-1.0,-1.0,-1.0,100.0,0.0,5.0,1.8,1.0,4.0
83.0,16.0,0.0,-1.0,82.0,312.70480958366,148.11088225405,0.0,29.408468415099,-1.0,-1.0,-1.0,100.0,0.0,5.0,1.8,1.0,25.0
83.0,17.0,0.0,-1.0,79.0,227.33619066303,141.79229261739,0.0,2737.2537052321,-1.0,-1.0,-1.0,100.0,35.0,5.0,1.8,1.0,26.0
83.0,21.0,-0.5,-1.0,75.0,114.5000407258,7.7356880585207,0.0,640.55094656002,-1.0,-1.0,-1.0,100.0,22.773807701916,5.0,1.8,1.0,16.0
83.0,23.0,-0.1,34.0,68.0,108.0266787179,10.933800780967,0.0,924.85584040991,-1.0,-1.0,-1.0,100.0,22.752412059485,5.0,1.8,1.0,6.0
83.0,34.0,-0.077319577755397,7.0,58.0,113.88412744253,10.935508491966,0.0,673.36107322952,23.0,243.99476718038,13.154513888768,100.0,18.548368206044,5.0,1.8,1.0,6.0
84.0,1.0,0.0,-1.0,78.0,146.88265931551,30.693828164606,0.0,25.471625137068,9.0,1203.261236624,-1.0,100.0,0.0,5.0,1.8,1.0,9.0
84.0,4.0,0.0,37.0,82.0,159.30941464285,-25.455798497398,0.0,26.867872139509,14.0,140.72989480761,-1.0,100.0,0.0,5.0,1.8,1.0,27.0
84.0,12.0,0.0,-1.0,83.0,164.4582098197,-17.34937376084,0.0,52.656392944069,-1.0,-1.0,-1.0,100.0,0.0,5.0,1.8,1.0,1.0
84.0,14.0,0.0,4.0,83.0,199.81683637967,-18.35392288921,0.0,15.877766947122,-1.0,-1.0,-1.0,100.0,0.0,5.0,1.8,1.0,4.0
84.0,16.0,0.0,-1.0,83.0,312.70480958366,148.11088225405,0.0,29.408468415099,-1.0,-1.0,-1.0,100.0,0.0,5.0,1.8,1.0,25.0
84.0,17.0,0.0,-1.0,80.0,226.23526566303,141.79334261739,0.0,2772.2537052321,-1.0,-1.0,-1.0,100.0,35.0,5.0,1.8,1.0,26.0
84.0,21.0,-0.5,-1.0,76.0,113.99384584955,7.7355404798395,0.0,662.82475426193,-1.0,-1.0,-1.0,100.0,22.273807701916,5.0,1.8,1.0,16.0
84.0,23.0,-0.1,34.0,69.0,107.50919878798,10.933649912183,0.0,947.50825246939,-1.0,-1.0,-1.0,100.0,22.652412059485,5.0,1.8,1.0,6.0
84.0,34.0,-0.1,7.0,59.0,113.46231977014,10.935385515968,0.0,691.80944143557,23.0,248.19881103383,13.453699983748,100.0,18.448368206044,5.0,1.8,1.0,6.0
85.0,1.0,0.0,-1.0,79.0,146.88265931551,30.693828164606,0.0,25.471625137068,9.0,1220.7903748347,-1.0,100.0,0.0,5.0,1.8,1.0,9.0
85.0,4.0,0.0,37.0,83.0,159.30941464285,-25.455798497398,0.0,26.867872139509,14.0,140.72989480761,-1.0,100.0,0.0,5.0,1.8,1.0,27.0
85.0,12.0,0.0,-1.0,84.0,164.4582098197,-17.34937376084,0.0,52.656392944069,-1.0,-1.0,-1.0,100.0,0.0,5.0,1.8,1.0,1.0
85.0,14.0,0.0,4.0,84.0,199.81683637967,-18.35392288921,0.0,15.877766947122,-1.0,-1.0,-1.0,100.0,0.0,5.0,1.8,1.0,4.0
85.0,16.0,0.0,-1.0,84.0,312.70480958366,148.11088225405,0.0,29.408468415099,-1.0,-1.0,-1.0,100.0,0.0,5.0,1.8,1.0,25.0
85.0,17.0,0.0,-1.0,81.0,225.13434066303,141.79439261739,0.0,2807.2537052321,-1.0,-1.0,-1.0,100.0,35.0,5.0,1.8,1.0,26.0
85.0,21.0,-0.5,-1.0,77.0,113.49908430663,7.7353962344917,0.0,684.59856196385,-1.0,-1.0,-1.0,100.0,21.773807701916,5.0,1.8,1.0,16.0
85.0,23.0,-0.1,34.0,70.0,106.99400552472,10.933499710066,0.0,970.06066452888,-1.0,-1.0,-1.0,100.0,22.552412059485,5.0,1.8,1.0,6.0
85.0,34.0,-0.1,7.0,60.0,113.04279876443,10.935263206637,0.0,710.15780964161,23.0,252.40285488727,13.7561472526,100.0,18.348368206044,5.0,1.8,1.0,6.0
86.0,1.0,0.0,-1.0,80.0,146.88265931551,30.693828164606,0.0,25.471625137068,9.0,1238.7739386536,-1.0,100.0,0.0,5.0,1.8,1.0,9.0
86.0,4.0,0.0,37.0,84.0,159.30941464285,-25.455798497398,0.0,26.867872139509,14.0,140.72989480761,-1.0,100.0,0.0,5.0,1.8,1.0,27.0
86.0,12.0,0.0,-1.0,85.0,164.4582098197,-17.34937376084,0.0,52.656392944069,-1.0,-1.0,-1.0,100.0,0.0,5.0,1.8,1.0,1.0
86.0,14.0,0.0,4.0,85.0,199.81683637967,-18.35392288921,0.0,15.877766947122,-1.0,-1.0,-1.0,100.0,0.0,5.0,1.8,1.0,4.0
86.0,16.0,0.0,-1.0,85.0,312.70480958366,148.11088225405,0.0,29.408468415099,-1.0,-1.0,-1.0,100.0,0.0,5.0,1.8,1.0,25.0
86.0,17.0,0.0,-1.0,82.0,224.03341566303,141.79544261739,0.0,2842.2537052321,-1.0,-1.0,-1.0,100.0,35.0,5.0,1.8,1.0,26.0
86.0,21.0,-0.5,-1.0,78.0,113.01575609704,7.7352553224773,0.0,705.87236966577,-1.0,-1.0,-1.0,100.0,21.273807701916,5.0,1.8,1.0,16.0
86.0,23.0,0.0023243549279925,34.0,71.0,106.47824214214,10.933349341732,0.0,992.61540094329,-1.0,-1.0,-1.0,100.0,22.554736414413,5.0,1.8,1.0,6.0
86.0,34.0,0.21167831942439,7.0,61.0,112.61829708248,10.935139445214,0.0,728.71785616708,23.0,256.39754477621,13.814488257041,100.0,18.560046525468,5.0,1.8,1.0,6.0
87.0,1.0,0.0,-1.0,81.0,146.88265931551,30.693828164606,0.0,25.471625137068,9.0,1256.6949732367,-1.0,100.0,0.0,5.0,1.8,1.0,9.0
87.0,4.0,0.0,37.0,85.0,159.30941464285,-25.455798497398,0.0,26.867872139509,14.0,140.72989480761,-1.0,100.0,0.0,5.0,1.8,1.0,27.0
87.0,12.0,0.0,-1.0,86.0,164.4582098197,-17.34937376084,0.0,52.656392944069,-1.0,-1.0,-1.0,100.0,0.0,5.0,1.8,1.0,1.0
87.0,14.0,0.0,4.0,86.0,199.81683637967,-18.35392288921,0.0,15.877766947122,-1.0,-1.0,-1.0,100.0,0.0,5.0,1.8,1.0,4.0
87.0,16.0,0.0,-1.0,86.0,312.70480958366,148.11088225405,0.0,29.408468415099,-1.0,-1.0,-1.0,100.0,0.0,5.0,1.8,1.0,25.0
87.0,17.0,0.0,-1.0,83.0,222.93249066303,141.79649261739,0.0,2877.2537052321,-1.0,-1.0,-1.0,100.0,35.0,5.0,1.8,1.0,26.0
87.0,21.0,2.5377091676928,-1.0,79.0,112.45536550356,7.7350919432955,0.0,729.68388653538,-1.0,-1.0,-1.0,100.0,23.811516869609,5.0,1.8,1.0,16.0
87.0,23.0,-0.1,34.0,72.0,105.9652823953,10.933199790786,0.0,1015.0701373577,-1.0,-1.0,-1.0,100.0,22.454736414413,5.0,1.8,1.0,6.0
87.0,34.0,-0.1,7.0,62.0,112.19622236586,10.93501639136,0.0,747.17790269255,23.0,260.39223466516,14.105719306065,100.0,18.460046525468,5.0,1.8,1.0,6.0
88.0,1.0,0.0,-1.0,82.0,146.88265931551,30.693828164606,0.0,25.471625137068,9.0,1274.9079957765,-1.0,100.0,0.0,5.0,1.8,1.0,9.0
88.0,4.0,0.0,37.0,86.0,159.30941464285,-25.455798497398,0.0,26.867872139509,14.0,140.72989480761,-1.0,100.0,0.0,5.0,1.8,1.0,27.0
88.0,12.0,0.0,-1.0,87.0,164.4582098197,-17.34937376084,0.0,52.656392944069,-1.0,-1.0,-1.0,100.0,0.0,5.0,1.8,1.0,1.0
88.0,14.0,0.0,4.0,87.0,199.81683637967,-18.35392288921,0.0,15.877766947122,-1.0,-1.0,-1.0,100.0,0.0,5.0,1.8,1.0,4.0
88.0,16.0,0.0,-1.0,87.0,312.70480958366,148.11088225405,0.0,29.408468415099,-1.0,-1.0,-1.0,100.0,0.0,5.0,1.8,1.0,25.0
88.0,17.0,0.0,-1.0,84.0,221.83156566303,141.79754261739,0.0,2912.2537052321,-1.0,-1.0,-1.0,100.0,35.0,5.0,1.8,1.0,26.0
88.0,21.0,-0.036853442899883,7.0,80.0,111.91194911321,7.734933512861,0.0,753.45854996208,-1.0,-1.0,-1.0,100.0,23.774663426709,5.0,1.8,1.0,16.0
88.0,23.0,-0.1,34.0,73.0,105.45460931513,10.933050906506,0.0,1037.4248737721,-1.0,-1.0,-1.0,100.0,22.354736414413,5.0,1.8,1.0,6.0
88.0,34.0,-0.1,7.0,63.0,111.77643431591,10.934894004174,0.0,765.53794921801,23.0,264.3869245541,14.400122798565,100.0,18.360046525468,5.0,1.8,1.0,6.0
89.0,1.0,0.0,-1.0,83.0,146.88265931551,30.693828164606,0.0,25.471625137068,9.0,1292.1632736621,-1.0,100.0,0.0,5.0,1.8,1.0,9.0
89.0,4.0,0.0,-1.0,87.0,159.30941464285,-25.455798497398,0.0,26.867872139509,14.0,140.72989480761,-1.0,100.0,0.0,5.0,1.8,1.0,27.0
89.0,12.0,0.0,-1.0,88.0,164.4582098197,-17.34937376084,0.0,52.656392944069,-1.0,-1.0,-1.0,100.0,0.0,5.0,1.8,1.0,1.0
89.0,14.0,0.0,4.0,88.0,199.81683637967,-18.35392288921,0.0,15.877766947122,-1.0,-1.0,-1.0,100.0,0.0,5.0,1.8,1.0,4.0
89.0,16.0,0.0,-1.0,88.0,312.70480958366,148.11088225405,0.0,29.408468415099,-1.0,-1.0,-1.0,100.0,0.0,5.0,1.8,1.0,25.0
89.0,17.0,0.0,-1.0,85.0,220.73064066303,141.79859261739,0.0,2947.2537052321,-1.0,-1.0,-1.0,100.0,35.0,5.0,1.8,1.0,26.0
89.0,21.0,-0.5,7.0,81.0,111.38286800272,7.7347792618083,0.0,776.73321338879,-1.0,-1.0,-1.0,100.0,23.274663426709,5.0,1.8,1.0,16.0
89.0,23.0,0.10144661278464,34.0,74.0,104.94059872874,10.932901049192,0.0,1059.8810567993,-1.0,-1.0,-1.0,100.0,22.456183027198,5.0,1.8,1.0,6.0
89.0,34.0,0.46354993693531,-1.0,64.0,111.34579274809,10.934768452696,0.0,784.36154568042,23.0,268.0195111189,14.238485809777,100.0,18.823596462403,5.0,1.8,1.0,6.0
90.0,1.0,0.0,-1.0,84.0,146.88265931551,30.693828164606,0.0,25.471625137068,9.0,1310.5263938206,-1.0,100.0,0.0,5.0,1.8,1.0,9.0
90.0,4.0,0.0,-1.0,88.0,159.30941464285,-25.455798497398,0.0,26.867872139509,14.0,140.72989480761,-1.0,100.0,0.0,5.0,1.8,1.0,27.0
90.0,12.0,0.0,-1.0,89.0,164.4582098197,-17.34937376084,0.0,52.656392944069,-1.0,-1.0,-1.0,100.0,0.0,5.0,1.8,1.0,1.0
90.0,14.0,0.0,4.0,89.0,199.81683637967,-18.35392288921,0.0,15.877766947122,-1.0,-1.0,-1.0,100.0,0.0,5.0,1.8,1.0,4.0
90.0,16.0,0.0,-1.0,89.0,312.70480958366,148.11088225405,0.0,29.408468415099,-1.0,-1.0,-1.0,100.0,0.0,5.0,1.8,1.0,25.0
90.0,17.0,0.0,-1.0,86.0,219.62971566303,141.79964261739,0.0,2982.2537052321,-1.0,-1.0,-1.0,100.0,35.0,5.0,1.8,1.0,26.0
90.0,21.0,-0.5,7.0,82.0,110.86522022556,7.7346283440891,0.0,799.5078768155,-1.0,-1.0,-1.0,100.0,22.774663426709,5.0,1.8,1.0,16.0
90.0,23.0,-0.1,34.0,75.0,104.42989256936,10.932752155268,0.0,1082.2372398265,-1.0,-1.0,-1.0,100.0,22.356183027198,5.0,1.8,1.0,6.0
90.0,34.0,-0.1,-1.0,65.0,110.91769152292,10.934643641843,0.0,803.08514214282,23.0,271.65209768369,14.508542641857,100.0,18.723596462403,5.0,1.8,1.0,6.0
91.0,1.0,0.0,-1.0,85.0,146.88265931551,30.693828164606,0.0,25.471625137068,9.0,1328.4206748196,-1.0,100.0,0.0,5.0,1.8,1.0,9.0
91.0,4.0,0.0,-1.0,89.0,159.30941464285,-25.455798497398,0.0,26.867872139509,14.0,140.72989480761,-1.0,100.0,0.0,5.0,1.8,1.0,27.0
91.0,12.0,0.0,-1.0,90.0,164.4582098197,-17.34937376084,0.0,52.656392944069,-1.0,-1.0,-1.0,100.0,0.0,5.0,1.8,1.0,1.0
91.0,14.0,0.0,4.0,90.0,199.81683637967,-18.35392288921,0.0,15.877766947122,-1.0,-1.0,-1.0,100.0,0.0,5.0,1.8,1.0,4.0
91.0,16.0,0.0,-1.0,90.0,312.70480958366,148.11088225405,0.0,29.408468415099,-1.0,-1.0,-1.0,100.0,0.0,5.0,1.8,1.0,25.0
91.0,17.0,0.0,-1.0,87.0,218.52879066303,141.80069261739,0.0,3017.2537052321,-1.0,-1.0,-1.0,100.0,35.0,5.0,1.8,1.0,26.0
91.0,21.0,-0.5,7.0,83.0,110.35900578173,7.7344807597031,0.0,821.78254024221,23.0,277.7108826115,12.467568074609,100.0,22.274663426709,5.0,1.8,1.0,16.0
91.0,23.0,-0.1,-1.0,76.0,103.92147307664,7.7326039280106,0.0,1104.4934228537,-1.0,-1.0,-1.0,100.0,22.256183027198,5.0,1.8,1.0,16.0
91.0,34.0,-0.1,-1.0,66.0,110.49187696441,10.934519497657,0.0,821.70873860522,-1.0,-1.0,-1.0,100.0,18.623596462403,5.0,1.8,1.0,6.0
92.0,1.0,0.0,-1.0,86.0,146.88265931551,30.693828164606,0.0,25.471625137068,9.0,1341.8149558186,-1.0,100.0,0.0,5.0,1.8,1.0,9.0
92.0,4.0,0.0,-1.0,90.0,159.30941464285,-25.455798497398,0.0,26.867872139509,14.0,140.72989480761,-1.0,100.0,0.0,5.0,1.8,1.0,27.0
92.0,12.0,0.0,-1.0,91.0,164.4582098197,-17.34937376084,0.0,52.656392944069,-1.0,-1.0,-1.0,100.0,0.0,5.0,1.8,1.0,1.0
92.0,14.0,0.0,4.0,91.0,199.81683637967,-18.35392288921,0.0,15.877766947122,-1.0,-1.0,-1.0,100.0,0.0,5.0,1.8,1.0,4.0
92.0,16.0,0.0,-1.0,91.0,312.70480958366,148.11088225405,0.0,29.408468415099,-1.0,-1.0,-1.0,100.0,0.0,5.0,1.8,1.0,25.0
92.0,17.0,0.0,-1.0,88.0,217.42786566303,141.80174261739,0.0,3052.2537052321,-1.0,-1.0,-1.0,100.0,35.0,5.0,1.8,1.0,26.0
92.0,21.0,-0.5,7.0,84.0,109.86422467124,7.7343365086505,0.0,843.55720366892,23.0,278.09240221199,12.771375463415,100.0,21.774663426709,5.0,1.8,1.0,16.0
92.0,23.0,-0.1,21.0,77.0,103.41534025059,7.73245636742,0.0,1126.6496058809,-1.0,-1.0,-1.0,100.0,22.156183027198,5.0,1.8,1.0,16.0
92.0,34.0,-0.1,-1.0,67.0,110.06834907256,10.934396020138,0.0,840.23233506763,-1.0,-1.0,-1.0,100.0,18.523596462403,5.0,1.8,1.0,6.0
93.0,1.0,0.0,-1.0,87.0,146.88265931551,30.693828164606,0.0,25.471625137068,9.0,1350.7092368176,-1.0,100.0,0.0,5.0,1.8,1.0,9.0
93.0,4.0,0.0,-1.0,91.0,159.30941464285,-25.455798497398,0.0,26.867872139509,14.0,140.72989480761,-1.0,100.0,0.0,5.0,1.8,1.0,27.0
93.0,12.0,0.0,-1.0,92.0,164.4582098197,-17.34937376084,0.0,52.656392944069,-1.0,-1.0,-1.0,100.0,0.0,5.0,1.8,1.0,1.0
93.0,14.0,0.0,4.0,92.0,199.81683637967,-18.35392288921,0.0,15.877766947122,-1.0,-1.0,-1.0,100.0,0.0,5.0,1.8,1.0,4.0
93.0,16.0,0.0,-1.0,92.0,312.70480958366,148.11088225405,0.0,29.408468415099,-1.0,-1.0,-1.0,100.0,0.0,5.0,1.8,1.0,25.0
93.0,17.0,0.0,-1.0,89.0,216.32694066303,141.80279261739,0.0,3087.2537052321,-1.0,-1.0,-1.0,100.0,35.0,5.0,1.8,1.0,26.0
93.0,21.0,0.12189613236114,7.0,85.0,109.36275957565,7.7341903089142,0.0,865.45376322799,23.0,278.25202568012,12.707568279367,100.0,21.89655955907,5.0,1.8,1.0,16.0
93.0,23.0,-0.1,21.0,78.0,102.91149409121,7.7323094734959,0.0,1148.7057889081,-1.0,-1.0,-1.0,100.0,22.056183027198,5.0,1.8,1.0,16.0
93.0,34.0,-0.1,-1.0,68.0,109.64710784739,10.934273209285,0.0,858.65593153003,-1.0,-1.0,-1.0,100.0,18.423596462403,5.0,1.8,1.0,6.0
94.0,1.0,0.0,-1.0,88.0,146.88265931551,30.693828164606,0.0,25.471625137068,9.0,1361.0105753855,-1.0,100.0,0.0,5.0,1.8,1.0,9.0
94.0,4.0,0.0,-1.0,92.0,159.30941464285,-25.455798497398,0.0,26.867872139509,14.0,140.72989480761,-1.0,100.0,0.0,5.0,1.8,1.0,27.0
94.0,12.0,0.0,-1.0,93.0,164.4582098197,-17.34937376084,0.0,52.656392944069,-1.0,-1.0,-1.0,100.0,0.0,5.0,1.8,1.0,1.0
94.0,14.0,0.0,4.0,93.0,199.81683637967,-18.35392288921,0.0,15.877766947122,-1.0,-1.0,-1.0,100.0,0.0,5.0,1.8,1.0,4.0
94.0,16.0,0.0,-1.0,93.0,312.70480958366,148.11088225405,0.0,29.408468415099,-1.0,-1.0,-1.0,100.0,0.0,5.0,1.8,1.0,25.0
94.0,17.0,0.0,-1.0,90.0,215.22601566303,141.80384261739,0.0,3122.2537052321,-1.0,-1.0,-1.0,100.0,35.0,5.0,1.8,1.0,26.0
94.0,21.0,-0.46798901818693,7.0,86.0,108.87569188398,7.7340483066717,0.0,886.88233376887,23.0,278.77963816643,13.0097169867,100.0,21.428570540883,5.0,1.8,1.0,16.0
94.0,23.0,-0.1,21.0,79.0,102.40993459849,7.7321632462386,0.0,1170.6619719353,-1.0,-1.0,-1.0,100.0,21.956183027198,5.0,1.8,1.0,16.0
94.0,34.0,-0.1,-1.0,69.0,109.22815328888,10.934151065099,0.0,876.97952799243,-1.0,-1.0,-1.0,100.0,18.323596462403,5.0,1.8,1.0,6.0
95.0,1.0,0.0,-1.0,89.0,146.88265931551,30.693828164606,0.0,25.471625137068,9.0,1373.3525768874,-1.0,100.0,0.0,5.0,1.8,1.0,9.0
95.0,4.0,0.0,-1.0,93.0,159.30941464285,-25.455798497398,0.0,26.867872139509,14.0,140.72989480761,-1.0,100.0,0.0,5.0,1.8,1.0,27.0
95.0,12.0,0.0,-1.0,94.0,164.4582098197,-17.34937376084,0.0,52.656392944069,-1.0,-1.0,-1.0,100.0,0.0,5.0,1.8,1.0,1.0
95.0,14.0,0.0,4.0,94.0,199.81683637967,-18.35392288921,0.0,15.877766947122,-1.0,-1.0,-1.0,100.0,0.0,5.0,1.8,1.0,4.0
95.0,16.0,0.0,-1.0,94.0,312.70480958366,148.11088225405,0.0,29.408468415099,-1.0,-1.0,-1.0,100.0,0.0,5.0,1.8,1.0,25.0
95.0,17.0,0.0,-1.0,91.0,214.12509066303,141.80489261739,0.0,3157.2537052321,-1.0,-1.0,-1.0,100.0,35.0,5.0,1.8,1.0,26.0
95.0,21.0,1.8428580276668,7.0,87.0,108.33200505214,7.7338897973913,0.0,910.15376233742,23.0,277.36439262508,11.918666351232,100.0,23.27142856855,5.0,1.8,1.0,16.0
95.0,23.0,-0.1,21.0,80.0,101.91066177245,7.7320176856479,0.0,1192.5181549625,-1.0,-1.0,-1.0,100.0,21.856183027198,5.0,1.8,1.0,16.0
95.0,34.0,-0.1,-1.0,70.0,108.81148539703,10.934029587579,0.0,895.20312445484,-1.0,-1.0,-1.0,100.0,18.223596462403,5.0,1.8,1.0,6.0
96.0,1.0,0.0,-1.0,90.0,146.88265931551,30.693828164606,0.0,25.471625137068,9.0,1388.0398824028,-1.0,100.0,0.0,5.0,1.8,1.0,9.0
96.0,4.0,0.0,-1.0,94.0,159.30941464285,-25.455798497398,0.0,26.867872139509,14.0,140.72989480761,-1.0,100.0,0.0,5.0,1.8,1.0,27.0
96.0,12.0,0.0,-1.0,95.0,164.4582098197,-17.34937376084,0.0,52.656392944069,-1.0,-1.0,-1.0,100.0,0.0,5.0,1.8,1.0,1.0
96.0,14.0,0.0,4.0,95.0,199.81683637967,-18.35392288921,0.0,15.877766947122,-1.0,-1.0,-1.0,100.0,0.0,5.0,1.8,1.0,4.0
96.0,16.0,0.0,-1.0,95.0,312.70480958366,148.11088225405,0.0,29.408468415099,-1.0,-1.0,-1.0,100.0,0.0,5.0,1.8,1.0,25.0
96.0,17.0,0.0,-1.0,92.0,213.02416566303,141.80594261739,0.0,3192.2537052321,-1.0,-1.0,-1.0,100.0,35.0,5.0,1.8,1.0,26.0
96.0,21.0,-0.5,7.0,88.0,107.81443124541,7.7337389012377,0.0,932.92519090597,23.0,277.36514072732,12.180401413656,100.0,22.77142856855,5.0,1.8,1.0,16.0
96.0,23.0,0.91599364359864,21.0,81.0,101.38531016267,7.7318645219133,0.0,1215.2903316333,-1.0,-1.0,-1.0,100.0,22.772176670796,5.0,1.8,1.0,16.0
96.0,34.0,0.34080075742678,-1.0,71.0,108.38682610612,10.933905780206,0.0,913.76752167467,-1.0,-1.0,-1.0,100.0,18.56439721983,5.0,1.8,1.0,6.0
97.0,1.0,0.0,-1.0,91.0,146.88265931551,30.693828164606,0.0,25.471625137068,9.0,1404.9879168575,-1.0,100.0,0.0,5.0,1.8,1.0,9.0
97.0,4.0,0.0,-1.0,95.0,159.30941464285,-25.455798497398,0.0,26.867872139509,37.0,51.506067931071,-1.0,100.0,0.0,5.0,1.8,1.0,27.0
97.0,12.0,0.0,-1.0,96.0,164.4582098197,-17.34937376084,0.0,52.656392944069,-1.0,-1.0,-1.0,100.0,0.0,5.0,1.8,1.0,1.0
97.0,14.0,0.0,37.0,96.0,199.81683637967,-18.35392288921,0.0,15.877766947122,-1.0,-1.0,-1.0,100.0,0.0,5.0,1.8,1.0,4.0
97.0,16.0,0.0,-1.0,96.0,312.70480958366,148.11088225405,0.0,29.408468415099,-1.0,-1.0,-1.0,100.0,0.0,5.0,1.8,1.0,25.0
97.0,17.0,0.0,-1.0,93.0,211.92324066303,141.80699261739,0.0,3227.2537052321,-1.0,-1.0,-1.0,100.0,35.0,5.0,1.8,1.0,26.0
97.0,21.0,-0.5,7.0,89.0,107.308290772,7.7335913384175,0.0,955.19661947453,23.0,277.76588882957,12.471848762401,100.0,22.27142856855,5.0,1.8,1.0,16.0
97.0,23.0,-0.1,21.0,82.0,100.86737828197,7.731713521365,0.0,1237.9625083041,-1.0,-1.0,-1.0,100.0,22.672176670796,5.0,1.8,1.0,16.0
97.0,34.0,-0.1,-1.0,72.0,107.96465190363,10.933782697348,0.0,932.2319188945,-1.0,-1.0,-1.0,100.0,18.46439721983,5.0,1.8,1.0,6.0
98.0,1.0,0.0,-1.0,92.0,146.88265931551,30.693828164606,0.0,25.471625137068,9.0,1417.4359513122,-1.0,100.0,0.0,5.0,1.8,1.0,9.0
98.0,4.0,0.0,-1.0,96.0,159.30941464285,-25.455798497398,0.0,26.867872139509,37.0,64.995986653002,-1.0,100.0,0.0,5.0,1.8,1.0,27.0
98.0,12.0,0.0,-1.0,97.0,164.4582098197,-17.34937376084,0.0,52.656392944069,-1.0,-1.0,-1.0,100.0,0.0,5.0,1.8,1.0,1.0
98.0,14.0,0.0,37.0,97.0,199.81683637967,-18.35392288921,0.0,15.877766947122,-1.0,-1.0,-1.0,100.0,0.0,5.0,1.8,1.0,4.0
98.0,16.0,0.0,-1.0,97.0,312.70480958366,148.11088225405,0.0,29.408468415099,-1.0,-1.0,-1.0,100.0,0.0,5.0,1.8,1.0,25.0
98.0,17.0,0.0,-1.0,94.0,210.82231566303,141.80804261739,0.0,3262.2537052321,-1.0,-1.0,-1.0,100.0,35.0,5.0,1.8,1.0,26.0
98.0,21.0,2.0784612442367,7.0,90.0,106.73846690266,7.7334252090096,0.0,979.54650928731,23.0,275.98817568758,11.334267949855,100.0,24.349889812787,5.0,1.8,1.0,16.0
98.0,23.0,-0.1,21.0,83.0,100.35173306794,7.7315631874833,0.0,1260.5346849749,-1.0,-1.0,-1.0,100.0,22.572176670796,5.0,1.8,1.0,16.0
98.0,34.0,-0.1,-1.0,73.0,107.5447643678,10.933660281157,0.0,950.59631611433,-1.0,-1.0,-1.0,100.0,18.36439721983,5.0,1.8,1.0,6.0
99.0,1.0,0.0,-1.0,93.0,146.88265931551,30.693828164606,0.0,25.471625137068,9.0,1425.3839857669,-1.0,100.0,0.0,5.0,1.8,1.0,9.0
99.0,4.0,0.0,-1.0,97.0,159.30941464285,-25.455798497398,0.0,26.867872139509,37.0,78.48236390764,-1.0,100.0,0.0,5.0,1.8,1.0,27.0
99.0,12.0,0.0,-1.0,98.0,164.4582098197,-17.34937376084,0.0,52.656392944069,-1.0,-1.0,-1.0,100.0,0.0,5.0,1.8,1.0,1.0
99.0,14.0,0.0,37.0,98.0,199.81683637967,-18.35392288921,0.0,15.877766947122,-1.0,-1.0,-1.0,100.0,0.0,5.0,1.8,1.0,4.0
99.0,16.0,0.0,-1.0,98.0,312.70480958366,148.11088225405,0.0,29.408468415099,-1.0,-1.0,-1.0,100.0,0.0,5.0,1.8,1.0,25.0
99.0,17.0,0.0,-1.0,95.0,209.72139066303,138.60909261739,0.0,3297.2537052321,-1.0,-1.0,-1.0,100.0,35.0,5.0,1.8,1.0,34.0
99.0,21.0,-0.5,7.0,91.0,106.19623228214,7.7332671231143,0.0,1003.3963991001,23.0,274.61046254559,11.51411871087,100.0,23.849889812787,5.0,1.8,1.0,16.0
99.0,23.0,-0.1,21.0,84.0,99.838374520569,7.7314135202684,0.0,1283.0068616457,-1.0,-1.0,-1.0,100.0,22.472176670796,5.0,1.8,1.0,16.0
99.0,34.0,-0.1,-1.0,74.0,107.12716349864,10.933538531632,0.0,968.86071333416,-1.0,-1.0,-1.0,100.0,18.26439721983,5.0,1.8,1.0,6.0
100.0,1.0,0.0,-1.0,94.0,146.88265931551,30.693828164606,0.0,25.471625137068,9.0,1428.8320202216,-1.0,100.0,0.0,5.0,1.8,1.0,9.0
100.0,4.0,0.0,-1.0,98.0,159.30941464285,-25.455798497398,0.0,26.867872139509,37.0,92.160274255038,-1.0,100.0,0.0,5.0,1.8,1.0,27.0
100.0,12.0,0.0,-1.0,99.0,164.4582098197,-17.34937376084,0.0,52.656392944069,-1.0,-1.0,-1.0,100.0,0.0,5.0,1.8,1.0,1.0
100.0,14.0,0.0,37.0,99.0,199.81683637967,-18.35392288921,0.0,15.877766947122,-1.0,-1.0,-1.0,100.0,0.0,5.0,1.8,1.0,4.0
100.0,16.0,0.0,-1.0,99.0,312.70480958366,148.11088225405,0.0,29.408468415099,-1.0,-1.0,-1.0,100.0,0.0,5.0,1.8,1.0,25.0
100.0,17.0,0.0,-1.0,96.0,208.62046566303,138.61014261739,0.0,3332.2537052321,-1.0,-1.0,-1.0,100.0,35.0,5.0,1.8,1.0,34.0
100.0,21.0,-0.5,7.0,92.0,105.66543099495,7.7331123705524,0.0,1026.7462889129,23.0,273.6327494036,11.718802598107,100.0,23.349889812787,5.0,1.8,1.0,16.0
100.0,23.0,-0.1,21.0,85.0,99.327302639869,7.7312645197201,0.0,1305.3790383165,-1.0,-1.0,-1.0,100.0,22.372176670796,5.0,1.8,1.0,16.0
100.0,34.0,-0.1,-1.0,75.0,106.71184929614,10.933417448774,0.0,987.02511055399,-1.0,-1.0,-1.0,100.0,18.16439721983,5.0,1.8,1.0,6.0
101.0,1.0,0.0,-1.0,95.0,146.88265931551,30.693828164606,0.0,25.471625137068,9.0,1433.986783982,-1.0,100.0,0.0,5.0,1.8,1.0,9.0
101.0,4.0,0.0,-1.0,99.0,159.30941464285,-25.455798497398,0.0,26.867872139509,37.0,105.52583414702,-1.0,100.0,0.0,5.0,1.8,1.0,27.0
101.0,12.0,0.0,-1.0,100.0,164.4582098197,-17.34937376084,0.0,52.656392944069,-1.0,-1.0,-1.0,100.0,0.0,5.0,1.8,1.0,1.0
101.0,14.0,0.0,37.0,100.0,199.81683637967,-18.35392288921,0.0,15.877766947122,-1.0,-1.0,-1.0,100.0,0.0,5.0,1.8,1.0,4.0
101.0,16.0,0.0,-1.0,100.0,312.70480958366,148.11088225405,0.0,29.408468415099,-1.0,-1.0,-1.0,100.0,0.0,5.0,1.8,1.0,25.0
101.0,17.0,0.0,-1.0,97.0,207.51954066303,138.61119261739,0.0,3367.2537052321,-1.0,-1.0,-1.0,100.0,35.0,5.0,1.8,1.0,34.0
101.0,21.0,-0.5,7.0,93.0,105.1460630411,7.7329609513239,0.0,1049.5961787257,23.0,273.05503626161,11.949949802769,100.0,22.849889812787,5.0,1.8,1.0,16.0
101.0,23.0,-0.1,21.0,86.0,98.818517425836,7.7311161858384,0.0,1327.6512149873,-1.0,-1.0,-1.0,100.0,22.272176670796,5.0,1.8,1.0,16.0
101.0,34.0,-0.1,-1.0,76.0,106.29882176031,10.933297032583,0.0,1005.0895077738,-1.0,-1.0,-1.0,100.0,18.06439721983,5.0,1.8,1.0,6.0
102.0,1.0,0.0,-1.0,96.0,146.88265931551,30.693828164606,0.0,25.471625137068,9.0,1441.7215918261,-1.0,100.0,0.0,5.0,1.8,1.0,9.0
102.0,4.0,0.0,-1.0,100.0,159.30941464285,-25.455798497398,0.0,26.867872139509,37.0,118.49301649936,-1.0,100.0,0.0,5.0,1.8,1.0,27.0
102.0,12.0,0.0,-1.0,101.0,164.4582098197,-17.34937376084,0.0,52.656392944069,-1.0,-1.0,-1.0,100.0,0.0,5.0,1.8,1.0,1.0
102.0,14.0,0.0,37.0,101.0,199.81683637967,-18.35392288921,0.0,15.877766947122,-1.0,-1.0,-1.0,100.0,0.0,5.0,1.8,1.0,4.0
102.0,16.0,0.0,-1.0,101.0,312.70480958366,148.11088225405,0.0,29.408468415099,-1.0,-1.0,-1.0,100.0,0.0,5.0,1.8,1.0,25.0
102.0,17.0,0.0,-1.0,98.0,206.41861566303,138.61224261739,0.0,3402.2537052321,-1.0,-1.0,-1.0,100.0,35.0,5.0,1.8,1.0,34.0
102.0,21.0,-0.5,7.0,94.0,104.63812842058,7.7328128654287,0.0,1071.9460685385,23.0,272.87732311962,12.209336395184,100.0,22.349889812787,5.0,1.8,1.0,16.0
102.0,23.0,-0.1,21.0,87.0,98.312018878469,7.7309685186235,0.0,1349.8233916581,-1.0,-1.0,-1.0,100.0,22.172176670796,5.0,1.8,1.0,16.0
102.0,34.0,-0.1,-1.0,77.0,105.88808089115,10.933177283059,0.0,1023.0539049936,-1.0,-1.0,-1.0,100.0,17.96439721983,5.0,1.8,1.0,6.0
103.0,1.0,0.0,-1.0,97.0,146.88265931551,30.693828164606,0.0,25.471625137068,9.0,1451.1988476534,-1.0,100.0,0.0,5.0,1.8,1.0,9.0
103.0,4.0,0.0,-1.0,101.0,159.30941464285,-25.455798497398,0.0,26.867872139509,37.0,126.96019885171,-1.0,100.0,0.0,5.0,1.8,1.0,27.0
103.0,12.0,0.0,-1.0,102.0,164.4582098197,-17.34937376084,0.0,52.656392944069,-1.0,-1.0,-1.0,100.0,0.0,5.0,1.8,1.0,1.0
103.0,14.0,0.0,37.0,102.0,199.81683637967,-18.35392288921,0.0,15.877766947122,-1.0,-1.0,-1.0,100.0,0.0,5.0,1.8,1.0,4.0
103.0,16.0,0.0,-1.0,102.0,312.70480958366,148.11088225405,0.0,29.408468415099,-1.0,-1.0,-1.0,100.0,0.0,5.0,1.8,1.0,25.0
103.0,17.0,0.0,-1.0,99.0,205.31769066303,138.61329261739,0.0,3437.2537052321,-1.0,-1.0,-1.0,100.0,35.0,5.0,1.8,1.0,34.0
103.0,21.0,0.98646269226447,7.0,95.0,104.09832292787,7.7326554877341,0.0,1095.2824210435,23.0,272.5506689205,11.679231742043,100.0,23.336352505051,5.0,1.8,1.0,16.0
103.0,23.0,0.83752163513564,21.0,88.0,97.781632401499,7.7308138869975,0.0,1372.833089964,-1.0,-1.0,-1.0,100.0,23.009698305932,5.0,1.8,1.0,16.0
103.0,34.0,-0.1,-1.0,78.0,105.47962668865,10.933058200201,0.0,1040.9183022135,-1.0,-1.0,-1.0,100.0,17.86439721983,5.0,1.8,1.0,6.0
104.0,1.0,0.0,-1.0,98.0,146.88265931551,30.693828164606,0.0,25.471625137068,9.0,1462.6755120417,-1.0,100.0,0.0,5.0,1.8,1.0,9.0
104.0,4.0,0.0,-1.0,102.0,159.30941464285,-25.455798497398,0.0,26.867872139509,35.0,56.170284758255,-1.0,100.0,0.0,5.0,1.8,1.0,27.0
104.0,12.0,0.0,-1.0,103.0,164.4582098197,-17.34937376084,0.0,52.656392944069,-1.0,-1.0,-1.0,100.0,0.0,5.0,1.8,1.0,1.0
104.0,14.0,0.0,37.0,103.0,199.81683637967,-18.35392288921,0.0,15.877766947122,-1.0,-1.0,-1.0,100.0,0.0,5.0,1.8,1.0,4.0
104.0,16.0,0.0,-1.0,103.0,312.70480958366,148.11088225405,0.0,29.408468415099,-1.0,-1.0,-1.0,100.0,0.0,5.0,1.8,1.0,25.0
104.0,17.0,0.0,-1.0,100.0,204.21676566303,138.61434261739,0.0,3472.2537052321,-1.0,-1.0,-1.0,100.0,35.0,5.0,1.8,1.0,34.0
104.0,21.0,-0.5,7.0,96.0,103.57926452712,7.7325041587542,0.0,1118.1187735486,23.0,272.62401472138,11.938159330001,100.0,22.836352505051,5.0,1.8,1.0,16.0
104.0,23.0,-0.1,21.0,89.0,97.258269192742,7.7306613029717,0.0,1395.7427882699,-1.0,-1.0,-1.0,100.0,22.909698305932,5.0,1.8,1.0,16.0
104.0,34.0,-0.1,-1.0,79.0,105.07345915282,10.93293978401,0.0,1058.6826994333,-1.0,-1.0,-1.0,100.0,17.76439721983,5.0,1.8,1.0,6.0
105.0,1.0,0.0,-1.0,99.0,146.88265931551,30.693828164606,0.0,25.471625137068,9.0,1476.7061968814,-1.0,100.0,0.0,5.0,1.8,1.0,9.0
105.0,4.0,0.0,-1.0,103.0,159.30941464285,-25.455798497398,0.0,26.867872139509,37.0,132.64146804431,-1.0,100.0,0.0,5.0,1.8,1.0,27.0
105.0,12.0,0.0,-1.0,104.0,164.4582098197,-17.34937376084,0.0,52.656392944069,-1.0,-1.0,-1.0,100.0,0.0,5.0,1.8,1.0,1.0
105.0,14.0,0.0,37.0,104.0,199.81683637967,-18.35392288921,0.0,15.877766947122,-1.0,-1.0,-1.0,100.0,0.0,5.0,1.8,1.0,4.0
105.0,16.0,0.0,-1.0,104.0,312.70480958366,148.11088225405,0.0,29.408468415099,-1.0,-1.0,-1.0,100.0,0.0,5.0,1.8,1.0,25.0
105.0,17.0,0.0,-1.0,101.0,203.11584066303,138.61539261739,0.0,3507.2537052321,-1.0,-1.0,-1.0,100.0,35.0,5.0,1.8,1.0,34.0
105.0,21.0,-0.5,7.0,97.0,103.0716394597,7.7323561631078,0.0,1140.4551260536,23.0,273.09736052226,12.226587150274,100.0,22.336352505051,5.0,1.8,1.0,16.0
105.0,23.0,-0.1,21.0,90.0,96.737192650652,7.7305093856124,0.0,1418.5524865759,-1.0,-1.0,-1.0,100.0,22.809698305932,5.0,1.8,1.0,16.0
105.0,34.0,-0.1,-1.0,80.0,104.66957828366,10.932822034485,0.0,1076.3470966531,-1.0,-1.0,-1.0,100.0,17.66439721983,5.0,1.8,1.0,6.0
106.0,1.0,0.0,-1.0,100.0,146.88265931551,30.693828164606,0.0,25.471625137068,9.0,1492.6702446106,-1.0,100.0,0.0,5.0,1.8,1.0,9.0
106.0,4.0,0.0,-1.0,104.0,159.30941464285,-25.455798497398,0.0,26.867872139509,37.0,132.9858712425,-1.0,100.0,0.0,5.0,1.8,1.0,27.0
106.0,12.0,0.0,-1.0,105.0,164.4582098197,-17.34937376084,0.0,52.656392944069,35.0,50.422109840528,-1.0,100.0,0.0,5.0,1.8,1.0,1.0
106.0,14.0,0.0,37.0,105.0,199.81683637967,-18.35392288921,0.0,15.877766947122,-1.0,-1.0,-1.0,100.0,0.0,5.0,1.8,1.0,4.0
106.0,16.0,0.0,-1.0,105.0,312.70480958366,148.11088225405,0.0,29.408468415099,-1.0,-1.0,-1.0,100.0,0.0,5.0,1.8,1.0,25.0
106.0,17.0,0.0,-1.0,102.0,202.01491566303,138.61644261739,0.0,3542.2537052321,-1.0,-1.0,-1.0,100.0,35.0,5.0,1.8,1.0,34.0
106.0,21.0,0.93904246529564,7.0,98.0,102.53352498448,7.7321992784211,0.0,1163.730521024,23.0,272.53166385785,11.709002756132,100.0,23.275394970347,5.0,1.8,1.0,16.0
106.0,23.0,-0.1,21.0,91.0,96.218402775229,7.7303581349199,0.0,1441.2621848818,-1.0,-1.0,-1.0,100.0,22.709698305932,5.0,1.8,1.0,16.0
106.0,34.0,-0.1,-1.0,81.0,104.26798408116,10.932704951627,0.0,1093.911493873,-1.0,-1.0,-1.0,100.0,17.56439721983,5.0,1.8,1.0,6.0
107.0,1.0,0.0,-1.0,101.0,146.88265931551,30.693828164606,0.0,25.471625137068,9.0,1504.1342923398,-1.0,100.0,0.0,5.0,1.8,1.0,9.0
107.0,4.0,0.0,-1.0,105.0,159.30941464285,-25.455798497398,0.0,26.867872139509,37.0,133.11721758746,-1.0,100.0,0.0,5.0,1.8,1.0,27.0
107.0,12.0,0.0,-1.0,106.0,164.4582098197,-17.34937376084,0.0,52.656392944069,35.0,62.305675467951,-1.0,100.0,0.0,5.0,1.8,1.0,1.0
107.0,14.0,0.0,37.0,106.0,199.81683637967,-18.35392288921,0.0,15.877766947122,-1.0,-1.0,-1.0,100.0,0.0,5.0,1.8,1.0,4.0
107.0,16.0,0.0,-1.0,106.0,312.70480958366,148.11088225405,0.0,29.408468415099,-1.0,-1.0,-1.0,100.0,0.0,5.0,1.8,1.0,25.0
107.0,17.0,0.0,-1.0,103.0,200.91399066303,138.61749261739,0.0,3577.2537052321,-1.0,-1.0,-1.0,100.0,35.0,5.0,1.8,1.0,34.0
107.0,21.0,-0.5,7.0,99.0,102.01586047936,7.7320483558249,0.0,1186.5059159943,23.0,272.36596719343,11.958781287791,100.0,22.775394970347,5.0,1.8,1.0,16.0
107.0,23.0,-0.1,21.0,92.0,95.701899566472,7.730207550894,0.0,1463.8718831877,-1.0,-1.0,-1.0,100.0,22.609698305932,5.0,1.8,1.0,16.0
107.0,34.0,-0.1,-1.0,82.0,103.86867654533,10.932588535436,0.0,1111.3758910928,-1.0,-1.0,-1.0,100.0,17.46439721983,5.0,1.8,1.0,6.0
108.0,1.0,0.0,-1.0,102.0,146.88265931551,30.693828164606,0.0,25.471625137068,9.0,1511.098340069,-1.0,100.0,0.0,5.0,1.8,1.0,9.0
108.0,4.0,0.0,-1.0,106.0,159.30941464285,-25.455798497398,0.0,26.867872139509,14.0,140.72989480761,-1.0,100.0,0.0,5.0,1.8,1.0,27.0
108.0,12.0,0.0,-1.0,107.0,164.4582098197,-17.34937376084,0.0,52.656392944069,35.0,74.906027035689,-1.0,100.0,0.0,5.0,1.8,1.0,1.0
108.0,14.0,0.0,4.0,107.0,199.81683637967,-18.35392288921,0.0,15.877766947122,-1.0,-1.0,-1.0,100.0,0.0,5.0,1.8,1.0,4.0
108.0,16.0,0.0,-1.0,107.0,312.70480958366,148.11088225405,0.0,29.408468415099,-1.0,-1.0,-1.0,100.0,0.0,5.0,1.8,1.0,25.0
108.0,17.0,0.0,-1.0,104.0,199.81306566303,138.61854261739,0.0,3612.2537052321,-1.0,-1.0,-1.0,100.0,35.0,5.0,1.8,1.0,34.0
108.0,21.0,2.0143539644778,7.0,100.0,101.43638017634,7.7318794111301,0.0,1211.2956649291,23.0,270.08591656454,10.895064620244,100.0,24.789748934825,5.0,1.8,1.0,16.0
108.0,23.0,-0.1,21.0,93.0,95.187683024383,7.7300576335348,0.0,1486.3815814937,-1.0,-1.0,-1.0,100.0,22.509698305932,5.0,1.8,1.0,16.0
108.0,34.0,-0.1,-1.0,83.0,103.47165567617,10.932472785911,0.0,1128.7402883126,-1.0,-1.0,-1.0,100.0,17.36439721983,5.0,1.8,1.0,6.0
109.0,1.0,0.0,-1.0,103.0,146.88265931551,30.693828164606,0.0,25.471625137068,9.0,1513.5623877982,-1.0,100.0,0.0,5.0,1.8,1.0,9.0
109.0,4.0,0.0,-1.0,107.0,159.30941464285,-25.455798497398,0.0,26.867872139509,14.0,140.72989480761,-1.0,100.0,0.0,5.0,1.8,1.0,27.0
109.0,12.0,0.0,-1.0,108.0,164.4582098197,-17.34937376084,0.0,52.656392944069,35.0,87.789818175931,-1.0,100.0,0.0,5.0,1.8,1.0,1.0
109.0,14.0,0.0,4.0,108.0,199.81683637967,-18.35392288921,0.0,15.877766947122,-1.0,-1.0,-1.0,100.0,0.0,5.0,1.8,1.0,4.0
109.0,16.0,0.0,-1.0,108.0,312.70480958366,148.11088225405,0.0,29.408468415099,-1.0,-1.0,-1.0,100.0,0.0,5.0,1.8,1.0,25.0
109.0,17.0,0.0,-1.0,105.0,198.71214066303,138.61959261739,0.0,3647.2537052321,-1.0,-1.0,-1.0,100.0,35.0,5.0,1.8,1.0,34.0
109.0,21.0,-0.5,7.0,101.0,100.8840874439,7.7317183928408,0.0,1235.585413864,-1.0,-1.0,-1.0,100.0,24.289748934825,5.0,1.8,1.0,16.0
109.0,23.0,-0.1,21.0,94.0,86.081305338086,7.768252982804,0.0,8.7912797996021,-1.0,-1.0,-1.0,100.0,22.409698305932,5.0,1.8,1.0,39.0
109.0,34.0,-0.1,-1.0,84.0,103.07692147368,10.932357703054,0.0,1146.0046855325,-1.0,-1.0,-1.0,100.0,17.26439721983,5.0,1.8,1.0,6.0
110.0,1.0,0.0,-1.0,104.0,146.88265931551,30.693828164606,0.0,25.471625137068,9.0,1518.1953407977,-1.0,100.0,0.0,5.0,1.8,1.0,9.0
110.0,4.0,0.0,-1.0,108.0,159.30941464285,-25.455798497398,0.0,26.867872139509,14.0,140.72989480761,-1.0,100.0,0.0,5.0,1.8,1.0,27.0
110.0,12.0,0.0,-1.0,109.0,164.4582098197,-17.34937376084,0.0,52.656392944069,-1.0,-1.0,-1.0,100.0,0.0,5.0,1.8,1.0,1.0
110.0,14.0,0.0,4.0,109.0,199.81683637967,-18.35392288921,0.0,15.877766947122,-1.0,-1.0,-1.0,100.0,0.0,5.0,1.8,1.0,4.0
110.0,16.0,0.0,-1.0,109.0,312.70480958366,148.11088225405,0.0,29.408468415099,-1.0,-1.0,-1.0,100.0,0.0,5.0,1.8,1.0,25.0
110.0,17.0,0.0,-1.0,106.0,197.61121566303,138.62064261739,0.0,3682.2537052321,-1.0,-1.0,-1.0,100.0,35.0,5.0,1.8,1.0,34.0
110.0,21.0,-0.5,7.0,102.0,100.34322804478,7.7315607078847,0.0,1259.3751627988,23.0,266.72581530675,11.211796141165,100.0,23.789748934825,5.0,1.8,1.0,16.0
110.0,23.0,-0.1,-1.0,95.0,73.199004049303,7.8244626690399,0.0,10.150978105534,-1.0,-1.0,-1.0,100.0,22.309698305932,5.0,1.8,1.0,40.0
110.0,34.0,-0.1,-1.0,85.0,102.68447393785,10.932243286862,0.0,1163.1690827523,-1.0,-1.0,-1.0,100.0,17.16439721983,5.0,1.8,1.0,6.0
111.0,1.0,0.0,-1.0,105.0,146.88265931551,30.693828164606,0.0,25.471625137068,9.0,1524.8095672543,-1.0,100.0,0.0,5.0,1.8,1.0,9.0
111.0,4.0,0.0,-1.0,109.0,159.30941464285,-25.455798497398,0.0,26.867872139509,14.0,140.72989480761,-1.0,100.0,0.0,5.0,1.8,1.0,27.0
111.0,12.0,0.0,-1.0,110.0,164.4582098197,-17.34937376084,0.0,52.656392944069,-1.0,-1.0,-1.0,100.0,0.0,5.0,1.8,1.0,1.0
111.0,14.0,0.0,4.0,110.0,199.81683637967,-18.35392288921,0.0,15.877766947122,-1.0,-1.0,-1.0,100.0,0.0,5.0,1.8,1.0,4.0
111.0,16.0,0.0,-1.0,110.0,312.70480958366,148.11088225405,0.0,29.408468415099,-1.0,-1.0,-1.0,100.0,0.0,5.0,1.8,1.0,25.0
111.0,17.0,0.0,-1.0,107.0,196.51029066303,138.62169261739,0.0,3717.2537052321,-1.0,-1.0,-1.0,100.0,35.0,5.0,1.8,1.0,34.0
111.0,21.0,-0.5,7.0,103.0,99.813801979004,7.7314063562621,0.0,1282.6649117336,23.0,265.64576467786,11.406124017105,100.0,23.289748934825,5.0,1.8,1.0,16.0
111.0,23.0,-0.1,21.0,96.0,71.627951015751,7.8328996412382,0.0,32.360676411466,-1.0,-1.0,-1.0,100.0,22.209698305932,5.0,1.8,1.0,40.0
111.0,34.0,0.58276358977893,-1.0,86.0,102.27839320253,10.932124895977,0.0,1180.9162435619,-1.0,-1.0,-1.0,100.0,17.747160809609,5.0,1.8,1.0,6.0
112.0,1.0,0.0,-1.0,106.0,146.88265931551,30.693828164606,0.0,25.471625137068,9.0,1533.2544231171,-1.0,100.0,0.0,5.0,1.8,1.0,9.0
112.0,4.0,0.0,-1.0,110.0,159.30941464285,-25.455798497398,0.0,26.867872139509,14.0,140.72989480761,-1.0,100.0,0.0,5.0,1.8,1.0,27.0
112.0,12.0,0.0,-1.0,111.0,164.4582098197,-17.34937376084,0.0,52.656392944069,-1.0,-1.0,-1.0,100.0,0.0,5.0,1.8,1.0,1.0
112.0,14.0,0.0,4.0,111.0,199.81683637967,-18.35392288921,0.0,15.877766947122,-1.0,-1.0,-1.0,100.0,0.0,5.0,1.8,1.0,4.0
112.0,16.0,0.0,-1.0,111.0,312.70480958366,148.11088225405,0.0,29.408468415099,-1.0,-1.0,-1.0,100.0,0.0,5.0,1.8,1.0,25.0
112.0,17.0,0.0,-1.0,108.0,195.40936566303,138.62274261739,0.0,3752.2537052321,-1.0,-1.0,-1.0,100.0,35.0,5.0,1.8,1.0,34.0
112.0,21.0,-0.5,7.0,104.0,99.295809246558,7.7312553379728,0.0,1305.4546606684,23.0,264.96571404897,11.626530630361,100.0,22.789748934825,5.0,1.8,1.0,16.0
112.0,23.0,-0.1,21.0,97.0,70.063973982199,7.8412986134364,0.0,54.470374717398,-1.0,-1.0,-1.0,100.0,22.109698305932,5.0,1.8,1.0,40.0
112.0,34.0,-0.1,-1.0,87.0,101.87490647262,10.932007261362,0.0,1198.5634043715,-1.0,-1.0,-1.0,100.0,17.647160809609,5.0,1.8,1.0,6.0
113.0,1.0,0.0,-1.0,107.0,146.88265931551,30.693828164606,0.0,25.471625137068,9.0,1544.1229551511,-1.0,100.0,0.0,5.0,1.8,1.0,9.0
113.0,4.0,0.0,-1.0,111.0,159.30941464285,-25.455798497398,0.0,26.867872139509,14.0,140.72989480761,-1.0,100.0,0.0,5.0,1.8,1.0,27.0
113.0,12.0,0.0,-1.0,112.0,164.4582098197,-17.34937376084,0.0,52.656392944069,-1.0,-1.0,-1.0,100.0,0.0,5.0,1.8,1.0,1.0
113.0,14.0,0.0,4.0,112.0,199.81683637967,-18.35392288921,0.0,15.877766947122,-1.0,-1.0,-1.0,100.0,0.0,5.0,1.8,1.0,4.0
113.0,16.0,0.0,-1.0,112.0,312.70480958366,148.11088225405,0.0,29.408468415099,-1.0,-1.0,-1.0,100.0,0.0,5.0,1.8,1.0,25.0
113.0,17.0,0.0,-1.0,109.0,194.30844066303,138.62379261739,0.0,3787.2537052321,-1.0,-1.0,-1.0,100.0,35.0,5.0,1.8,1.0,34.0
113.0,21.0,-0.5,7.0,105.0,98.789249847446,7.7311076530167,0.0,1327.7444096033,23.0,264.68566342007,11.874770962832,100.0,22.289748934825,5.0,1.8,1.0,16.0
113.0,23.0,-0.1,21.0,98.0,68.507072948646,7.8496595856348,0.0,76.48007302333,-1.0,-1.0,-1.0,100.0,22.009698305932,5.0,1.8,1.0,40.0
113.0,34.0,-0.1,-1.0,88.0,101.47370640937,10.931890293414,0.0,1216.1105651811,-1.0,-1.0,-1.0,100.0,17.547160809609,5.0,1.8,1.0,6.0
114.0,1.0,0.0,-1.0,108.0,146.88265931551,30.693828164606,0.0,25.471625137068,9.0,1556.9387898558,-1.0,100.0,0.0,5.0,1.8,1.0,9.0
114.0,4.0,0.0,-1.0,112.0,159.30941464285,-25.455798497398,0.0,26.867872139509,14.0,140.72989480761,-1.0,100.0,0.0,5.0,1.8,1.0,27.0
114.0,12.0,0.0,-1.0,113.0,164.4582098197,-17.34937376084,0.0,52.656392944069,-1.0,-1.0,-1.0,100.0,0.0,5.0,1.8,1.0,1.0
114.0,14.0,0.0,4.0,113.0,199.81683637967,-18.35392288921,0.0,15.877766947122,35.0,14.402577577602,-1.0,100.0,0.0,5.0,1.8,1.0,4.0
114.0,16.0,0.0,-1.0,113.0,312.70480958366,148.11088225405,0.0,29.408468415099,-1.0,-1.0,-1.0,100.0,0.0,5.0,1.8,1.0,25.0
114.0,17.0,0.0,-1.0,110.0,193.20751566303,138.62484261739,0.0,3822.2537052321,-1.0,-1.0,-1.0,100.0,35.0,5.0,1.8,1.0,34.0
114.0,21.0,0.040632176212966,7.0,106.0,98.278373876212,7.7309587095849,0.0,1350.0747907143,23.0,264.26498061497,11.834324694277,100.0,22.330381111038,5.0,1.8,1.0,16.0
114.0,23.0,-0.1,21.0,99.0,66.957247915094,7.8579825578331,0.0,98.389771329262,-1.0,-1.0,-1.0,100.0,21.909698305932,5.0,1.8,1.0,40.0
114.0,34.0,0.5888459620066,-1.0,89.0,101.05873132515,10.931769309424,0.0,1234.2465719527,-1.0,-1.0,-1.0,100.0,18.136006771616,5.0,1.8,1.0,6.0
115.0,1.0,0.0,-1.0,109.0,146.88265931551,30.693828164606,0.0,25.471625137068,9.0,1565.2546245606,-1.0,100.0,0.0,5.0,1.8,1.0,9.0
115.0,4.0,0.0,-1.0,113.0,159.30941464285,-25.455798497398,0.0,26.867872139509,14.0,140.72989480761,-1.0,100.0,0.0,5.0,1.8,1.0,27.0
115.0,12.0,0.0,-1.0,114.0,164.4582098197,-17.34937376084,0.0,52.656392944069,-1.0,-1.0,-1.0,100.0,0.0,5.0,1.8,1.0,1.0
115.0,14.0,0.0,4.0,114.0,199.81683637967,-18.35392288921,0.0,15.877766947122,35.0,23.525493110195,-1.0,100.0,0.0,5.0,1.8,1.0,4.0
115.0,16.0,0.0,-1.0,114.0,312.70480958366,148.11088225405,0.0,29.408468415099,-1.0,-1.0,-1.0,100.0,0.0,5.0,1.8,1.0,25.0
115.0,17.0,0.0,-1.0,111.0,192.10659066303,138.62589261739,0.0,3857.2537052321,-1.0,-1.0,-1.0,100.0,35.0,5.0,1.8,1.0,34.0
115.0,21.0,-0.5,7.0,107.0,97.782318688003,7.7308140870811,0.0,1371.9051718253,23.0,264.62342376077,12.121795877717,100.0,21.830381111038,5.0,1.8,1.0,16.0
115.0,23.0,0.27912595090458,21.0,100.0,65.385756514527,7.8664218841786,0.0,120.5785955861,-1.0,-1.0,-1.0,100.0,22.188824256837,5.0,1.8,1.0,40.0
115.0,34.0,-0.1,-1.0,90.0,100.64635298423,10.931649082503,0.0,1252.2825787243,-1.0,-1.0,-1.0,100.0,18.036006771616,5.0,1.8,1.0,6.0
116.0,1.0,0.0,-1.0,110.0,146.88265931551,30.693828164606,0.0,25.471625137068,9.0,1569.0704592653,-1.0,100.0,0.0,5.0,1.8,1.0,9.0
116.0,4.0,0.0,-1.0,114.0,159.30941464285,-25.455798497398,0.0,26.867872139509,14.0,140.72989480761,-1.0,100.0,0.0,5.0,1.8,1.0,27.0
116.0,12.0,0.0,-1.0,115.0,164.4582098197,-17.34937376084,0.0,52.656392944069,-1.0,-1.0,-1.0,100.0,0.0,5.0,1.8,1.0,1.0
116.0,14.0,0.0,4.0,115.0,199.81683637967,-18.35392288921,0.0,15.877766947122,35.0,34.381220082127,-1.0,100.0,0.0,5.0,1.8,1.0,4.0
116.0,16.0,0.0,-1.0,115.0,312.70480958366,148.11088225405,0.0,29.408468415099,-1.0,-1.0,-1.0,100.0,0.0,5.0,1.8,1.0,25.0
116.0,17.0,0.0,-1.0,112.0,191.00566566303,138.62694261739,0.0,3892.2537052321,-1.0,-1.0,-1.0,100.0,35.0,5.0,1.8,1.0,34.0
116.0,21.0,0.04627185408026,7.0,108.0,97.281782630399,7.7306681582013,0.0,1393.7818247904,23.0,265.01987475476,12.114278869685,100.0,21.876652965118,5.0,1.8,1.0,16.0
116.0,23.0,0.084279702277854,21.0,101.0,63.809285881669,7.8748879503245,0.0,142.85169954521,-1.0,-1.0,-1.0,100.0,22.273103959114,5.0,1.8,1.0,40.0
116.0,34.0,-0.1,-1.0,91.0,100.23626130998,10.931529522248,0.0,1270.218585496,-1.0,-1.0,-1.0,100.0,17.936006771616,5.0,1.8,1.0,6.0
117.0,1.0,0.0,-1.0,111.0,146.88265931551,30.693828164606,0.0,25.471625137068,9.0,1575.0622811821,-1.0,100.0,0.0,5.0,1.8,1.0,9.0
117.0,4.0,0.0,-1.0,115.0,159.30941464285,-25.455798497398,0.0,26.867872139509,14.0,140.72989480761,-1.0,100.0,0.0,5.0,1.8,1.0,27.0
117.0,12.0,0.0,-1.0,116.0,164.4582098197,-17.34937376084,0.0,52.656392944069,-1.0,-1.0,-1.0,100.0,0.0,5.0,1.8,1.0,1.0
117.0,14.0,0.0,4.0,116.0,199.81683637967,-18.35392288921,0.0,15.877766947122,35.0,46.629826703801,-1.0,100.0,0.0,5.0,1.8,1.0,4.0
117.0,16.0,0.0,-1.0,116.0,312.70480958366,148.11088225405,0.0,29.408468415099,-1.0,-1.0,-1.0,100.0,0.0,5.0,1.8,1.0,25.0
117.0,17.0,0.0,-1.0,113.0,189.90474066303,138.62799261739,0.0,3927.2537052321,-1.0,-1.0,-1.0,100.0,35.0,5.0,1.8,1.0,34.0
117.0,21.0,2.7850441946648,7.0,109.0,96.700401515658,7.730498659334,0.0,1418.4435219502,23.0,262.9678769995,10.663008117233,100.0,24.661697159783,5.0,1.8,1.0,16.0
117.0,23.0,0.33659544540569,21.0,102.0,62.207723009091,7.8834887684645,0.0,165.46139894973,-1.0,-1.0,-1.0,100.0,22.60969940452,5.0,1.8,1.0,40.0
117.0,34.0,-0.1,-1.0,92.0,99.828456302405,10.93141062866,0.0,1288.0545922676,-1.0,-1.0,-1.0,100.0,17.836006771616,5.0,1.8,1.0,6.0
118.0,1.0,0.0,-1.0,112.0,146.88265931551,30.693828164606,0.0,25.471625137068,9.0,1583.3801620448,-1.0,100.0,0.0,5.0,1.8,1.0,9.0
118.0,4.0,0.0,-1.0,116.0,159.30941464285,-25.455798497398,0.0,26.867872139509,14.0,140.72989480761,-1.0,100.0,0.0,5.0,1.8,1.0,27.0
118.0,12.0,0.0,-1.0,117.0,164.4582098197,-17.34937376084,0.0,52.656392944069,-1.0,-1.0,-1.0,100.0,0.0,5.0,1.8,1.0,1.0
118.0,14.0,0.0,4.0,117.0,199.81683637967,-18.35392288921,0.0,15.877766947122,35.0,59.625257008617,-1.0,100.0,0.0,5.0,1.8,1.0,4.0
118.0,16.0,0.0,-1.0,117.0,312.70480958366,148.11088225405,0.0,29.408468415099,-1.0,-1.0,-1.0,100.0,0.0,5.0,1.8,1.0,25.0
118.0,17.0,0.0,-1.0,114.0,188.80381566303,138.62904261739,0.0,3962.2537052321,-1.0,-1.0,-1.0,100.0,35.0,5.0,1.8,1.0,34.0
118.0,21.0,-0.5,7.0,110.0,96.151036900469,7.7303384947232,0.0,1442.60521911,23.0,261.31587924424,10.815294865925,100.0,24.161697159783,5.0,1.8,1.0,16.0
118.0,23.0,-0.1,21.0,103.0,60.615441897803,7.8920397410802,0.0,187.97109835425,-1.0,-1.0,-1.0,100.0,22.50969940452,5.0,1.8,1.0,40.0
118.0,34.0,-0.1,-1.0,93.0,99.422937961491,10.931292401738,0.0,1305.7905990392,-1.0,-1.0,-1.0,100.0,17.736006771616,5.0,1.8,1.0,6.0
119.0,1.0,0.0,-1.0,113.0,146.88265931551,30.693828164606,0.0,25.471625137068,-1.0,-1.0,-1.0,100.0,0.0,5.0,1.8,1.0,9.0
119.0,4.0,0.0,-1.0,117.0,159.30941464285,-25.455798497398,0.0,26.867872139509,14.0,140.72989480761,-1.0,100.0,0.0,5.0,1.8,1.0,27.0
119.0,12.0,0.0,-1.0,118.0,164.4582098197,-17.34937376084,0.0,52.656392944069,-1.0,-1.0,-1.0,100.0,0.0,5.0,1.8,1.0,1.0
119.0,14.0,0.0,4.0,118.0,199.81683637967,-18.35392288921,0.0,15.877766947122,35.0,72.576823100411,-1.0,100.0,0.0,5.0,1.8,1.0,4.0
119.0,16.0,0.0,-1.0,118.0,312.70480958366,148.11088225405,0.0,29.408468415099,-1.0,-1.0,-1.0,100.0,0.0,5.0,1.8,1.0,25.0
119.0,17.0,0.0,-1.0,115.0,187.70289066303,138.63009261739,0.0,3997.2537052321,-1.0,-1.0,-1.0,100.0,35.0,5.0,1.8,1.0,34.0
119.0,21.0,-0.5,7.0,111.0,95.613105618612,7.7301816634456,0.0,1466.2669162698,23.0,260.06388148898,10.990922575537,100.0,23.661697159783,5.0,1.8,1.0,16.0
119.0,23.0,-0.1,21.0,104.0,59.030236786515,7.900552713696,0.0,210.38079775877,-1.0,-1.0,-1.0,100.0,22.40969940452,5.0,1.8,1.0,40.0
119.0,34.0,-0.1,-1.0,94.0,99.019706287244,10.931174841483,0.0,1323.4266058108,-1.0,-1.0,-1.0,100.0,17.636006771616,5.0,1.8,1.0,6.0
120.0,1.0,0.0,37.0,114.0,146.88265931551,30.693828164606,0.0,25.471625137068,-1.0,-1.0,-1.0,100.0,0.0,5.0,1.8,1.0,9.0
120.0,4.0,0.0,-1.0,118.0,159.30941464285,-25.455798497398,0.0,26.867872139509,14.0,140.72989480761,-1.0,100.0,0.0,5.0,1.8,1.0,27.0
120.0,12.0,0.0,-1.0,119.0,164.4582098197,-17.34937376084,0.0,52.656392944069,-1.0,-1.0,-1.0,100.0,0.0,5.0,1.8,1.0,1.0
120.0,14.0,0.0,4.0,119.0,199.81683637967,-18.35392288921,0.0,15.877766947122,35.0,81.567148370645,-1.0,100.0,0.0,5.0,1.8,1.0,4.0
120.0,16.0,0.0,-1.0,119.0,312.70480958366,148.11088225405,0.0,29.408468415099,-1.0,-1.0,-1.0,100.0,0.0,5.0,1.8,1.0,25.0
120.0,17.0,0.0,-1.0,116.0,169.4164436659,119.91611868962,0.0,2.5337052321013,-1.0,-1.0,-1.0,100.0,35.0,5.0,1.8,1.0,45.0
120.0,21.0,-0.5,7.0,112.0,95.086607670089,7.7300281655015,0.0,1489.4286134296,23.0,259.21188373371,11.191402855565,100.0,23.161697159783,5.0,1.8,1.0,16.0
120.0,23.0,-0.1,21.0,105.0,57.452107675226,7.9090276863117,0.0,232.69049716329,-1.0,-1.0,-1.0,100.0,22.30969940452,5.0,1.8,1.0,40.0
120.0,34.0,-0.057591837132343,-1.0,95.0,98.617772456759,10.931057659608,0.0,1341.0050207453,-1.0,-1.0,-1.0,100.0,17.578414934483,5.0,1.8,1.0,6.0
121.0,1.0,0.0,-1.0,115.0,146.88265931551,30.693828164606,0.0,25.471625137068,-1.0,-1.0,-1.0,100.0,0.0,5.0,1.8,1.0,9.0
121.0,4.0,0.0,-1.0,119.0,159.30941464285,-25.455798497398,0.0,26.867872139509,14.0,140.72989480761,-1.0,100.0,0.0,5.0,1.8,1.0,27.0
121.0,12.0,0.0,-1.0,120.0,164.4582098197,-17.34937376084,0.0,52.656392944069,-1.0,-1.0,-1.0,100.0,0.0,5.0,1.8,1.0,1.0
121.0,14.0,0.0,4.0,120.0,199.81683637967,-18.35392288921,0.0,15.877766947122,35.0,90.573687621017,-1.0,100.0,0.0,5.0,1.8,1.0,4.0
121.0,16.0,0.0,-1.0,120.0,312.70480958366,148.11088225405,0.0,29.408468415099,-1.0,-1.0,-1.0,100.0,0.0,5.0,1.8,1.0,25.0
121.0,17.0,0.0,-1.0,117.0,169.44873065462,118.64403530374,0.0,37.533705232101,-1.0,-1.0,-1.0,100.0,35.0,5.0,1.8,1.0,45.0
121.0,21.0,-0.5,7.0,113.0,82.751927839308,7.7825489739724,0.0,12.090310589363,23.0,258.75988597845,11.418380722061,100.0,22.661697159783,5.0,1.8,1.0,39.0
121.0,23.0,-0.1,21.0,106.0,55.881054563938,7.9174646589274,0.0,254.90019656781,-1.0,-1.0,-1.0,100.0,22.20969940452,5.0,1.8,1.0,40.0
121.0,34.0,1.3594120123889,-1.0,96.0,98.184115555791,10.930931229025,0.0,1359.9428476922,-1.0,-1.0,-1.0,100.0,18.937826946872,5.0,1.8,1.0,6.0
122.0,1.0,0.0,-1.0,116.0,146.88265931551,30.693828164606,0.0,25.471625137068,-1.0,-1.0,-1.0,100.0,0.0,5.0,1.8,1.0,9.0
122.0,4.0,0.0,-1.0,120.0,159.30941464285,-25.455798497398,0.0,26.867872139509,14.0,140.72989480761,-1.0,100.0,0.0,5.0,1.8,1.0,27.0
122.0,12.0,0.0,-1.0,121.0,164.4582098197,-17.34937376084,0.0,52.656392944069,-1.0,-1.0,-1.0,100.0,0.0,5.0,1.8,1.0,1.0
122.0,14.0,0.0,4.0,121.0,199.81683637967,-18.35392288921,0.0,15.877766947122,-1.0,-1.0,-1.0,100.0,0.0,5.0,1.8,1.0,4.0
122.0,16.0,0.0,-1.0,121.0,312.70480958366,148.11088225405,0.0,29.408468415099,-1.0,-1.0,-1.0,100.0,0.0,5.0,1.8,1.0,25.0
122.0,17.0,0.0,-1.0,118.0,169.45590565462,117.37353530374,0.0,72.533705232101,-1.0,-1.0,-1.0,100.0,35.0,5.0,1.8,1.0,45.0
122.0,21.0,-0.5,7.0,114.0,72.949892944962,7.8258004618557,0.0,13.302007749145,23.0,258.70788822319,11.673649646863,100.0,22.161697159783,5.0,1.8,1.0,40.0
122.0,23.0,-0.1,21.0,107.0,54.317077452649,7.9258636315431,0.0,277.00989597233,-1.0,-1.0,-1.0,100.0,22.10969940452,5.0,1.8,1.0,40.0
122.0,34.0,-0.1,-1.0,97.0,97.753402260204,10.930805656636,0.0,1378.780674639,-1.0,-1.0,-1.0,100.0,18.837826946872,5.0,1.8,1.0,6.0
123.0,1.0,0.0,-1.0,117.0,146.88265931551,30.693828164606,0.0,25.471625137068,-1.0,-1.0,-1.0,100.0,0.0,5.0,1.8,1.0,9.0
123.0,4.0,0.0,-1.0,121.0,159.30941464285,-25.455798497398,0.0,26.867872139509,14.0,140.72989480761,-1.0,100.0,0.0,5.0,1.8,1.0,27.0
123.0,12.0,0.0,-1.0,122.0,164.4582098197,-17.34937376084,0.0,52.656392944069,-1.0,-1.0,-1.0,100.0,0.0,5.0,1.8,1.0,1.0
123.0,14.0,0.0,4.0,122.0,199.81683637967,-18.35392288921,0.0,15.877766947122,-1.0,-1.0,-1.0,100.0,0.0,5.0,1.8,1.0,4.0
123.0,16.0,0.0,-1.0,122.0,312.70480958366,148.11088225405,0.0,29.408468415099,-1.0,-1.0,-1.0,100.0,0.0,5.0,1.8,1.0,25.0
123.0,17.0,0.0,-1.0,119.0,169.46308065462,116.10303530374,0.0,107.5337052321,-1.0,-1.0,-1.0,100.0,35.0,5.0,1.8,1.0,45.0
123.0,21.0,2.7077135713771,7.0,115.0,71.173167911202,7.8353419473395,0.0,38.171418480305,23.0,255.84817689655,10.287665424094,100.0,24.86941073116,5.0,1.8,1.0,40.0
123.0,23.0,-0.1,21.0,108.0,52.760176341361,7.9342246041589,0.0,299.01959537685,-1.0,-1.0,-1.0,100.0,22.00969940452,5.0,1.8,1.0,40.0
123.0,34.0,-0.1,-1.0,98.0,97.324975631283,10.930680750913,0.0,1397.5185015859,-1.0,-1.0,-1.0,100.0,18.737826946872,5.0,1.8,1.0,6.0
124.0,1.0,0.0,-1.0,118.0,146.88265931551,30.693828164606,0.0,25.471625137068,-1.0,-1.0,-1.0,100.0,0.0,5.0,1.8,1.0,9.0
124.0,4.0,0.0,-1.0,122.0,159.30941464285,-25.455798497398,0.0,26.867872139509,14.0,140.72989480761,-1.0,100.0,0.0,5.0,1.8,1.0,27.0
124.0,12.0,0.0,-1.0,123.0,164.4582098197,-17.34937376084,0.0,52.656392944069,-1.0,-1.0,-1.0,100.0,0.0,5.0,1.8,1.0,1.0
124.0,14.0,0.0,4.0,123.0,199.81683637967,-18.35392288921,0.0,15.877766947122,-1.0,-1.0,-1.0,100.0,0.0,5.0,1.8,1.0,4.0
124.0,16.0,0.0,-1.0,123.0,312.70480958366,148.11088225405,0.0,29.408468415099,-1.0,-1.0,-1.0,100.0,0.0,5.0,1.8,1.0,25.0
124.0,17.0,0.0,-1.0,120.0,169.47025565462,114.83253530374,0.0,142.5337052321,-1.0,-1.0,-1.0,100.0,35.0,5.0,1.8,1.0,45.0
124.0,21.0,-0.5,7.0,116.0,69.451921222687,7.8445854993694,0.0,62.540829211465,23.0,253.38846556991,10.397808480692,100.0,24.36941073116,5.0,1.8,1.0,40.0
124.0,23.0,-0.1,21.0,109.0,51.210351230072,7.9425475767746,0.0,320.92929478137,-1.0,-1.0,-1.0,100.0,21.90969940452,5.0,1.8,1.0,40.0
124.0,34.0,-0.1,-1.0,99.0,96.898835669028,10.930556511857,0.0,1416.1563285328,-1.0,-1.0,-1.0,100.0,18.637826946872,5.0,1.8,1.0,6.0
125.0,1.0,0.0,-1.0,119.0,146.88265931551,30.693828164606,0.0,25.471625137068,-1.0,-1.0,-1.0,100.0,0.0,5.0,1.8,1.0,9.0
125.0,4.0,0.0,-1.0,123.0,159.30941464285,-25.455798497398,0.0,26.867872139509,14.0,140.72989480761,-1.0,100.0,0.0,5.0,1.8,1.0,27.0
125.0,12.0,0.0,-1.0,124.0,164.4582098197,-17.34937376084,0.0,52.656392944069,-1.0,-1.0,-1.0,100.0,0.0,5.0,1.8,1.0,1.0
125.0,14.0,0.0,4.0,124.0,199.81683637967,-18.35392288921,0.0,15.877766947122,-1.0,-1.0,-1.0,100.0,0.0,5.0,1.8,1.0,4.0
125.0,16.0,0.0,-1.0,124.0,312.70480958366,148.11088225405,0.0,29.408468415099,-1.0,-1.0,-1.0,100.0,0.0,5.0,1.8,1.0,25.0
125.0,17.0,0.0,-1.0,121.0,169.47743065462,113.56203530374,0.0,177.5337052321,-1.0,-1.0,-1.0,100.0,35.0,5.0,1.8,1.0,45.0
125.0,21.0,0.51429070625454,7.0,117.0,67.687928153881,7.8540586108186,0.0,87.42453064888,23.0,250.31446353702,10.059374171748,100.0,24.883701437414,5.0,1.8,1.0,40.0
125.0,23.0,-0.1,21.0,110.0,49.667602118784,7.9508325493903,0.0,342.73899418589,-1.0,-1.0,-1.0,100.0,21.80969940452,5.0,1.8,1.0,40.0
125.0,34.0,-0.1,-1.0,100.0,96.474982373441,10.930432939467,0.0,1434.6941554797,-1.0,-1.0,-1.0,100.0,18.537826946872,5.0,1.8,1.0,6.0
126.0,1.0,0.0,-1.0,120.0,146.88265931551,30.693828164606,0.0,25.471625137068,-1.0,-1.0,-1.0,100.0,0.0,5.0,1.8,1.0,9.0
126.0,4.0,0.0,-1.0,124.0,159.30941464285,-25.455798497398,0.0,26.867872139509,14.0,140.72989480761,-1.0,100.0,0.0,5.0,1.8,1.0,27.0
126.0,12.0,0.0,-1.0,125.0,164.4582098197,-17.34937376084,0.0,52.656392944069,-1.0,-1.0,-1.0,100.0,0.0,5.0,1.8,1.0,1.0
126.0,14.0,0.0,4.0,125.0,199.81683637967,-18.35392288921,0.0,15.877766947122,-1.0,-1.0,-1.0,100.0,0.0,5.0,1.8,1.0,4.0
126.0,16.0,0.0,-1.0,125.0,312.70480958366,148.11088225405,0.0,29.408468415099,-1.0,-1.0,-1.0,100.0,0.0,5.0,1.8,1.0,25.0
126.0,17.0,0.0,-1.0,122.0,169.48460565462,112.29153530374,0.0,212.5337052321,-1.0,-1.0,-1.0,100.0,35.0,5.0,1.8,1.0,45.0
126.0,21.0,-0.5,7.0,118.0,65.965670254992,7.8633075933168,0.0,111.80823208629,23.0,247.64046150412,10.155983173422,100.0,24.383701437414,5.0,1.8,1.0,40.0
126.0,23.0,-0.1,21.0,111.0,48.131929007495,7.9590795220061,0.0,364.44869359042,-1.0,-1.0,-1.0,100.0,21.70969940452,5.0,1.8,1.0,40.0
126.0,34.0,-0.1,-1.0,101.0,96.05341574452,10.930310033745,0.0,1453.1319824265,-1.0,-1.0,-1.0,100.0,18.437826946872,5.0,1.8,1.0,6.0
127.0,1.0,0.0,-1.0,121.0,146.88265931551,30.693828164606,0.0,25.471625137068,-1.0,-1.0,-1.0,100.0,0.0,5.0,1.8,1.0,9.0
127.0,4.0,0.0,-1.0,125.0,159.30941464285,-25.455798497398,0.0,26.867872139509,14.0,140.72989480761,-1.0,100.0,0.0,5.0,1.8,1.0,27.0
127.0,12.0,0.0,-1.0,126.0,164.4582098197,-17.34937376084,0.0,52.656392944069,-1.0,-1.0,-1.0,100.0,0.0,5.0,1.8,1.0,1.0
127.0,14.0,0.0,4.0,126.0,199.81683637967,-18.35392288921,0.0,15.877766947122,-1.0,-1.0,-1.0,100.0,0.0,5.0,1.8,1.0,4.0
127.0,16.0,0.0,-1.0,126.0,312.70480958366,148.11088225405,0.0,29.408468415099,-1.0,-1.0,-1.0,100.0,0.0,5.0,1.8,1.0,25.0
127.0,17.0,0.0,-1.0,123.0,166.29178065462,111.00103530374,0.0,247.5337052321,-1.0,-1.0,-1.0,100.0,35.0,5.0,1.8,1.0,49.0
127.0,21.0,-0.5,7.0,119.0,64.278792356103,7.8723665758152,0.0,135.69193352371,23.0,245.36645947123,10.273384974025,100.0,23.883701437414,5.0,1.8,1.0,40.0
127.0,23.0,-0.1,21.0,112.0,46.603331896207,7.9672884946219,0.0,386.05839299494,-1.0,-1.0,-1.0,100.0,21.60969940452,5.0,1.8,1.0,40.0
127.0,34.0,-0.1,-1.0,102.0,95.634135782265,10.930187794689,0.0,1471.4698093734,-1.0,-1.0,-1.0,100.0,18.337826946872,5.0,1.8,1.0,6.0
128.0,1.0,0.0,-1.0,122.0,146.88265931551,30.693828164606,0.0,25.471625137068,-1.0,-1.0,-1.0,100.0,0.0,5.0,1.8,1.0,9.0
128.0,4.0,0.0,-1.0,126.0,159.30941464285,-25.455798497398,0.0,26.867872139509,14.0,140.72989480761,-1.0,100.0,0.0,5.0,1.8,1.0,27.0
128.0,12.0,0.0,-1.0,127.0,164.4582098197,-17.34937376084,0.0,52.656392944069,-1.0,-1.0,-1.0,100.0,0.0,5.0,1.8,1.0,1.0
128.0,14.0,0.0,4.0,127.0,199.81683637967,-18.35392288921,0.0,15.877766947122,-1.0,-1.0,-1.0,100.0,0.0,5.0,1.8,1.0,4.0
128.0,16.0,0.0,-1.0,127.0,312.70480958366,148.11088225405,0.0,29.408468415099,-1.0,-1.0,-1.0,100.0,0.0,5.0,1.8,1.0,25.0
128.0,17.0,0.0,18.0,124.0,166.29895565462,109.73053530374,0.0,282.5337052321,-1.0,-1.0,-1.0,100.0,35.0,5.0,1.8,1.0,49.0
128.0,21.0,0.61004591640085,7.0,120.0,62.541792471568,7.8816947266931,0.0,160.18568087752,23.0,242.38241152193,9.8956851322375,100.0,24.493747353815,5.0,1.8,1.0,40.0
128.0,23.0,-0.1,21.0,113.0,45.081810784918,7.9754594672376,0.0,407.56809239946,-1.0,-1.0,-1.0,100.0,21.50969940452,5.0,1.8,1.0,40.0
128.0,34.0,-0.1,-1.0,103.0,95.217142486678,10.930066222299,0.0,1489.7076363203,-1.0,-1.0,-1.0,100.0,18.237826946872,5.0,1.8,1.0,6.0
129.0,1.0,0.0,-1.0,123.0,146.88265931551,30.693828164606,0.0,25.471625137068,-1.0,-1.0,-1.0,100.0,0.0,5.0,1.8,1.0,9.0
129.0,4.0,0.0,-1.0,127.0,159.30941464285,-25.455798497398,0.0,26.867872139509,14.0,140.72989480761,-1.0,100.0,0.0,5.0,1.8,1.0,27.0
129.0,12.0,0.0,-1.0,128.0,164.4582098197,-17.34937376084,0.0,52.656392944069,-1.0,-1.0,-1.0,100.0,0.0,5.0,1.8,1.0,1.0
129.0,14.0,0.0,4.0,128.0,199.81683637967,-18.35392288921,0.0,15.877766947122,-1.0,-1.0,-1.0,100.0,0.0,5.0,1.8,1.0,4.0
129.0,16.0,0.0,-1.0,128.0,312.70480958366,148.11088225405,0.0,29.408468415099,-1.0,-1.0,-1.0,100.0,0.0,5.0,1.8,1.0,25.0
129.0,17.0,0.0,18.0,125.0,166.30613065462,108.46003530374,0.0,317.5337052321,-1.0,-1.0,-1.0,100.0,35.0,5.0,1.8,1.0,49.0
129.0,21.0,-0.5,7.0,121.0,60.847127723635,7.8907955266396,0.0,184.17942823134,23.0,240.02374184178,10.003595449362,100.0,23.993747353815,5.0,1.8,1.0,40.0
129.0,23.0,0.12537826914342,21.0,114.0,43.550279254425,7.9836841984641,0.0,429.20317007312,-1.0,-1.0,-1.0,100.0,21.635077673664,5.0,1.8,1.0,40.0
129.0,34.0,-0.1,-1.0,104.0,87.140117110257,10.963738751675,0.0,7.8454632671389,-1.0,-1.0,-1.0,100.0,18.137826946872,5.0,1.8,1.0,52.0
130.0,1.0,0.0,-1.0,124.0,146.88265931551,30.693828164606,0.0,25.471625137068,-1.0,-1.0,-1.0,100.0,0.0,5.0,1.8,1.0,9.0
130.0,4.0,0.0,-1.0,128.0,159.30941464285,-25.455798497398,0.0,26.867872139509,14.0,140.72989480761,-1.0,100.0,0.0,5.0,1.8,1.0,27.0
130.0,12.0,0.0,-1.0,129.0,164.4582098197,-17.34937376084,0.0,52.656392944069,-1.0,-1.0,-1.0,100.0,0.0,5.0,1.8,1.0,1.0
130.0,14.0,0.0,4.0,129.0,199.81683637967,-18.35392288921,0.0,15.877766947122,-1.0,-1.0,-1.0,100.0,0.0,5.0,1.8,1.0,4.0
130.0,16.0,0.0,-1.0,129.0,312.70480958366,148.11088225405,0.0,29.408468415099,-1.0,-1.0,-1.0,100.0,0.0,5.0,1.8,1.0,25.0
130.0,17.0,0.0,18.0,126.0,166.31330565462,107.18953530374,0.0,352.5337052321,-1.0,-1.0,-1.0,100.0,35.0,5.0,1.8,1.0,49.0
130.0,21.0,-0.5,7.0,122.0,59.187842975701,7.8997063265861,0.0,207.67317558515,23.0,238.06507216163,10.133124723629,100.0,23.493747353815,5.0,1.8,1.0,40.0
130.0,23.0,-0.1,21.0,115.0,42.026962376811,7.9918648148221,0.0,450.73824774678,-1.0,-1.0,-1.0,100.0,21.535077673664,5.0,1.8,1.0,40.0
130.0,34.0,-0.1,-1.0,105.0,73.692800958876,11.021916857475,0.0,4.933290214011,-1.0,-1.0,-1.0,100.0,18.037826946872,5.0,1.8,1.0,53.0
131.0,1.0,0.0,-1.0,125.0,146.88265931551,30.693828164606,0.0,25.471625137068,-1.0,-1.0,-1.0,100.0,0.0,5.0,1.8,1.0,9.0
131.0,4.0,0.0,-1.0,129.0,159.30941464285,-25.455798497398,0.0,26.867872139509,14.0,140.72989480761,-1.0,100.0,0.0,5.0,1.8,1.0,27.0
131.0,12.0,0.0,-1.0,130.0,164.4582098197,-17.34937376084,0.0,52.656392944069,-1.0,-1.0,-1.0,100.0,0.0,5.0,1.8,1.0,1.0
131.0,14.0,0.0,4.0,130.0,199.81683637967,-18.35392288921,0.0,15.877766947122,-1.0,-1.0,-1.0,100.0,0.0,5.0,1.8,1.0,4.0
131.0,16.0,0.0,-1.0,130.0,312.70480958366,148.11088225405,0.0,29.408468415099,-1.0,-1.0,-1.0,100.0,0.0,5.0,1.8,1.0,25.0
131.0,17.0,0.0,18.0,127.0,166.32048065462,105.91903530374,0.0,387.5337052321,-1.0,-1.0,-1.0,100.0,35.0,5.0,1.8,1.0,49.0
131.0,21.0,-0.5,7.0,123.0,57.563938227768,7.9084271265326,0.0,230.66692293897,23.0,236.50640248148,10.285683270423,100.0,22.993747353815,5.0,1.8,1.0,40.0
131.0,23.0,-0.1,21.0,116.0,40.510721499198,8.0000074311801,0.0,472.17332542045,-1.0,-1.0,-1.0,100.0,21.435077673664,5.0,1.8,1.0,40.0
131.0,34.0,-0.1,-1.0,106.0,72.423565344777,11.028734386221,0.0,22.871117160883,-1.0,-1.0,-1.0,100.0,17.937826946872,5.0,1.8,1.0,53.0
132.0,1.0,0.0,-1.0,126.0,146.88265931551,30.693828164606,0.0,25.471625137068,-1.0,-1.0,-1.0,100.0,0.0,5.0,1.8,1.0,9.0
132.0,4.0,0.0,-1.0,130.0,159.30941464285,-25.455798497398,0.0,26.867872139509,14.0,140.72989480761,-1.0,100.0,0.0,5.0,1.8,1.0,27.0
132.0,12.0,0.0,-1.0,131.0,164.4582098197,-17.34937376084,0.0,52.656392944069,-1.0,-1.0,-1.0,100.0,0.0,5.0,1.8,1.0,1.0
132.0,14.0,0.0,4.0,131.0,199.81683637967,-18.35392288921,0.0,15.877766947122,-1.0,-1.0,-1.0,100.0,0.0,5.0,1.8,1.0,4.0
132.0,16.0,0.0,-1.0,131.0,312.70480958366,148.11088225405,0.0,29.408468415099,-1.0,-1.0,-1.0,100.0,0.0,5.0,1.8,1.0,25.0
132.0,17.0,0.0,18.0,128.0,166.32765565462,104.64853530374,0.0,422.5337052321,-1.0,-1.0,-1.0,100.0,35.0,5.0,1.8,1.0,49.0
132.0,21.0,1.887279777322,7.0,124.0,55.791531751847,7.9179454202134,0.0,255.54795007011,23.0,232.960453024,9.3629757242805,100.0,24.881027131137,5.0,1.8,1.0,40.0
132.0,23.0,-0.1,21.0,117.0,39.001556621585,8.0081120475381,0.0,493.50840309411,-1.0,-1.0,-1.0,100.0,21.335077673664,5.0,1.8,1.0,40.0
132.0,34.0,-0.1,-1.0,107.0,71.1614057233,11.035512518727,0.0,40.708944107755,-1.0,-1.0,-1.0,100.0,17.837826946872,5.0,1.8,1.0,53.0
133.0,1.0,0.0,-1.0,127.0,146.88265931551,30.693828164606,0.0,25.471625137068,-1.0,-1.0,-1.0,100.0,0.0,5.0,1.8,1.0,9.0
133.0,4.0,0.0,-1.0,131.0,159.30941464285,-25.455798497398,0.0,26.867872139509,14.0,140.72989480761,-1.0,100.0,0.0,5.0,1.8,1.0,27.0
133.0,12.0,0.0,-1.0,132.0,164.4582098197,-17.34937376084,0.0,52.656392944069,-1.0,-1.0,-1.0,100.0,0.0,5.0,1.8,1.0,1.0
133.0,14.0,0.0,4.0,132.0,199.81683637967,-18.35392288921,0.0,15.877766947122,-1.0,-1.0,-1.0,100.0,0.0,5.0,1.8,1.0,4.0
133.0,16.0,0.0,-1.0,132.0,312.70480958366,148.11088225405,0.0,29.408468415099,-1.0,-1.0,-1.0,100.0,0.0,5.0,1.8,1.0,25.0
133.0,17.0,0.0,18.0,129.0,166.33483065462,103.37803530374,0.0,457.5337052321,-1.0,-1.0,-1.0,100.0,35.0,5.0,1.8,1.0,49.0
133.0,21.0,-0.5,7.0,125.0,54.06946308687,7.9271933864753,0.0,279.92897720124,-1.0,-1.0,-1.0,100.0,24.381027131137,5.0,1.8,1.0,40.0
133.0,34.0,-0.1,-1.0,108.0,69.906322101823,11.042252651234,0.0,58.446771054627,-1.0,-1.0,-1.0,100.0,17.737826946872,5.0,1.8,1.0,53.0
134.0,1.0,0.0,-1.0,128.0,146.88265931551,30.693828164606,0.0,25.471625137068,-1.0,-1.0,-1.0,100.0,0.0,5.0,1.8,1.0,9.0
134.0,4.0,0.0,-1.0,132.0,159.30941464285,-25.455798497398,0.0,26.867872139509,14.0,140.72989480761,-1.0,100.0,0.0,5.0,1.8,1.0,27.0
134.0,12.0,0.0,-1.0,133.0,164.4582098197,-17.34937376084,0.0,52.656392944069,-1.0,-1.0,-1.0,100.0,0.0,5.0,1.8,1.0,1.0
134.0,14.0,0.0,4.0,133.0,199.81683637967,-18.35392288921,0.0,15.877766947122,-1.0,-1.0,-1.0,100.0,0.0,5.0,1.8,1.0,4.0
134.0,16.0,0.0,-1.0,133.0,312.70480958366,148.11088225405,0.0,29.408468415099,-1.0,-1.0,-1.0,100.0,0.0,5.0,1.8,1.0,25.0
134.0,17.0,0.0,18.0,130.0,166.34200565462,102.10753530374,0.0,492.5337052321,-1.0,-1.0,-1.0,100.0,35.0,5.0,1.8,1.0,49.0
134.0,21.0,-0.5,7.0,126.0,52.382774421894,7.9362513527371,0.0,303.81000433238,-1.0,-1.0,-1.0,100.0,23.881027131137,5.0,1.8,1.0,40.0
134.0,34.0,-0.1,-1.0,109.0,68.658314480346,11.04895478374,0.0,76.084598001499,-1.0,-1.0,-1.0,100.0,17.637826946872,5.0,1.8,1.0,53.0
135.0,1.0,0.0,-1.0,129.0,146.88265931551,30.693828164606,0.0,25.471625137068,-1.0,-1.0,-1.0,100.0,0.0,5.0,1.8,1.0,9.0
135.0,4.0,0.0,-1.0,133.0,159.30941464285,-25.455798497398,0.0,26.867872139509,14.0,140.72989480761,-1.0,100.0,0.0,5.0,1.8,1.0,27.0
135.0,12.0,0.0,-1.0,134.0,164.4582098197,-17.34937376084,0.0,52.656392944069,-1.0,-1.0,-1.0,100.0,0.0,5.0,1.8,1.0,1.0
135.0,14.0,0.0,4.0,134.0,199.81683637967,-18.35392288921,0.0,15.877766947122,-1.0,-1.0,-1.0,100.0,0.0,5.0,1.8,1.0,4.0
135.0,16.0,0.0,-1.0,134.0,312.70480958366,148.11088225405,0.0,29.408468415099,-1.0,-1.0,-1.0,100.0,0.0,5.0,1.8,1.0,25.0
135.0,17.0,0.0,18.0,131.0,166.34918065462,100.83703530374,0.0,527.5337052321,-1.0,-1.0,-1.0,100.0,35.0,5.0,1.8,1.0,49.0
135.0,21.0,-0.5,7.0,127.0,50.731465756917,7.945119318999,0.0,327.19103146352,-1.0,-1.0,-1.0,100.0,23.381027131137,5.0,1.8,1.0,40.0
135.0,34.0,-0.1,-1.0,110.0,67.417382858869,11.055618916247,0.0,93.622424948371,-1.0,-1.0,-1.0,100.0,17.537826946872,5.0,1.8,1.0,53.0
136.0,1.0,0.0,-1.0,130.0,146.88265931551,30.693828164606,0.0,25.471625137068,-1.0,-1.0,-1.0,100.0,0.0,5.0,1.8,1.0,9.0
136.0,4.0,0.0,-1.0,134.0,159.30941464285,-25.455798497398,0.0,26.867872139509,14.0,140.72989480761,-1.0,100.0,0.0,5.0,1.8,1.0,27.0
136.0,12.0,0.0,-1.0,135.0,164.4582098197,-17.34937376084,0.0,52.656392944069,-1.0,-1.0,-1.0,100.0,0.0,5.0,1.8,1.0,1.0
136.0,14.0,0.0,4.0,135.0,199.81683637967,-18.35392288921,0.0,15.877766947122,-1.0,-1.0,-1.0,100.0,0.0,5.0,1.8,1.0,4.0
136.0,16.0,0.0,-1.0,135.0,312.70480958366,148.11088225405,0.0,29.408468415099,-1.0,-1.0,-1.0,100.0,0.0,5.0,1.8,1.0,25.0
136.0,17.0,0.0,18.0,132.0,166.35635565462,99.566535303738,0.0,562.5337052321,-1.0,-1.0,-1.0,100.0,35.0,5.0,1.8,1.0,49.0
136.0,21.0,-0.5,7.0,128.0,49.11553709194,7.9537972852609,0.0,350.07205859466,-1.0,-1.0,-1.0,100.0,22.881027131137,5.0,1.8,1.0,40.0
136.0,34.0,-0.1,-1.0,111.0,66.183527237392,11.062245048753,0.0,111.06025189524,-1.0,-1.0,-1.0,100.0,17.437826946872,5.0,1.8,1.0,53.0
137.0,1.0,0.0,-1.0,131.0,146.88265931551,30.693828164606,0.0,25.471625137068,-1.0,-1.0,-1.0,100.0,0.0,5.0,1.8,1.0,9.0
137.0,4.0,0.0,-1.0,135.0,159.30941464285,-25.455798497398,0.0,26.867872139509,14.0,140.72989480761,-1.0,100.0,0.0,5.0,1.8,1.0,27.0
137.0,12.0,0.0,-1.0,136.0,164.4582098197,-17.34937376084,0.0,52.656392944069,-1.0,-1.0,-1.0,100.0,0.0,5.0,1.8,1.0,1.0
137.0,14.0,0.0,4.0,136.0,199.81683637967,-18.35392288921,0.0,15.877766947122,-1.0,-1.0,-1.0,100.0,0.0,5.0,1.8,1.0,4.0
137.0,16.0,0.0,-1.0,136.0,312.70480958366,148.11088225405,0.0,29.408468415099,-1.0,-1.0,-1.0,100.0,0.0,5.0,1.8,1.0,25.0
137.0,17.0,0.0,18.0,133.0,166.36353065462,98.296035303738,0.0,597.5337052321,-1.0,-1.0,-1.0,100.0,35.0,5.0,1.8,1.0,49.0
137.0,21.0,-0.5,7.0,129.0,47.534988426963,7.9622852515228,0.0,372.45308572579,-1.0,-1.0,-1.0,100.0,22.381027131137,5.0,1.8,1.0,40.0
137.0,34.0,-0.1,-1.0,112.0,64.956747615915,11.06883318126,0.0,128.39807884212,-1.0,-1.0,-1.0,100.0,17.337826946872,5.0,1.8,1.0,53.0
138.0,1.0,0.0,-1.0,132.0,146.88265931551,30.693828164606,0.0,25.471625137068,-1.0,-1.0,-1.0,100.0,0.0,5.0,1.8,1.0,9.0
138.0,4.0,0.0,-1.0,136.0,159.30941464285,-25.455798497398,0.0,26.867872139509,14.0,140.72989480761,-1.0,100.0,0.0,5.0,1.8,1.0,27.0
138.0,12.0,0.0,-1.0,137.0,164.4582098197,-17.34937376084,0.0,52.656392944069,-1.0,-1.0,-1.0,100.0,0.0,5.0,1.8,1.0,1.0
138.0,14.0,0.0,4.0,137.0,199.81683637967,-18.35392288921,0.0,15.877766947122,-1.0,-1.0,-1.0,100.0,0.0,5.0,1.8,1.0,4.0
138.0,16.0,0.0,-1.0,137.0,312.70480958366,148.11088225405,0.0,29.408468415099,-1.0,-1.0,-1.0,100.0,0.0,5.0,1.8,1.0,25.0
138.0,17.0,0.0,18.0,134.0,166.37070565462,97.025535303738,0.0,632.5337052321,-1.0,-1.0,-1.0,100.0,35.0,5.0,1.8,1.0,49.0
138.0,21.0,-0.32046440895647,7.0,130.0,45.975990920043,7.9706574823401,0.0,394.51364844797,-1.0,-1.0,-1.0,100.0,22.060562722181,5.0,1.8,1.0,40.0
138.0,34.0,-0.1,-1.0,113.0,63.737043994438,11.075383313766,0.0,145.63590578899,-1.0,-1.0,-1.0,100.0,17.237826946872,5.0,1.8,1.0,53.0
139.0,1.0,0.0,-1.0,133.0,146.88265931551,30.693828164606,0.0,25.471625137068,-1.0,-1.0,-1.0,100.0,0.0,5.0,1.8,1.0,9.0
139.0,4.0,0.0,-1.0,137.0,159.30941464285,-25.455798497398,0.0,26.867872139509,14.0,140.72989480761,-1.0,100.0,0.0,5.0,1.8,1.0,27.0
139.0,12.0,0.0,-1.0,138.0,164.4582098197,-17.34937376084,0.0,52.656392944069,-1.0,-1.0,-1.0,100.0,0.0,5.0,1.8,1.0,1.0
139.0,14.0,0.0,4.0,138.0,199.81683637967,-18.35392288921,0.0,15.877766947122,-1.0,-1.0,-1.0,100.0,0.0,5.0,1.8,1.0,4.0
139.0,16.0,0.0,-1.0,138.0,312.70480958366,148.11088225405,0.0,29.408468415099,-1.0,-1.0,-1.0,100.0,0.0,5.0,1.8,1.0,25.0
139.0,17.0,0.0,18.0,135.0,166.37788065462,95.755035303738,0.0,667.5337052321,-1.0,-1.0,-1.0,100.0,35.0,5.0,1.8,1.0,49.0
139.0,21.0,1.0090699070133,7.0,131.0,44.337261256878,7.9794578960202,0.0,417.58328107717,-1.0,-1.0,-1.0,100.0,23.069632629194,5.0,1.8,1.0,40.0
139.0,34.0,-0.1,-1.0,114.0,62.524416372961,11.081895446273,0.0,162.77373273586,-1.0,-1.0,-1.0,100.0,17.137826946872,5.0,1.8,1.0,53.0
140.0,1.0,0.0,-1.0,134.0,146.88265931551,30.693828164606,0.0,25.471625137068,-1.0,-1.0,-1.0,100.0,0.0,5.0,1.8,1.0,9.0
140.0,4.0,0.0,-1.0,138.0,159.30941464285,-25.455798497398,0.0,26.867872139509,14.0,140.72989480761,-1.0,100.0,0.0,5.0,1.8,1.0,27.0
140.0,12.0,0.0,-1.0,139.0,164.4582098197,-17.34937376084,0.0,52.656392944069,-1.0,-1.0,-1.0,100.0,0.0,5.0,1.8,1.0,1.0
140.0,14.0,0.0,4.0,139.0,199.81683637967,-18.35392288921,0.0,15.877766947122,-1.0,-1.0,-1.0,100.0,0.0,5.0,1.8,1.0,4.0
140.0,16.0,0.0,-1.0,139.0,312.70480958366,148.11088225405,0.0,29.408468415099,-1.0,-1.0,-1.0,100.0,0.0,5.0,1.8,1.0,25.0
140.0,17.0,0.0,18.0,136.0,166.38505565462,94.484535303738,0.0,702.5337052321,-1.0,-1.0,-1.0,100.0,35.0,5.0,1.8,1.0,49.0
140.0,21.0,-0.5,7.0,132.0,42.743366866859,7.9880175323713,0.0,440.15291370636,-1.0,-1.0,-1.0,100.0,22.569632629194,5.0,1.8,1.0,40.0
140.0,34.0,-0.1,-1.0,115.0,61.318864751484,11.088369578779,0.0,179.81155968273,-1.0,-1.0,-1.0,100.0,17.037826946872,5.0,1.8,1.0,53.0
141.0,1.0,0.0,-1.0,135.0,146.88265931551,30.693828164606,0.0,25.471625137068,37.0,3.2572978325823,-1.0,100.0,0.0,5.0,1.8,1.0,9.0
141.0,4.0,0.0,-1.0,139.0,159.30941464285,-25.455798497398,0.0,26.867872139509,14.0,140.72989480761,-1.0,100.0,0.0,5.0,1.8,1.0,27.0
141.0,12.0,0.0,-1.0,140.0,164.4582098197,-17.34937376084,0.0,52.656392944069,-1.0,-1.0,-1.0,100.0,0.0,5.0,1.8,1.0,1.0
141.0,14.0,0.0,4.0,140.0,199.81683637967,-18.35392288921,0.0,15.877766947122,-1.0,-1.0,-1.0,100.0,0.0,5.0,1.8,1.0,4.0
141.0,16.0,0.0,-1.0,140.0,312.70480958366,148.11088225405,0.0,29.408468415099,-1.0,-1.0,-1.0,100.0,0.0,5.0,1.8,1.0,25.0
141.0,17.0,0.0,18.0,137.0,166.39223065462,93.214035303738,0.0,737.5337052321,-1.0,-1.0,-1.0,100.0,35.0,5.0,1.8,1.0,49.0
141.0,21.0,2.2525047799572,7.0,133.0,40.972839063062,7.9975257370837,0.0,464.97505111551,-1.0,-1.0,-1.0,100.0,24.822137409151,5.0,1.8,1.0,40.0
141.0,34.0,-0.1,-1.0,116.0,60.120389130007,11.094805711286,0.0,196.7493866296,-1.0,-1.0,-1.0,100.0,16.937826946872,5.0,1.8,1.0,53.0
142.0,1.0,0.0,-1.0,136.0,146.88265931551,30.693828164606,0.0,25.471625137068,37.0,17.632230363731,-1.0,100.0,0.0,5.0,1.8,1.0,9.0
142.0,4.0,0.0,-1.0,140.0,159.30941464285,-25.455798497398,0.0,26.867872139509,14.0,140.72989480761,-1.0,100.0,0.0,5.0,1.8,1.0,27.0
142.0,12.0,0.0,-1.0,141.0,164.4582098197,-17.34937376084,0.0,52.656392944069,-1.0,-1.0,-1.0,100.0,0.0,5.0,1.8,1.0,1.0
142.0,14.0,0.0,4.0,141.0,199.81683637967,-18.35392288921,0.0,15.877766947122,-1.0,-1.0,-1.0,100.0,0.0,5.0,1.8,1.0,4.0
142.0,16.0,0.0,-1.0,141.0,312.70480958366,148.11088225405,0.0,29.408468415099,-1.0,-1.0,-1.0,100.0,0.0,5.0,1.8,1.0,25.0
142.0,17.0,0.0,18.0,138.0,166.39940565462,91.943535303738,0.0,772.5337052321,-1.0,-1.0,-1.0,100.0,35.0,5.0,1.8,1.0,49.0
142.0,21.0,-0.5,7.0,134.0,39.254937434813,8.0067513252512,0.0,489.29718852467,-1.0,-1.0,-1.0,100.0,24.322137409151,5.0,1.8,1.0,40.0
142.0,34.0,-0.1,-1.0,117.0,58.92898950853,11.101203843793,0.0,213.58721357648,-1.0,-1.0,-1.0,100.0,16.837826946872,5.0,1.8,1.0,53.0
143.0,1.0,0.0,-1.0,137.0,146.88265931551,30.693828164606,0.0,25.471625137068,37.0,31.527427543154,-1.0,100.0,0.0,5.0,1.8,1.0,9.0
143.0,4.0,0.0,-1.0,141.0,159.30941464285,-25.455798497398,0.0,26.867872139509,14.0,140.72989480761,-1.0,100.0,0.0,5.0,1.8,1.0,27.0
143.0,12.0,0.0,-1.0,142.0,164.4582098197,-17.34937376084,0.0,52.656392944069,-1.0,-1.0,-1.0,100.0,0.0,5.0,1.8,1.0,1.0
143.0,14.0,0.0,4.0,142.0,199.81683637967,-18.35392288921,0.0,15.877766947122,-1.0,-1.0,-1.0,100.0,0.0,5.0,1.8,1.0,4.0
143.0,16.0,0.0,-1.0,142.0,312.70480958366,148.11088225405,0.0,29.408468415099,-1.0,-1.0,-1.0,100.0,0.0,5.0,1.8,1.0,25.0
143.0,17.0,0.0,18.0,139.0,166.40658065462,90.673035303738,0.0,807.5337052321,-1.0,-1.0,-1.0,100.0,35.0,5.0,1.8,1.0,49.0
143.0,34.0,-0.1,-1.0,118.0,57.744665887053,11.107563976299,0.0,230.32504052335,-1.0,-1.0,-1.0,100.0,16.737826946872,5.0,1.8,1.0,53.0
144.0,1.0,0.0,-1.0,138.0,146.88265931551,30.693828164606,0.0,25.471625137068,37.0,45.724045896402,-1.0,100.0,0.0,5.0,1.8,1.0,9.0
144.0,4.0,0.0,-1.0,142.0,159.30941464285,-25.455798497398,0.0,26.867872139509,14.0,140.72989480761,-1.0,100.0,0.0,5.0,1.8,1.0,27.0
144.0,12.0,0.0,-1.0,143.0,164.4582098197,-17.34937376084,0.0,52.656392944069,-1.0,-1.0,-1.0,100.0,0.0,5.0,1.8,1.0,1.0
144.0,14.0,0.0,4.0,143.0,199.81683637967,-18.35392288921,0.0,15.877766947122,-1.0,-1.0,-1.0,100.0,0.0,5.0,1.8,1.0,4.0
144.0,16.0,0.0,30.0,143.0,312.70480958366,148.11088225405,0.0,29.408468415099,-1.0,-1.0,-1.0,100.0,0.0,5.0,1.8,1.0,25.0
144.0,17.0,0.0,18.0,140.0,166.41375565462,89.402535303738,0.0,842.5337052321,-1.0,-1.0,-1.0,100.0,35.0,5.0,1.8,1.0,49.0
144.0,34.0,-0.1,-1.0,119.0,56.567418265576,11.113886108806,0.0,246.96286747022,-1.0,-1.0,-1.0,100.0,16.637826946872,5.0,1.8,1.0,53.0
145.0,1.0,0.0,-1.0,139.0,146.88265931551,30.693828164606,0.0,25.471625137068,37.0,59.824226394409,-1.0,100.0,0.0,5.0,1.8,1.0,9.0
145.0,4.0,0.0,-1.0,143.0,159.30941464285,-25.455798497398,0.0,26.867872139509,14.0,140.72989480761,-1.0,100.0,0.0,5.0,1.8,1.0,27.0
145.0,12.0,0.0,-1.0,144.0,164.4582098197,-17.34937376084,0.0,52.656392944069,-1.0,-1.0,-1.0,100.0,0.0,5.0,1.8,1.0,1.0
145.0,14.0,0.0,4.0,144.0,199.81683637967,-18.35392288921,0.0,15.877766947122,-1.0,-1.0,-1.0,100.0,0.0,5.0,1.8,1.0,4.0
145.0,16.0,0.0,30.0,144.0,312.70480958366,148.11088225405,0.0,29.408468415099,-1.0,-1.0,-1.0,100.0,0.0,5.0,1.8,1.0,25.0
145.0,17.0,0.0,18.0,141.0,166.42093065462,88.132035303738,0.0,877.5337052321,-1.0,-1.0,-1.0,100.0,35.0,5.0,1.8,1.0,49.0
145.0,34.0,-0.1,-1.0,120.0,55.397246644099,11.120170241312,0.0,263.50069441709,-1.0,-1.0,-1.0,100.0,16.537826946872,5.0,1.8,1.0,53.0
146.0,1.0,0.0,-1.0,140.0,146.88265931551,30.693828164606,0.0,25.471625137068,37.0,69.424406892415,-1.0,100.0,0.0,5.0,1.8,1.0,9.0
146.0,4.0,0.0,-1.0,144.0,159.30941464285,-25.455798497398,0.0,26.867872139509,14.0,140.72989480761,-1.0,100.0,0.0,5.0,1.8,1.0,27.0
146.0,12.0,0.0,-1.0,145.0,164.4582098197,-17.34937376084,0.0,52.656392944069,-1.0,-1.0,-1.0,100.0,0.0,5.0,1.8,1.0,1.0
146.0,14.0,0.0,4.0,145.0,199.81683637967,-18.35392288921,0.0,15.877766947122,-1.0,-1.0,-1.0,100.0,0.0,5.0,1.8,1.0,4.0
146.0,16.0,0.0,30.0,145.0,312.70480958366,148.11088225405,0.0,29.408468415099,-1.0,-1.0,-1.0,100.0,0.0,5.0,1.8,1.0,25.0
146.0,17.0,0.0,18.0,142.0,166.42810565462,86.861535303738,0.0,912.5337052321,-1.0,-1.0,-1.0,100.0,35.0,5.0,1.8,1.0,49.0
146.0,34.0,-0.1,-1.0,121.0,54.234151022622,11.126416373819,0.0,279.93852136396,-1.0,-1.0,-1.0,100.0,16.437826946872,5.0,1.8,1.0,53.0
147.0,1.0,0.0,-1.0,141.0,146.88265931551,30.693828164606,0.0,25.471625137068,37.0,78.349701383991,-1.0,100.0,0.0,5.0,1.8,1.0,9.0
147.0,4.0,0.0,-1.0,145.0,159.30941464285,-25.455798497398,0.0,26.867872139509,14.0,140.72989480761,-1.0,100.0,0.0,5.0,1.8,1.0,27.0
147.0,12.0,0.0,-1.0,146.0,164.4582098197,-17.34937376084,0.0,52.656392944069,-1.0,-1.0,-1.0,100.0,0.0,5.0,1.8,1.0,1.0
147.0,14.0,0.0,4.0,146.0,199.81683637967,-18.35392288921,0.0,15.877766947122,-1.0,-1.0,-1.0,100.0,0.0,5.0,1.8,1.0,4.0
147.0,16.0,0.0,30.0,146.0,312.70480958366,148.11088225405,0.0,29.408468415099,-1.0,-1.0,-1.0,100.0,0.0,5.0,1.8,1.0,25.0
147.0,17.0,0.0,18.0,143.0,166.43528065462,85.591035303738,0.0,947.5337052321,-1.0,-1.0,-1.0,100.0,35.0,5.0,1.8,1.0,49.0
147.0,34.0,-0.1,-1.0,122.0,53.094056928171,14.332624517491,0.0,296.27634831084,-1.0,-1.0,-1.0,100.0,16.337826946872,5.0,1.8,1.0,18.0
148.0,1.0,0.0,-1.0,142.0,146.88265931551,30.693828164606,0.0,25.471625137068,37.0,87.144691654363,-1.0,100.0,0.0,5.0,1.8,1.0,9.0
148.0,4.0,0.0,-1.0,146.0,159.30941464285,-25.455798497398,0.0,26.867872139509,14.0,140.72989480761,-1.0,100.0,0.0,5.0,1.8,1.0,27.0
148.0,12.0,0.0,-1.0,147.0,164.4582098197,-17.34937376084,0.0,52.656392944069,-1.0,-1.0,-1.0,100.0,0.0,5.0,1.8,1.0,1.0
148.0,14.0,0.0,4.0,147.0,199.81683637967,-18.35392288921,0.0,15.877766947122,-1.0,-1.0,-1.0,100.0,0.0,5.0,1.8,1.0,4.0
148.0,16.0,0.0,30.0,147.0,312.70480958366,148.11088225405,0.0,29.408468415099,-1.0,-1.0,-1.0,100.0,0.0,5.0,1.8,1.0,25.0
148.0,17.0,0.0,18.0,144.0,166.44245565462,84.320535303738,0.0,982.5337052321,-1.0,-1.0,-1.0,100.0,35.0,5.0,1.8,1.0,49.0
148.0,34.0,-0.1,-1.0,123.0,51.945438063232,14.338794649929,0.0,312.51417525771,-1.0,-1.0,-1.0,100.0,16.237826946872,5.0,1.8,1.0,18.0
149.0,1.0,0.0,-1.0,143.0,146.88265931551,30.693828164606,0.0,25.471625137068,37.0,98.347258731834,-1.0,100.0,0.0,5.0,1.8,1.0,9.0
149.0,4.0,0.0,-1.0,147.0,159.30941464285,-25.455798497398,0.0,26.867872139509,14.0,140.72989480761,-1.0,100.0,0.0,5.0,1.8,1.0,27.0
149.0,12.0,0.0,-1.0,148.0,164.4582098197,-17.34937376084,0.0,52.656392944069,-1.0,-1.0,-1.0,100.0,0.0,5.0,1.8,1.0,1.0
149.0,14.0,0.0,4.0,148.0,199.81683637967,-18.35392288921,0.0,15.877766947122,-1.0,-1.0,-1.0,100.0,0.0,5.0,1.8,1.0,4.0
149.0,16.0,0.0,30.0,148.0,312.70480958366,148.11088225405,0.0,29.408468415099,-1.0,-1.0,-1.0,100.0,0.0,5.0,1.8,1.0,25.0
149.0,17.0,0.0,18.0,145.0,166.44963065462,83.050035303738,0.0,1017.5337052321,-1.0,-1.0,-1.0,100.0,35.0,5.0,1.8,1.0,49.0
149.0,34.0,1.5865771959536,-1.0,124.0,50.683825543682,14.345571759873,0.0,330.33857940053,-1.0,-1.0,-1.0,100.0,17.824404142826,5.0,1.8,1.0,18.0
150.0,1.0,0.0,-1.0,144.0,146.88265931551,30.693828164606,0.0,25.471625137068,37.0,111.83391525423,-1.0,100.0,0.0,5.0,1.8,1.0,9.0
150.0,4.0,0.0,-1.0,148.0,159.30941464285,-25.455798497398,0.0,26.867872139509,14.0,140.72989480761,-1.0,100.0,0.0,5.0,1.8,1.0,27.0
150.0,12.0,0.0,-1.0,149.0,164.4582098197,-17.34937376084,0.0,52.656392944069,-1.0,-1.0,-1.0,100.0,0.0,5.0,1.8,1.0,1.0
150.0,14.0,0.0,4.0,149.0,199.81683637967,-18.35392288921,0.0,15.877766947122,-1.0,-1.0,-1.0,100.0,0.0,5.0,1.8,1.0,4.0
150.0,16.0,0.0,30.0,149.0,312.70480958366,148.11088225405,0.0,29.408468415099,-1.0,-1.0,-1.0,100.0,0.0,5.0,1.8,1.0,25.0
150.0,17.0,0.0,18.0,146.0,166.45680565462,81.779535303738,0.0,1052.5337052321,-1.0,-1.0,-1.0,100.0,35.0,5.0,1.8,1.0,49.0
150.0,34.0,-0.1,-1.0,125.0,49.430046207901,14.352306791645,0.0,348.06298354336,-1.0,-1.0,-1.0,100.0,17.724404142826,5.0,1.8,1.0,18.0
151.0,1.0,0.0,-1.0,145.0,146.88265931551,30.693828164606,0.0,25.471625137068,37.0,126.8859203678,-1.0,100.0,0.0,5.0,1.8,1.0,9.0
151.0,4.0,0.0,-1.0,149.0,159.30941464285,-25.455798497398,0.0,26.867872139509,14.0,140.72989480761,-1.0,100.0,0.0,5.0,1.8,1.0,27.0
151.0,12.0,0.0,-1.0,150.0,164.4582098197,-17.34937376084,0.0,52.656392944069,-1.0,-1.0,-1.0,100.0,0.0,5.0,1.8,1.0,1.0
151.0,14.0,0.0,4.0,150.0,199.81683637967,-18.35392288921,0.0,15.877766947122,-1.0,-1.0,-1.0,100.0,0.0,5.0,1.8,1.0,4.0
151.0,16.0,0.0,-1.0,150.0,312.70480958366,148.11088225405,0.0,29.408468415099,-1.0,-1.0,-1.0,100.0,0.0,5.0,1.8,1.0,25.0
151.0,17.0,0.0,18.0,147.0,166.46398065462,80.509035303738,0.0,1087.5337052321,-1.0,-1.0,-1.0,100.0,35.0,5.0,1.8,1.0,49.0
151.0,34.0,-0.1,-1.0,126.0,48.183340872121,14.359003823418,0.0,365.68738768619,-1.0,-1.0,-1.0,100.0,17.624404142826,5.0,1.8,1.0,18.0
152.0,1.0,0.0,-1.0,146.0,146.88265931551,30.693828164606,0.0,25.471625137068,37.0,143.27676053057,-1.0,100.0,0.0,5.0,1.8,1.0,9.0
152.0,4.0,0.0,-1.0,150.0,159.30941464285,-25.455798497398,0.0,26.867872139509,14.0,140.72989480761,-1.0,100.0,0.0,5.0,1.8,1.0,27.0
152.0,12.0,0.0,-1.0,151.0,164.4582098197,-17.34937376084,0.0,52.656392944069,-1.0,-1.0,-1.0,100.0,0.0,5.0,1.8,1.0,1.0
152.0,14.0,0.0,4.0,151.0,199.81683637967,-18.35392288921,0.0,15.877766947122,-1.0,-1.0,-1.0,100.0,0.0,5.0,1.8,1.0,4.0
152.0,16.0,0.0,-1.0,151.0,312.70480958366,148.11088225405,0.0,29.408468415099,-1.0,-1.0,-1.0,100.0,0.0,5.0,1.8,1.0,25.0
152.0,17.0,0.0,18.0,148.0,166.47115565462,79.238535303738,0.0,1122.5337052321,-1.0,-1.0,-1.0,100.0,35.0,5.0,1.8,1.0,49.0
152.0,34.0,-0.1,-1.0,127.0,46.943709536341,14.365662855191,0.0,383.21179182901,-1.0,-1.0,-1.0,100.0,17.524404142826,5.0,1.8,1.0,18.0
153.0,1.0,0.0,-1.0,147.0,146.88265931551,30.693828164606,0.0,25.471625137068,37.0,161.58738594319,-1.0,100.0,0.0,5.0,1.8,1.0,9.0
153.0,4.0,0.0,-1.0,151.0,159.30941464285,-25.455798497398,0.0,26.867872139509,14.0,140.72989480761,-1.0,100.0,0.0,5.0,1.8,1.0,27.0
153.0,12.0,0.0,-1.0,152.0,164.4582098197,-17.34937376084,0.0,52.656392944069,-1.0,-1.0,-1.0,100.0,0.0,5.0,1.8,1.0,1.0
153.0,14.0,0.0,4.0,152.0,199.81683637967,-18.35392288921,0.0,15.877766947122,-1.0,-1.0,-1.0,100.0,0.0,5.0,1.8,1.0,4.0
153.0,16.0,0.0,-1.0,152.0,312.70480958366,148.11088225405,0.0,29.408468415099,-1.0,-1.0,-1.0,100.0,0.0,5.0,1.8,1.0,25.0
153.0,17.0,0.0,18.0,149.0,166.47833065462,77.968035303738,0.0,1157.5337052321,-1.0,-1.0,-1.0,100.0,35.0,5.0,1.8,1.0,49.0
153.0,34.0,-0.1,-1.0,128.0,45.711152200561,14.372283886963,0.0,400.63619597184,-1.0,-1.0,-1.0,100.0,17.424404142826,5.0,1.8,1.0,18.0
154.0,1.0,0.0,-1.0,148.0,146.88265931551,30.693828164606,0.0,25.471625137068,37.0,181.64282146851,-1.0,100.0,0.0,5.0,1.8,1.0,9.0
154.0,4.0,0.0,-1.0,152.0,159.30941464285,-25.455798497398,0.0,26.867872139509,14.0,140.72989480761,-1.0,100.0,0.0,5.0,1.8,1.0,27.0
154.0,12.0,0.0,-1.0,153.0,164.4582098197,-17.34937376084,0.0,52.656392944069,-1.0,-1.0,-1.0,100.0,0.0,5.0,1.8,1.0,1.0
154.0,14.0,0.0,4.0,153.0,199.81683637967,-18.35392288921,0.0,15.877766947122,-1.0,-1.0,-1.0,100.0,0.0,5.0,1.8,1.0,4.0
154.0,16.0,0.0,-1.0,153.0,312.70480958366,148.11088225405,0.0,29.408468415099,-1.0,-1.0,-1.0,100.0,0.0,5.0,1.8,1.0,25.0
154.0,17.0,0.0,18.0,150.0,166.48550565462,76.697535303738,0.0,1192.5337052321,-1.0,-1.0,-1.0,100.0,35.0,5.0,1.8,1.0,49.0
154.0,34.0,-0.1,-1.0,129.0,44.48566886478,14.378866918736,0.0,417.96060011466,-1.0,-1.0,-1.0,100.0,17.324404142826,5.0,1.8,1.0,18.0
155.0,1.0,0.0,-1.0,149.0,146.88265931551,30.693828164606,0.0,25.471625137068,37.0,203.3995450655,-1.0,100.0,0.0,5.0,1.8,1.0,9.0
155.0,4.0,0.0,-1.0,153.0,159.30941464285,-25.455798497398,0.0,26.867872139509,14.0,140.72989480761,-1.0,100.0,0.0,5.0,1.8,1.0,27.0
155.0,12.0,0.0,-1.0,154.0,164.4582098197,-17.34937376084,0.0,52.656392944069,-1.0,-1.0,-1.0,100.0,0.0,5.0,1.8,1.0,1.0
155.0,14.0,0.0,4.0,154.0,199.81683637967,-18.35392288921,0.0,15.877766947122,-1.0,-1.0,-1.0,100.0,0.0,5.0,1.8,1.0,4.0
155.0,16.0,0.0,-1.0,154.0,312.70480958366,148.11088225405,0.0,29.408468415099,-1.0,-1.0,-1.0,100.0,0.0,5.0,1.8,1.0,25.0
155.0,17.0,0.0,18.0,151.0,166.49268065462,75.427035303738,0.0,1227.5337052321,-1.0,-1.0,-1.0,100.0,35.0,5.0,1.8,1.0,49.0
155.0,34.0,-0.1,-1.0,130.0,43.267259529,14.385411950509,0.0,435.18500425749,-1.0,-1.0,-1.0,100.0,17.224404142826,5.0,1.8,1.0,18.0
156.0,1.0,0.0,-1.0,150.0,146.88265931551,30.693828164606,0.0,25.471625137068,37.0,224.94417978313,-1.0,100.0,0.0,5.0,1.8,1.0,9.0
156.0,4.0,0.0,-1.0,154.0,159.30941464285,-25.455798497398,0.0,26.867872139509,14.0,140.72989480761,-1.0,100.0,0.0,5.0,1.8,1.0,27.0
156.0,12.0,0.0,-1.0,155.0,164.4582098197,-17.34937376084,0.0,52.656392944069,-1.0,-1.0,-1.0,100.0,0.0,5.0,1.8,1.0,1.0
156.0,14.0,0.0,4.0,155.0,199.81683637967,-18.35392288921,0.0,15.877766947122,-1.0,-1.0,-1.0,100.0,0.0,5.0,1.8,1.0,4.0
156.0,16.0,0.0,-1.0,155.0,312.70480958366,148.11088225405,0.0,29.408468415099,-1.0,-1.0,-1.0,100.0,0.0,5.0,1.8,1.0,25.0
156.0,17.0,0.0,18.0,152.0,166.49985565462,74.156535303738,0.0,1262.5337052321,-1.0,-1.0,-1.0,100.0,35.0,5.0,1.8,1.0,49.0
156.0,34.0,-0.1,-1.0,131.0,42.05592419322,14.391918982281,0.0,452.30940840031,-1.0,-1.0,-1.0,100.0,17.124404142826,5.0,1.8,1.0,18.0
157.0,1.0,0.0,-1.0,151.0,146.88265931551,30.693828164606,0.0,25.471625137068,37.0,246.80588436169,-1.0,100.0,0.0,5.0,1.8,1.0,9.0
157.0,4.0,0.0,-1.0,155.0,159.30941464285,-25.455798497398,0.0,26.867872139509,14.0,140.72989480761,-1.0,100.0,0.0,5.0,1.8,1.0,27.0
157.0,12.0,0.0,-1.0,156.0,164.4582098197,-17.34937376084,0.0,52.656392944069,-1.0,-1.0,-1.0,100.0,0.0,5.0,1.8,1.0,1.0
157.0,14.0,0.0,4.0,156.0,199.81683637967,-18.35392288921,0.0,15.877766947122,-1.0,-1.0,-1.0,100.0,0.0,5.0,1.8,1.0,4.0
157.0,16.0,0.0,-1.0,156.0,312.70480958366,148.11088225405,0.0,29.408468415099,-1.0,-1.0,-1.0,100.0,0.0,5.0,1.8,1.0,25.0
157.0,17.0,0.0,18.0,153.0,166.50703065462,72.886035303738,0.0,1297.5337052321,-1.0,-1.0,-1.0,100.0,35.0,5.0,1.8,1.0,49.0
157.0,34.0,-0.1,-1.0,132.0,40.85166285744,14.398388014054,0.0,469.33381254314,-1.0,-1.0,-1.0,100.0,17.024404142826,5.0,1.8,1.0,18.0
158.0,1.0,0.0,-1.0,152.0,146.88265931551,30.693828164606,0.0,25.471625137068,37.0,269.54801927642,-1.0,100.0,0.0,5.0,1.8,1.0,9.0
158.0,4.0,0.0,-1.0,156.0,159.30941464285,-25.455798497398,0.0,26.867872139509,14.0,140.72989480761,-1.0,100.0,0.0,5.0,1.8,1.0,27.0
158.0,12.0,0.0,-1.0,157.0,164.4582098197,-17.34937376084,0.0,52.656392944069,-1.0,-1.0,-1.0,100.0,0.0,5.0,1.8,1.0,1.0
158.0,14.0,0.0,4.0,157.0,199.81683637967,-18.35392288921,0.0,15.877766947122,-1.0,-1.0,-1.0,100.0,0.0,5.0,1.8,1.0,4.0
158.0,16.0,0.0,-1.0,157.0,312.70480958366,148.11088225405,0.0,29.408468415099,-1.0,-1.0,-1.0,100.0,0.0,5.0,1.8,1.0,25.0
158.0,17.0,0.0,18.0,154.0,166.51420565462,71.615535303738,0.0,1332.5337052321,-1.0,-1.0,-1.0,100.0,35.0,5.0,1.8,1.0,49.0
158.0,34.0,-0.1,-1.0,133.0,39.654475521659,14.404819045827,0.0,486.25821668597,-1.0,-1.0,-1.0,100.0,16.924404142826,5.0,1.8,1.0,18.0
159.0,1.0,0.0,-1.0,153.0,146.88265931551,30.693828164606,0.0,25.471625137068,37.0,291.63845191551,-1.0,100.0,0.0,5.0,1.8,1.0,9.0
159.0,4.0,0.0,-1.0,157.0,159.30941464285,-25.455798497398,0.0,26.867872139509,14.0,140.72989480761,-1.0,100.0,0.0,5.0,1.8,1.0,27.0
159.0,12.0,0.0,-1.0,158.0,164.4582098197,-17.34937376084,0.0,52.656392944069,-1.0,-1.0,-1.0,100.0,0.0,5.0,1.8,1.0,1.0
159.0,14.0,0.0,4.0,158.0,199.81683637967,-18.35392288921,0.0,15.877766947122,-1.0,-1.0,-1.0,100.0,0.0,5.0,1.8,1.0,4.0
159.0,16.0,0.0,-1.0,158.0,312.70480958366,148.11088225405,0.0,29.408468415099,-1.0,-1.0,-1.0,100.0,0.0,5.0,1.8,1.0,25.0
159.0,17.0,0.0,18.0,155.0,166.52138065462,70.345035303738,0.0,1367.5337052321,-1.0,-1.0,-1.0,100.0,35.0,5.0,1.8,1.0,49.0
160.0,1.0,0.0,-1.0,154.0,146.88265931551,30.693828164606,0.0,25.471625137068,37.0,313.44440089376,-1.0,100.0,0.0,5.0,1.8,1.0,9.0
160.0,4.0,0.0,-1.0,158.0,159.30941464285,-25.455798497398,0.0,26.867872139509,14.0,140.72989480761,-1.0,100.0,0.0,5.0,1.8,1.0,27.0
160.0,12.0,0.0,-1.0,159.0,164.4582098197,-17.34937376084,0.0,52.656392944069,-1.0,-1.0,-1.0,100.0,0.0,5.0,1.8,1.0,1.0
160.0,14.0,0.0,4.0,159.0,199.81683637967,-18.35392288921,0.0,15.877766947122,-1.0,-1.0,-1.0,100.0,0.0,5.0,1.8,1.0,4.0
160.0,16.0,0.0,-1.0,159.0,312.70480958366,148.11088225405,0.0,29.408468415099,-1.0,-1.0,-1.0,100.0,0.0,5.0,1.8,1.0,25.0
160.0,17.0,0.0,18.0,156.0,166.52855565462,69.074535303738,0.0,1402.5337052321,-1.0,-1.0,-1.0,100.0,35.0,5.0,1.8,1.0,49.0
161.0,1.0,0.0,-1.0,155.0,146.88265931551,30.693828164606,0.0,25.471625137068,37.0,335.64387977517,-1.0,100.0,0.0,5.0,1.8,1.0,9.0
161.0,4.0,0.0,-1.0,159.0,159.30941464285,-25.455798497398,0.0,26.867872139509,14.0,140.72989480761,-1.0,100.0,0.0,5.0,1.8,1.0,27.0
161.0,12.0,0.0,-1.0,160.0,164.4582098197,-17.34937376084,0.0,52.656392944069,-1.0,-1.0,-1.0,100.0,0.0,5.0,1.8,1.0,1.0
161.0,14.0,0.0,4.0,160.0,199.81683637967,-18.35392288921,0.0,15.877766947122,-1.0,-1.0,-1.0,100.0,0.0,5.0,1.8,1.0,4.0
161.0,16.0,0.0,-1.0,160.0,312.70480958366,148.11088225405,0.0,29.408468415099,-1.0,-1.0,-1.0,100.0,0.0,5.0,1.8,1.0,25.0
161.0,17.0,0.0,18.0,157.0,166.53573065462,67.804035303738,0.0,1437.5337052321,-1.0,-1.0,-1.0,100.0,35.0,5.0,1.8,1.0,49.0
162.0,1.0,0.0,-1.0,156.0,146.88265931551,30.693828164606,0.0,25.471625137068,37.0,357.98067594327,-1.0,100.0,0.0,5.0,1.8,1.0,9.0
162.0,4.0,0.0,-1.0,160.0,159.30941464285,-25.455798497398,0.0,26.867872139509,14.0,140.72989480761,-1.0,100.0,0.0,5.0,1.8,1.0,27.0
162.0,12.0,0.0,-1.0,161.0,164.4582098197,-17.34937376084,0.0,52.656392944069,-1.0,-1.0,-1.0,100.0,0.0,5.0,1.8,1.0,1.0
162.0,14.0,0.0,4.0,161.0,199.81683637967,-18.35392288921,0.0,15.877766947122,-1.0,-1.0,-1.0,100.0,0.0,5.0,1.8,1.0,4.0
162.0,16.0,0.0,-1.0,161.0,312.70480958366,148.11088225405,0.0,29.408468415099,-1.0,-1.0,-1.0,100.0,0.0,5.0,1.8,1.0,25.0
162.0,17.0,0.0,18.0,158.0,166.54290565462,66.533535303738,0.0,1472.5337052321,-1.0,-1.0,-1.0,100.0,35.0,5.0,1.8,1.0,49.0
163.0,1.0,0.0,-1.0,157.0,146.88265931551,30.693828164606,0.0,25.471625137068,37.0,380.42937959072,-1.0,100.0,0.0,5.0,1.8,1.0,9.0
163.0,4.0,0.0,-1.0,161.0,159.30941464285,-25.455798497398,0.0,26.867872139509,14.0,140.72989480761,-1.0,100.0,0.0,5.0,1.8,1.0,27.0
163.0,12.0,0.0,-1.0,162.0,164.4582098197,-17.34937376084,0.0,52.656392944069,-1.0,-1.0,-1.0,100.0,0.0,5.0,1.8,1.0,1.0
163.0,14.0,0.0,4.0,162.0,199.81683637967,-18.35392288921,0.0,15.877766947122,-1.0,-1.0,-1.0,100.0,0.0,5.0,1.8,1.0,4.0
163.0,16.0,0.0,-1.0,162.0,312.70480958366,148.11088225405,0.0,29.408468415099,-1.0,-1.0,-1.0,100.0,0.0,5.0,1.8,1.0,25.0
163.0,17.0,0.0,18.0,159.0,166.55008065462,65.263035303738,0.0,1507.5337052321,-1.0,-1.0,-1.0,100.0,35.0,5.0,1.8,1.0,49.0
164.0,1.0,0.0,-1.0,158.0,146.88265931551,30.693828164606,0.0,25.471625137068,37.0,402.64697049274,-1.0,100.0,0.0,5.0,1.8,1.0,9.0
164.0,4.0,0.0,-1.0,162.0,159.30941464285,-25.455798497398,0.0,26.867872139509,14.0,140.72989480761,-1.0,100.0,0.0,5.0,1.8,1.0,27.0
164.0,12.0,0.0,-1.0,163.0,164.4582098197,-17.34937376084,0.0,52.656392944069,-1.0,-1.0,-1.0,100.0,0.0,5.0,1.8,1.0,1.0
164.0,14.0,0.0,4.0,163.0,199.81683637967,-18.35392288921,0.0,15.877766947122,-1.0,-1.0,-1.0,100.0,0.0,5.0,1.8,1.0,4.0
164.0,16.0,0.0,-1.0,163.0,312.70480958366,148.11088225405,0.0,29.408468415099,30.0,111.32449315348,-1.0,100.0,0.0,5.0,1.8,1.0,25.0
164.0,17.0,0.0,18.0,160.0,166.55725565462,63.992535303738,0.0,1542.5337052321,-1.0,-1.0,-1.0,100.0,35.0,5.0,1.8,1.0,49.0
165.0,1.0,0.0,-1.0,159.0,146.88265931551,30.693828164606,0.0,25.471625137068,37.0,425.37353961803,-1.0,100.0,0.0,5.0,1.8,1.0,9.0
165.0,4.0,0.0,-1.0,163.0,159.30941464285,-25.455798497398,0.0,26.867872139509,14.0,140.72989480761,-1.0,100.0,0.0,5.0,1.8,1.0,27.0
165.0,12.0,0.0,-1.0,164.0,164.4582098197,-17.34937376084,0.0,52.656392944069,-1.0,-1.0,-1.0,100.0,0.0,5.0,1.8,1.0,1.0
165.0,14.0,0.0,4.0,164.0,199.81683637967,-18.35392288921,0.0,15.877766947122,-1.0,-1.0,-1.0,100.0,0.0,5.0,1.8,1.0,4.0
165.0,16.0,0.0,-1.0,164.0,312.70480958366,148.11088225405,0.0,29.408468415099,30.0,138.92953602703,-1.0,100.0,0.0,5.0,1.8,1.0,25.0
165.0,17.0,0.0,18.0,161.0,166.56443065462,62.722035303738,0.0,1577.5337052321,-1.0,-1.0,-1.0,100.0,35.0,5.0,1.8,1.0,49.0
166.0,1.0,0.0,-1.0,160.0,146.88265931551,30.693828164606,0.0,25.471625137068,37.0,448.00349822892,-1.0,100.0,0.0,5.0,1.8,1.0,9.0
166.0,4.0,0.0,-1.0,164.0,159.30941464285,-25.455798497398,0.0,26.867872139509,14.0,140.72989480761,-1.0,100.0,0.0,5.0,1.8,1.0,27.0
166.0,12.0,0.0,-1.0,165.0,164.4582098197,-17.34937376084,0.0,52.656392944069,-1.0,-1.0,-1.0,100.0,0.0,5.0,1.8,1.0,1.0
166.0,14.0,0.0,4.0,165.0,199.81683637967,-18.35392288921,0.0,15.877766947122,-1.0,-1.0,-1.0,100.0,0.0,5.0,1.8,1.0,4.0
166.0,16.0,0.0,-1.0,165.0,312.70480958366,148.11088225405,0.0,29.408468415099,30.0,166.39939624043,-1.0,100.0,0.0,5.0,1.8,1.0,25.0
166.0,17.0,0.0,18.0,162.0,166.57160565462,61.451535303738,0.0,1612.5337052321,-1.0,-1.0,-1.0,100.0,35.0,5.0,1.8,1.0,49.0
167.0,1.0,0.0,-1.0,161.0,146.88265931551,30.693828164606,0.0,25.471625137068,37.0,470.34255877394,-1.0,100.0,0.0,5.0,1.8,1.0,9.0
167.0,4.0,0.0,-1.0,165.0,159.30941464285,-25.455798497398,0.0,26.867872139509,14.0,140.72989480761,-1.0,100.0,0.0,5.0,1.8,1.0,27.0
167.0,12.0,0.0,-1.0,166.0,164.4582098197,-17.34937376084,0.0,52.656392944069,-1.0,-1.0,-1.0,100.0,0.0,5.0,1.8,1.0,1.0
167.0,14.0,0.0,4.0,166.0,199.81683637967,-18.35392288921,0.0,15.877766947122,-1.0,-1.0,-1.0,100.0,0.0,5.0,1.8,1.0,4.0
167.0,16.0,0.0,-1.0,166.0,312.70480958366,148.11088225405,0.0,29.408468415099,30.0,193.3133744697,-1.0,100.0,0.0,5.0,1.8,1.0,25.0
167.0,17.0,0.0,18.0,163.0,166.57878065462,60.181035303738,0.0,1647.5337052321,-1.0,-1.0,-1.0,100.0,35.0,5.0,1.8,1.0,49.0
168.0,1.0,0.0,-1.0,162.0,146.88265931551,30.693828164606,0.0,25.471625137068,37.0,492.71532932113,-1.0,100.0,0.0,5.0,1.8,1.0,9.0
168.0,4.0,0.0,-1.0,166.0,159.30941464285,-25.455798497398,0.0,26.867872139509,14.0,140.72989480761,-1.0,100.0,0.0,5.0,1.8,1.0,27.0
168.0,12.0,0.0,-1.0,167.0,164.4582098197,-17.34937376084,0.0,52.656392944069,-1.0,-1.0,-1.0,100.0,0.0,5.0,1.8,1.0,1.0
168.0,14.0,0.0,4.0,167.0,199.81683637967,-18.35392288921,0.0,15.877766947122,-1.0,-1.0,-1.0,100.0,0.0,5.0,1.8,1.0,4.0
168.0,16.0,0.0,-1.0,167.0,312.70480958366,148.11088225405,0.0,29.408468415099,30.0,220.57588634049,-1.0,100.0,0.0,5.0,1.8,1.0,25.0
168.0,17.0,0.0,18.0,164.0,166.58595565462,58.910535303738,0.0,1682.5337052321,-1.0,-1.0,-1.0,100.0,35.0,5.0,1.8,1.0,49.0
169.0,1.0,0.0,-1.0,163.0,146.88265931551,30.693828164606,0.0,25.471625137068,37.0,515.48297269776,-1.0,100.0,0.0,5.0,1.8,1.0,9.0
169.0,4.0,0.0,-1.0,167.0,159.30941464285,-25.455798497398,0.0,26.867872139509,14.0,140.72989480761,-1.0,100.0,0.0,5.0,1.8,1.0,27.0
169.0,12.0,0.0,-1.0,168.0,164.4582098197,-17.34937376084,0.0,52.656392944069,-1.0,-1.0,-1.0,100.0,0.0,5.0,1.8,1.0,1.0
169.0,14.0,0.0,4.0,168.0,199.81683637967,-18.35392288921,0.0,15.877766947122,-1.0,-1.0,-1.0,100.0,0.0,5.0,1.8,1.0,4.0
169.0,16.0,0.0,-1.0,168.0,312.70480958366,148.11088225405,0.0,29.408468415099,30.0,248.32907608986,-1.0,100.0,0.0,5.0,1.8,1.0,25.0
169.0,17.0,0.0,18.0,165.0,166.59313065462,57.640035303738,0.0,1717.5337052321,-1.0,-1.0,-1.0,100.0,35.0,5.0,1.8,1.0,49.0
170.0,1.0,0.0,-1.0,164.0,146.88265931551,30.693828164606,0.0,25.471625137068,37.0,538.00384995486,-1.0,100.0,0.0,5.0,1.8,1.0,9.0
170.0,4.0,0.0,-1.0,168.0,159.30941464285,-25.455798497398,0.0,26.867872139509,14.0,140.72989480761,-1.0,100.0,0.0,5.0,1.8,1.0,27.0
170.0,12.0,0.0,-1.0,169.0,164.4582098197,-17.34937376084,0.0,52.656392944069,-1.0,-1.0,-1.0,100.0,0.0,5.0,1.8,1.0,1.0
170.0,14.0,0.0,4.0,169.0,199.81683637967,-18.35392288921,0.0,15.877766947122,-1.0,-1.0,-1.0,100.0,0.0,5.0,1.8,1.0,4.0
170.0,16.0,0.0,-1.0,169.0,312.70480958366,148.11088225405,0.0,29.408468415099,30.0,276.40786522492,-1.0,100.0,0.0,5.0,1.8,1.0,25.0
170.0,17.0,0.0,18.0,166.0,166.60030565462,56.369535303738,0.0,1752.5337052321,-1.0,-1.0,-1.0,100.0,35.0,5.0,1.8,1.0,49.0
171.0,1.0,0.0,-1.0,165.0,146.88265931551,30.693828164606,0.0,25.471625137068,37.0,560.57787152553,-1.0,100.0,0.0,5.0,1.8,1.0,9.0
171.0,4.0,0.0,-1.0,169.0,159.30941464285,-25.455798497398,0.0,26.867872139509,14.0,140.72989480761,-1.0,100.0,0.0,5.0,1.8,1.0,27.0
171.0,12.0,0.0,-1.0,170.0,164.4582098197,-17.34937376084,0.0,52.656392944069,-1.0,-1.0,-1.0,100.0,0.0,5.0,1.8,1.0,1.0
171.0,14.0,0.0,4.0,170.0,199.81683637967,-18.35392288921,0.0,15.877766947122,-1.0,-1.0,-1.0,100.0,0.0,5.0,1.8,1.0,4.0
171.0,16.0,0.0,-1.0,170.0,312.70480958366,148.11088225405,0.0,29.408468415099,30.0,303.2654954598,-1.0,100.0,0.0,5.0,1.8,1.0,25.0
171.0,17.0,0.0,18.0,167.0,166.60748065462,55.099035303738,0.0,1787.5337052321,-1.0,-1.0,-1.0,100.0,35.0,5.0,1.8,1.0,49.0
172.0,1.0,0.0,-1.0,166.0,146.88265931551,30.693828164606,0.0,25.471625137068,37.0,582.90488569181,-1.0,100.0,0.0,5.0,1.8,1.0,9.0
172.0,4.0,0.0,-1.0,170.0,159.30941464285,-25.455798497398,0.0,26.867872139509,14.0,140.72989480761,-1.0,100.0,0.0,5.0,1.8,1.0,27.0
172.0,12.0,0.0,-1.0,171.0,164.4582098197,-17.34937376084,0.0,52.656392944069,-1.0,-1.0,-1.0,100.0,0.0,5.0,1.8,1.0,1.0
172.0,14.0,0.0,4.0,171.0,199.81683637967,-18.35392288921,0.0,15.877766947122,-1.0,-1.0,-1.0,100.0,0.0,5.0,1.8,1.0,4.0
172.0,16.0,0.0,-1.0,171.0,312.70480958366,148.11088225405,0.0,29.408468415099,30.0,331.27236148273,-1.0,100.0,0.0,5.0,1.8,1.0,25.0
172.0,17.0,0.0,18.0,168.0,166.61465565462,53.828535303738,0.0,1822.5337052321,-1.0,-1.0,-1.0,100.0,35.0,5.0,1.8,1.0,49.0
173.0,1.0,0.0,-1.0,167.0,146.88265931551,30.693828164606,0.0,25.471625137068,37.0,604.65035765898,-1.0,100.0,0.0,5.0,1.8,1.0,9.0
173.0,4.0,0.0,-1.0,171.0,159.30941464285,-25.455798497398,0.0,26.867872139509,14.0,140.72989480761,-1.0,100.0,0.0,5.0,1.8,1.0,27.0
173.0,12.0,0.0,-1.0,172.0,164.4582098197,-17.34937376084,0.0,52.656392944069,-1.0,-1.0,-1.0,100.0,0.0,5.0,1.8,1.0,1.0
173.0,14.0,0.0,4.0,172.0,199.81683637967,-18.35392288921,0.0,15.877766947122,-1.0,-1.0,-1.0,100.0,0.0,5.0,1.8,1.0,4.0
173.0,16.0,0.0,6.0,172.0,312.70480958366,148.11088225405,0.0,29.408468415099,30.0,358.56720235413,-1.0,100.0,0.0,5.0,1.8,1.0,25.0
173.0,17.0,0.0,18.0,169.0,166.62183065462,52.558035303738,0.0,1857.5337052321,-1.0,-1.0,-1.0,100.0,35.0,5.0,1.8,1.0,49.0
174.0,1.0,0.0,-1.0,168.0,146.88265931551,30.693828164606,0.0,25.471625137068,37.0,626.47232748613,-1.0,100.0,0.0,5.0,1.8,1.0,9.0
174.0,4.0,0.0,-1.0,172.0,159.30941464285,-25.455798497398,0.0,26.867872139509,14.0,140.72989480761,-1.0,100.0,0.0,5.0,1.8,1.0,27.0
174.0,12.0,0.0,-1.0,173.0,164.4582098197,-17.34937376084,0.0,52.656392944069,-1.0,-1.0,-1.0,100.0,0.0,5.0,1.8,1.0,1.0
174.0,14.0,0.0,4.0,173.0,199.81683637967,-18.35392288921,0.0,15.877766947122,-1.0,-1.0,-1.0,100.0,0.0,5.0,1.8,1.0,4.0
174.0,16.0,0.0,6.0,173.0,312.70480958366,148.11088225405,0.0,29.408468415099,30.0,385.53393754182,-1.0,100.0,0.0,5.0,1.8,1.0,25.0
174.0,17.0,0.0,18.0,170.0,166.62900565462,51.287535303738,0.0,1892.5337052321,-1.0,-1.0,-1.0,100.0,35.0,5.0,1.8,1.0,49.0
175.0,1.0,0.0,-1.0,169.0,146.88265931551,30.693828164606,0.0,25.471625137068,37.0,648.25713298261,-1.0,100.0,0.0,5.0,1.8,1.0,9.0
175.0,4.0,0.0,-1.0,173.0,159.30941464285,-25.455798497398,0.0,26.867872139509,14.0,140.72989480761,-1.0,100.0,0.0,5.0,1.8,1.0,27.0
175.0,12.0,0.0,-1.0,174.0,164.4582098197,-17.34937376084,0.0,52.656392944069,-1.0,-1.0,-1.0,100.0,0.0,5.0,1.8,1.0,1.0
175.0,14.0,0.0,4.0,174.0,199.81683637967,-18.35392288921,0.0,15.877766947122,-1.0,-1.0,-1.0,100.0,0.0,5.0,1.8,1.0,4.0
175.0,16.0,0.0,6.0,174.0,312.70480958366,148.11088225405,0.0,29.408468415099,30.0,413.05087375697,-1.0,100.0,0.0,5.0,1.8,1.0,25.0
175.0,17.0,0.0,18.0,171.0,166.63618065462,50.017035303738,0.0,1927.5337052321,-1.0,-1.0,-1.0,100.0,35.0,5.0,1.8,1.0,49.0
176.0,1.0,0.0,-1.0,170.0,146.88265931551,30.693828164606,0.0,25.471625137068,37.0,670.837605361,-1.0,100.0,0.0,5.0,1.8,1.0,9.0
176.0,4.0,0.0,-1.0,174.0,159.30941464285,-25.455798497398,0.0,26.867872139509,14.0,140.72989480761,-1.0,100.0,0.0,5.0,1.8,1.0,27.0
176.0,12.0,0.0,-1.0,175.0,164.4582098197,-17.34937376084,0.0,52.656392944069,-1.0,-1.0,-1.0,100.0,0.0,5.0,1.8,1.0,1.0
176.0,14.0,0.0,4.0,175.0,199.81683637967,-18.35392288921,0.0,15.877766947122,-1.0,-1.0,-1.0,100.0,0.0,5.0,1.8,1.0,4.0
176.0,16.0,0.0,6.0,175.0,312.70480958366,148.11088225405,0.0,29.408468415099,30.0,439.96699215273,-1.0,100.0,0.0,5.0,1.8,1.0,25.0
176.0,17.0,0.0,18.0,172.0,166.64335565462,48.746535303738,0.0,1962.5337052321,-1.0,-1.0,-1.0,100.0,35.0,5.0,1.8,1.0,49.0
177.0,1.0,0.0,-1.0,171.0,146.88265931551,30.693828164606,0.0,25.471625137068,37.0,692.8106595158,-1.0,100.0,0.0,5.0,1.8,1.0,9.0
177.0,4.0,0.0,-1.0,175.0,159.30941464285,-25.455798497398,0.0,26.867872139509,14.0,140.72989480761,-1.0,100.0,0.0,5.0,1.8,1.0,27.0
177.0,12.0,0.0,-1.0,176.0,164.4582098197,-17.34937376084,0.0,52.656392944069,-1.0,-1.0,-1.0,100.0,0.0,5.0,1.8,1.0,1.0
177.0,14.0,0.0,4.0,176.0,199.81683637967,-18.35392288921,0.0,15.877766947122,-1.0,-1.0,-1.0,100.0,0.0,5.0,1.8,1.0,4.0
177.0,16.0,0.0,6.0,176.0,312.70480958366,148.11088225405,0.0,29.408468415099,30.0,466.93718060167,-1.0,100.0,0.0,5.0,1.8,1.0,25.0
177.0,17.0,0.0,18.0,173.0,166.65053065462,47.476035303738,0.0,1997.5337052321,-1.0,-1.0,-1.0,100.0,35.0,5.0,1.8,1.0,49.0
178.0,1.0,0.0,17.0,172.0,146.88265931551,30.693828164606,0.0,25.471625137068,37.0,714.94265490334,-1.0,100.0,0.0,5.0,1.8,1.0,9.0
178.0,4.0,0.0,-1.0,176.0,159.30941464285,-25.455798497398,0.0,26.867872139509,14.0,140.72989480761,-1.0,100.0,0.0,5.0,1.8,1.0,27.0
178.0,12.0,0.0,-1.0,177.0,164.4582098197,-17.34937376084,0.0,52.656392944069,-1.0,-1.0,-1.0,100.0,0.0,5.0,1.8,1.0,1.0
178.0,14.0,0.0,4.0,177.0,199.81683637967,-18.35392288921,0.0,15.877766947122,-1.0,-1.0,-1.0,100.0,0.0,5.0,1.8,1.0,4.0
178.0,16.0,0.0,6.0,177.0,312.70480958366,148.11088225405,0.0,29.408468415099,30.0,493.82131297213,-1.0,100.0,0.0,5.0,1.8,1.0,25.0
178.0,17.0,0.0,18.0,174.0,158.46833930872,39.454793789852,0.0,24.523705232101,1.0,52.967919904967,1.5133691401419,100.0,35.0,5.0,1.8,1.0,1.0
179.0,1.0,0.0,17.0,173.0,146.88265931551,30.693828164606,0.0,25.471625137068,37.0,737.1532204874,-1.0,100.0,0.0,5.0,1.8,1.0,9.0
179.0,4.0,0.0,-1.0,177.0,159.30941464285,-25.455798497398,0.0,26.867872139509,14.0,140.72989480761,-1.0,100.0,0.0,5.0,1.8,1.0,27.0
179.0,12.0,0.0,-1.0,178.0,164.4582098197,-17.34937376084,0.0,52.656392944069,-1.0,-1.0,-1.0,100.0,0.0,5.0,1.8,1.0,1.0
179.0,14.0,0.0,4.0,178.0,199.81683637967,-18.35392288921,0.0,15.877766947122,-1.0,-1.0,-1.0,100.0,0.0,5.0,1.8,1.0,4.0
179.0,16.0,0.0,6.0,178.0,312.70480958366,148.11088225405,0.0,29.408468415099,30.0,520.89784371665,-1.0,100.0,0.0,5.0,1.8,1.0,25.0
179.0,17.0,0.0,-1.0,175.0,149.96023142077,34.362760690521,0.0,0.0037052321012854,1.0,17.967919904967,0.51336914014192,100.0,35.0,5.0,1.8,1.0,9.0
180.0,1.0,0.0,17.0,174.0,146.88265931551,30.693828164606,0.0,25.471625137068,37.0,759.1410128299,-1.0,100.0,0.0,5.0,1.8,1.0,9.0
180.0,4.0,0.0,-1.0,178.0,159.30941464285,-25.455798497398,0.0,26.867872139509,14.0,140.72989480761,-1.0,100.0,0.0,5.0,1.8,1.0,27.0
180.0,12.0,0.0,-1.0,179.0,164.4582098197,-17.34937376084,0.0,52.656392944069,-1.0,-1.0,-1.0,100.0,0.0,5.0,1.8,1.0,1.0
180.0,14.0,0.0,4.0,179.0,199.81683637967,-18.35392288921,0.0,15.877766947122,-1.0,-1.0,-1.0,100.0,0.0,5.0,1.8,1.0,4.0
180.0,16.0,0.0,6.0,179.0,312.70480958366,148.11088225405,0.0,29.408468415099,30.0,548.8581624947,-1.0,100.0,0.0,5.0,1.8,1.0,25.0
180.0,17.0,0.0,-1.0,176.0,145.61926817432,29.087997675936,0.0,35.003705232101,1.0,-17.032080095033,-0.48663085985808,100.0,35.0,5.0,1.8,1.0,9.0
181.0,1.0,0.0,17.0,175.0,146.88265931551,30.693828164606,0.0,25.471625137068,37.0,781.33566413772,-1.0,100.0,0.0,5.0,1.8,1.0,9.0
181.0,4.0,0.0,-1.0,179.0,159.30941464285,-25.455798497398,0.0,26.867872139509,14.0,140.72989480761,-1.0,100.0,0.0,5.0,1.8,1.0,27.0
181.0,12.0,0.0,-1.0,180.0,164.4582098197,-17.34937376084,0.0,52.656392944069,-1.0,-1.0,-1.0,100.0,0.0,5.0,1.8,1.0,1.0
181.0,14.0,0.0,4.0,180.0,199.81683637967,-18.35392288921,0.0,15.877766947122,-1.0,-1.0,-1.0,100.0,0.0,5.0,1.8,1.0,4.0
181.0,16.0,0.0,6.0,180.0,312.70480958366,148.11088225405,0.0,29.408468415099,30.0,576.42939471109,-1.0,100.0,0.0,5.0,1.8,1.0,25.0
181.0,17.0,0.0,-1.0,177.0,141.5770245081,23.584561930933,0.0,70.003705232101,1.0,-52.032080095033,-1.4866308598581,100.0,35.0,5.0,1.8,1.0,9.0
182.0,1.0,0.0,-1.0,176.0,146.88265931551,30.693828164606,0.0,25.471625137068,17.0,74.930017464438,-1.0,100.0,0.0,5.0,1.8,1.0,9.0
182.0,4.0,0.0,-1.0,180.0,159.30941464285,-25.455798497398,0.0,26.867872139509,14.0,140.72989480761,-1.0,100.0,0.0,5.0,1.8,1.0,27.0
182.0,12.0,0.0,-1.0,181.0,164.4582098197,-17.34937376084,0.0,52.656392944069,-1.0,-1.0,-1.0,100.0,0.0,5.0,1.8,1.0,1.0
182.0,14.0,0.0,4.0,181.0,199.81683637967,-18.35392288921,0.0,15.877766947122,-1.0,-1.0,-1.0,100.0,0.0,5.0,1.8,1.0,4.0
182.0,16.0,0.0,-1.0,181.0,312.70480958366,148.11088225405,0.0,29.408468415099,30.0,604.53139913659,-1.0,100.0,0.0,5.0,1.8,1.0,25.0
182.0,17.0,0.0,-1.0,178.0,136.15002357467,13.814741925901,0.0,5.0037052321013,-1.0,-1.0,-1.0,100.0,35.0,5.0,1.8,1.0,83.0
183.0,1.0,0.0,-1.0,177.0,146.88265931551,30.693828164606,0.0,25.471625137068,37.0,825.09846880782,-1.0,100.0,0.0,5.0,1.8,1.0,9.0
183.0,4.0,0.0,-1.0,181.0,159.30941464285,-25.455798497398,0.0,26.867872139509,14.0,140.72989480761,-1.0,100.0,0.0,5.0,1.8,1.0,27.0
183.0,12.0,0.0,-1.0,182.0,164.4582098197,-17.34937376084,0.0,52.656392944069,-1.0,-1.0,-1.0,100.0,0.0,5.0,1.8,1.0,1.0
183.0,14.0,0.0,4.0,182.0,199.81683637967,-18.35392288921,0.0,15.877766947122,-1.0,-1.0,-1.0,100.0,0.0,5.0,1.8,1.0,4.0
183.0,16.0,0.0,-1.0,182.0,312.70480958366,148.11088225405,0.0,29.408468415099,30.0,631.70364556767,-1.0,100.0,0.0,5.0,1.8,1.0,25.0
183.0,17.0,0.0,1.0,179.0,141.61091175831,-7.4685499891216,0.0,13.943705232101,-1.0,-1.0,-1.0,100.0,35.0,5.0,1.8,1.0,3.0
184.0,1.0,0.0,-1.0,178.0,146.88265931551,30.693828164606,0.0,25.471625137068,37.0,846.88985768367,-1.0,100.0,0.0,5.0,1.8,1.0,9.0
184.0,4.0,0.0,-1.0,182.0,159.30941464285,-25.455798497398,0.0,26.867872139509,14.0,140.72989480761,-1.0,100.0,0.0,5.0,1.8,1.0,27.0
184.0,12.0,0.0,-1.0,183.0,164.4582098197,-17.34937376084,0.0,52.656392944069,-1.0,-1.0,-1.0,100.0,0.0,5.0,1.8,1.0,1.0
184.0,14.0,0.0,4.0,183.0,199.81683637967,-18.35392288921,0.0,15.877766947122,-1.0,-1.0,-1.0,100.0,0.0,5.0,1.8,1.0,4.0
184.0,16.0,0.0,-1.0,183.0,312.70480958366,148.11088225405,0.0,29.408468415099,30.0,659.33419605228,-1.0,100.0,0.0,5.0,1.8,1.0,25.0
184.0,17.0,0.0,-1.0,180.0,145.36853457225,-6.9070691444926,0.0,48.943705232101,-1.0,-1.0,-1.0,100.0,35.0,5.0,1.8,1.0,7.0
185.0,1.0,0.0,-1.0,179.0,146.88265931551,30.693828164606,0.0,25.471625137068,37.0,868.46387909692,-1.0,100.0,0.0,5.0,1.8,1.0,9.0
185.0,4.0,0.0,-1.0,183.0,159.30941464285,-25.455798497398,0.0,26.867872139509,14.0,140.72989480761,-1.0,100.0,0.0,5.0,1.8,1.0,27.0
185.0,12.0,0.0,-1.0,184.0,164.4582098197,-17.34937376084,0.0,52.656392944069,-1.0,-1.0,-1.0,100.0,0.0,5.0,1.8,1.0,1.0
185.0,14.0,0.0,4.0,184.0,199.81683637967,-18.35392288921,0.0,15.877766947122,-1.0,-1.0,-1.0,100.0,0.0,5.0,1.8,1.0,4.0
185.0,16.0,0.0,-1.0,184.0,312.70480958366,148.11088225405,0.0,29.408468415099,30.0,686.46975828797,-1.0,100.0,0.0,5.0,1.8,1.0,25.0
185.0,17.0,0.0,-1.0,181.0,148.39105891029,-11.693974331525,0.0,5.9437052321013,-1.0,-1.0,-1.0,100.0,35.0,5.0,1.8,1.0,5.0
186.0,1.0,0.0,-1.0,180.0,146.88265931551,30.693828164606,0.0,25.471625137068,37.0,890.95728402847,-1.0,100.0,0.0,5.0,1.8,1.0,9.0
186.0,4.0,0.0,-1.0,184.0,159.30941464285,-25.455798497398,0.0,26.867872139509,14.0,140.72989480761,-1.0,100.0,0.0,5.0,1.8,1.0,27.0
186.0,12.0,0.0,-1.0,185.0,164.4582098197,-17.34937376084,0.0,52.656392944069,-1.0,-1.0,-1.0,100.0,0.0,5.0,1.8,1.0,1.0
186.0,14.0,0.0,4.0,185.0,199.81683637967,-18.35392288921,0.0,15.877766947122,-1.0,-1.0,-1.0,100.0,0.0,5.0,1.8,1.0,4.0
186.0,16.0,0.0,-1.0,185.0,312.70480958366,148.11088225405,0.0,29.408468415099,30.0,714.0226174687,-1.0,100.0,0.0,5.0,1.8,1.0,25.0
186.0,17.0,0.0,-1.0,182.0,161.98523330373,-19.60868588934,0.0,19.273705232101,-1.0,-1.0,-1.0,100.0,35.0,5.0,1.8,1.0,30.0
187.0,1.0,0.0,-1.0,181.0,146.88265931551,30.693828164606,0.0,25.471625137068,37.0,913.33143686242,-1.0,100.0,0.0,5.0,1.8,1.0,9.0
187.0,4.0,0.0,-1.0,185.0,159.30941464285,-25.455798497398,0.0,26.867872139509,14.0,140.72989480761,-1.0,100.0,0.0,5.0,1.8,1.0,27.0
187.0,12.0,0.0,-1.0,186.0,164.4582098197,-17.34937376084,0.0,52.656392944069,-1.0,-1.0,-1.0,100.0,0.0,5.0,1.8,1.0,1.0
187.0,14.0,0.0,4.0,186.0,199.81683637967,-18.35392288921,0.0,15.877766947122,-1.0,-1.0,-1.0,100.0,0.0,5.0,1.8,1.0,4.0
187.0,16.0,0.0,-1.0,186.0,312.70480958366,148.11088225405,0.0,29.408468415099,30.0,741.91198054085,-1.0,100.0,0.0,5.0,1.8,1.0,25.0
187.0,17.0,0.0,-1.0,183.0,163.5965721879,-20.562456331809,0.0,54.273705232101,-1.0,-1.0,-1.0,100.0,35.0,5.0,1.8,1.0,30.0
188.0,1.0,0.0,-1.0,182.0,146.88265931551,30.693828164606,0.0,25.471625137068,37.0,935.61523145139,-1.0,100.0,0.0,5.0,1.8,1.0,9.0
188.0,4.0,0.0,-1.0,186.0,159.30941464285,-25.455798497398,0.0,26.867872139509,14.0,140.72989480761,-1.0,100.0,0.0,5.0,1.8,1.0,27.0
188.0,12.0,0.0,-1.0,187.0,164.4582098197,-17.34937376084,0.0,52.656392944069,-1.0,-1.0,-1.0,100.0,0.0,5.0,1.8,1.0,1.0
188.0,14.0,0.0,4.0,187.0,199.81683637967,-18.35392288921,0.0,15.877766947122,-1.0,-1.0,-1.0,100.0,0.0,5.0,1.8,1.0,4.0
188.0,16.0,0.0,-1.0,187.0,312.70480958366,148.11088225405,0.0,29.408468415099,6.0,205.2415315849,-1.0,100.0,0.0,5.0,1.8,1.0,25.0
188.0,17.0,0.0,-1.0,184.0,175.04367001161,-24.134376384708,0.0,11.273705232101,-1.0,-1.0,-1.0,100.0,35.0,5.0,1.8,1.0,14.0
189.0,1.0,0.0,-1.0,183.0,146.88265931551,30.693828164606,0.0,25.471625137068,37.0,957.57482934114,-1.0,100.0,0.0,5.0,1.8,1.0,9.0
189.0,4.0,0.0,-1.0,187.0,159.30941464285,-25.455798497398,0.0,26.867872139509,14.0,140.72989480761,-1.0,100.0,0.0,5.0,1.8,1.0,27.0
189.0,12.0,0.0,-1.0,188.0,164.4582098197,-17.34937376084,0.0,52.656392944069,-1.0,-1.0,-1.0,100.0,0.0,5.0,1.8,1.0,1.0
189.0,14.0,0.0,4.0,188.0,199.81683637967,-18.35392288921,0.0,15.877766947122,-1.0,-1.0,-1.0,100.0,0.0,5.0,1.8,1.0,4.0
189.0,16.0,0.0,-1.0,188.0,312.70480958366,148.11088225405,0.0,29.408468415099,6.0,240.2415315849,-1.0,100.0,0.0,5.0,1.8,1.0,25.0
189.0,17.0,0.0,-1.0,185.0,188.35792325825,-19.437141204429,0.0,23.703705232101,-1.0,-1.0,-1.0,100.0,35.0,5.0,1.8,1.0,16.0
190.0,1.0,0.0,-1.0,184.0,146.88265931551,30.693828164606,0.0,25.471625137068,37.0,980.04205756545,-1.0,100.0,0.0,5.0,1.8,1.0,9.0
190.0,4.0,0.0,-1.0,188.0,159.30941464285,-25.455798497398,0.0,26.867872139509,14.0,140.72989480761,-1.0,100.0,0.0,5.0,1.8,1.0,27.0
190.0,12.0,0.0,-1.0,189.0,164.4582098197,-17.34937376084,0.0,52.656392944069,-1.0,-1.0,-1.0,100.0,0.0,5.0,1.8,1.0,1.0
190.0,14.0,0.0,4.0,189.0,199.81683637967,-18.35392288921,0.0,15.877766947122,-1.0,-1.0,-1.0,100.0,0.0,5.0,1.8,1.0,4.0
190.0,16.0,0.0,-1.0,189.0,312.70480958366,148.11088225405,0.0,29.408468415099,6.0,275.2415315849,-1.0,100.0,0.0,5.0,1.8,1.0,25.0
190.0,17.0,0.0,-1.0,186.0,195.73881750528,-18.268096340316,0.0,0.053705232101278,-1.0,-1.0,-1.0,100.0,35.0,5.0,1.8,1.0,6.0
191.0,1.0,0.0,-1.0,185.0,146.88265931551,30.693828164606,0.0,25.471625137068,37.0,1002.1721866993,-1.0,100.0,0.0,5.0,1.8,1.0,9.0
191.0,4.0,0.0,-1.0,189.0,159.30941464285,-25.455798497398,0.0,26.867872139509,14.0,140.72989480761,-1.0,100.0,0.0,5.0,1.8,1.0,27.0
191.0,12.0,0.0,-1.0,190.0,164.4582098197,-17.34937376084,0.0,52.656392944069,-1.0,-1.0,-1.0,100.0,0.0,5.0,1.8,1.0,1.0
191.0,14.0,0.0,4.0,190.0,199.81683637967,-18.35392288921,0.0,15.877766947122,17.0,11.675938284979,-1.0,100.0,0.0,5.0,1.8,1.0,4.0
191.0,16.0,0.0,-1.0,190.0,312.70480958366,148.11088225405,0.0,29.408468415099,6.0,310.2415315849,-1.0,100.0,0.0,5.0,1.8,1.0,25.0
191.0,17.0,0.0,14.0,187.0,202.06335153681,-15.478734977475,0.0,35.053705232101,-1.0,-1.0,-1.0,100.0,35.0,5.0,1.8,1.0,4.0
192.0,1.0,0.0,-1.0,186.0,146.88265931551,30.693828164606,0.0,25.471625137068,37.0,1024.8894021802,-1.0,100.0,0.0,5.0,1.8,1.0,9.0
192.0,4.0,0.0,-1.0,190.0,159.30941464285,-25.455798497398,0.0,26.867872139509,14.0,140.72989480761,-1.0,100.0,0.0,5.0,1.8,1.0,27.0
192.0,12.0,0.0,-1.0,191.0,164.4582098197,-17.34937376084,0.0,52.656392944069,-1.0,-1.0,-1.0,100.0,0.0,5.0,1.8,1.0,1.0
192.0,14.0,0.0,4.0,191.0,199.81683637967,-18.35392288921,0.0,15.877766947122,17.0,46.675938284979,-1.0,100.0,0.0,5.0,1.8,1.0,4.0
192.0,16.0,0.0,-1.0,191.0,312.70480958366,148.11088225405,0.0,29.408468415099,6.0,345.2415315849,-1.0,100.0,0.0,5.0,1.8,1.0,25.0
192.0,17.0,0.0,14.0,188.0,205.82859876614,-10.396608224996,0.0,70.053705232101,-1.0,-1.0,-1.0,100.0,35.0,5.0,1.8,1.0,4.0
193.0,1.0,0.0,-1.0,187.0,146.88265931551,30.693828164606,0.0,25.471625137068,37.0,1046.6017849261,-1.0,100.0,0.0,5.0,1.8,1.0,9.0
193.0,4.0,0.0,-1.0,191.0,159.30941464285,-25.455798497398,0.0,26.867872139509,14.0,140.72989480761,-1.0,100.0,0.0,5.0,1.8,1.0,27.0
193.0,12.0,0.0,-1.0,192.0,164.4582098197,-17.34937376084,0.0,52.656392944069,-1.0,-1.0,-1.0,100.0,0.0,5.0,1.8,1.0,1.0
193.0,14.0,0.0,4.0,192.0,199.81683637967,-18.35392288921,0.0,15.877766947122,17.0,81.162321220126,-1.0,100.0,0.0,5.0,1.8,1.0,4.0
193.0,16.0,0.0,-1.0,192.0,312.70480958366,148.11088225405,0.0,29.408468415099,6.0,380.2415315849,-1.0,100.0,0.0,5.0,1.8,1.0,25.0
193.0,17.0,0.0,14.0,189.0,212.67873280534,-2.636708030118,0.0,5.0537052321013,-1.0,-1.0,-1.0,100.0,35.0,5.0,1.8,1.0,89.0
194.0,1.0,0.0,-1.0,188.0,146.88265931551,30.693828164606,0.0,25.471625137068,37.0,1069.1709322844,-1.0,100.0,0.0,5.0,1.8,1.0,9.0
194.0,4.0,0.0,-1.0,192.0,159.30941464285,-25.455798497398,0.0,26.867872139509,14.0,140.72989480761,-1.0,100.0,0.0,5.0,1.8,1.0,27.0
194.0,12.0,0.0,-1.0,193.0,164.4582098197,-17.34937376084,0.0,52.656392944069,-1.0,-1.0,-1.0,100.0,0.0,5.0,1.8,1.0,1.0
194.0,14.0,0.0,4.0,193.0,199.81683637967,-18.35392288921,0.0,15.877766947122,32.0,193.12320111916,-1.0,100.0,0.0,5.0,1.8,1.0,4.0
194.0,16.0,0.0,-1.0,193.0,312.70480958366,148.11088225405,0.0,29.408468415099,6.0,415.2415315849,-1.0,100.0,0.0,5.0,1.8,1.0,25.0
194.0,17.0,0.0,-1.0,190.0,217.84621020684,-1.7307616044945,0.0,30.453705232101,-1.0,-1.0,-1.0,100.0,35.0,5.0,1.8,1.0,4.0
195.0,1.0,0.0,-1.0,189.0,146.88265931551,30.693828164606,0.0,25.471625137068,37.0,1091.2304586362,-1.0,100.0,0.0,5.0,1.8,1.0,9.0
195.0,4.0,0.0,-1.0,193.0,159.30941464285,-25.455798497398,0.0,26.867872139509,14.0,140.72989480761,-1.0,100.0,0.0,5.0,1.8,1.0,27.0
195.0,12.0,0.0,-1.0,194.0,164.4582098197,-17.34937376084,0.0,52.656392944069,-1.0,-1.0,-1.0,100.0,0.0,5.0,1.8,1.0,1.0
195.0,14.0,0.0,4.0,194.0,199.81683637967,-18.35392288921,0.0,15.877766947122,32.0,200.03237328906,-1.0,100.0,0.0,5.0,1.8,1.0,4.0
195.0,16.0,0.0,-1.0,194.0,312.70480958366,148.11088225405,0.0,29.408468415099,6.0,450.2415315849,-1.0,100.0,0.0,5.0,1.8,1.0,25.0
195.0,17.0,0.0,-1.0,191.0,218.68831020684,-1.7314616044944,0.0,65.453705232101,-1.0,-1.0,-1.0,100.0,35.0,5.0,1.8,1.0,4.0
196.0,1.0,0.0,-1.0,190.0,146.88265931551,30.693828164606,0.0,25.471625137068,37.0,1112.8871377195,-1.0,100.0,0.0,5.0,1.8,1.0,9.0
196.0,4.0,0.0,-1.0,194.0,159.30941464285,-25.455798497398,0.0,26.867872139509,14.0,140.72989480761,-1.0,100.0,0.0,5.0,1.8,1.0,27.0
196.0,12.0,0.0,-1.0,195.0,164.4582098197,-17.34937376084,0.0,52.656392944069,-1.0,-1.0,-1.0,100.0,0.0,5.0,1.8,1.0,1.0
196.0,14.0,0.0,4.0,195.0,199.81683637967,-18.35392288921,0.0,15.877766947122,32.0,206.05607368138,-1.0,100.0,0.0,5.0,1.8,1.0,4.0
196.0,16.0,0.0,-1.0,195.0,312.70480958366,148.11088225405,0.0,29.408468415099,6.0,485.2415315849,-1.0,100.0,0.0,5.0,1.8,1.0,25.0
196.0,17.0,0.0,-1.0,192.0,219.53041020684,-1.7321616044945,0.0,100.4537052321,-1.0,-1.0,-1.0,100.0,35.0,5.0,1.8,1.0,4.0
197.0,1.0,0.0,-1.0,191.0,146.88265931551,30.693828164606,0.0,25.471625137068,37.0,1135.2337873385,-1.0,100.0,0.0,5.0,1.8,1.0,9.0
197.0,4.0,0.0,-1.0,195.0,159.30941464285,-25.455798497398,0.0,26.867872139509,14.0,140.72989480761,-1.0,100.0,0.0,5.0,1.8,1.0,27.0
197.0,12.0,0.0,-1.0,196.0,164.4582098197,-17.34937376084,0.0,52.656392944069,-1.0,-1.0,-1.0,100.0,0.0,5.0,1.8,1.0,1.0
197.0,14.0,0.0,4.0,196.0,199.81683637967,-18.35392288921,0.0,15.877766947122,32.0,214.7734397424,-1.0,100.0,0.0,5.0,1.8,1.0,4.0
197.0,16.0,0.0,-1.0,196.0,312.70480958366,148.11088225405,0.0,29.408468415099,6.0,520.2415315849,-1.0,100.0,0.0,5.0,1.8,1.0,25.0
197.0,17.0,0.0,-1.0,193.0,220.37251020684,-1.7328616044944,0.0,135.4537052321,-1.0,-1.0,-1.0,100.0,35.0,5.0,1.8,1.0,4.0
198.0,1.0,0.0,-1.0,192.0,146.88265931551,30.693828164606,0.0,25.471625137068,37.0,1156.8502351206,-1.0,100.0,0.0,5.0,1.8,1.0,9.0
198.0,4.0,0.0,-1.0,196.0,159.30941464285,-25.455798497398,0.0,26.867872139509,14.0,140.72989480761,-1.0,100.0,0.0,5.0,1.8,1.0,27.0
198.0,12.0,0.0,-1.0,197.0,164.4582098197,-17.34937376084,0.0,52.656392944069,-1.0,-1.0,-1.0,100.0,0.0,5.0,1.8,1.0,1.0
198.0,14.0,0.0,4.0,197.0,199.81683637967,-18.35392288921,0.0,15.877766947122,32.0,225.96943385791,-1.0,100.0,0.0,5.0,1.8,1.0,4.0
198.0,16.0,0.0,-1.0,197.0,312.70480958366,148.11088225405,0.0,29.408468415099,6.0,555.2415315849,-1.0,100.0,0.0,5.0,1.8,1.0,25.0
198.0,17.0,0.0,-1.0,194.0,221.21461020684,-1.7335616044945,0.0,170.4537052321,-1.0,-1.0,-1.0,100.0,35.0,5.0,1.8,1.0,4.0
199.0,1.0,0.0,-1.0,193.0,146.88265931551,30.693828164606,0.0,25.471625137068,37.0,1178.6501258408,-1.0,100.0,0.0,5.0,1.8,1.0,9.0
199.0,4.0,0.0,-1.0,197.0,159.30941464285,-25.455798497398,0.0,26.867872139509,14.0,140.72989480761,-1.0,100.0,0.0,5.0,1.8,1.0,27.0
199.0,12.0,0.0,-1.0,198.0,164.4582098197,-17.34937376084,0.0,52.656392944069,-1.0,-1.0,-1.0,100.0,0.0,5.0,1.8,1.0,1.0
199.0,14.0,0.0,4.0,198.0,199.81683637967,-18.35392288921,0.0,15.877766947122,32.0,238.7074811969,-1.0,100.0,0.0,5.0,1.8,1.0,4.0
199.0,16.0,0.0,-1.0,198.0,312.70480958366,148.11088225405,0.0,29.408468415099,6.0,590.2415315849,-1.0,100.0,0.0,5.0,1.8,1.0,25.0
199.0,17.0,0.0,-1.0,195.0,222.05671020684,-1.7342616044945,0.0,205.4537052321,-1.0,-1.0,-1.0,100.0,35.0,5.0,1.8,1.0,4.0
200.0,1.0,0.0,-1.0,194.0,146.88265931551,30.693828164606,0.0,25.471625137068,37.0,1201.146930031,-1.0,100.0,0.0,5.0,1.8,1.0,9.0
200.0,4.0,0.0,-1.0,198.0,159.30941464285,-25.455798497398,0.0,26.867872139509,14.0,140.72989480761,-1.0,100.0,0.0,5.0,1.8,1.0,27.0
200.0,12.0,0.0,-1.0,199.0,164.4582098197,-17.34937376084,0.0,52.656392944069,-1.0,-1.0,-1.0,100.0,0.0,5.0,1.8,1.0,1.0
200.0,14.0,0.0,4.0,199.0,199.81683637967,-18.35392288921,0.0,15.877766947122,32.0,250.70067266891,-1.0,100.0,0.0,5.0,1.8,1.0,4.0
200.0,16.0,0.0,-1.0,199.0,312.70480958366,148.11088225405,0.0,29.408468415099,6.0,625.2415315849,-1.0,100.0,0.0,5.0,1.8,1.0,25.0
200.0,17.0,0.0,-1.0,196.0,222.89881020684,-1.7349616044945,0.0,240.4537052321,-1.0,-1.0,-1.0,100.0,35.0,5.0,1.8,1.0,4.0
201.0,1.0,0.0,-1.0,195.0,146.88265931551,30.693828164606,0.0,25.471625137068,37.0,1223.0048258665,-1.0,100.0,0.0,5.0,1.8,1.0,9.0
201.0,4.0,0.0,-1.0,199.0,159.30941464285,-25.455798497398,0.0,26.867872139509,14.0,140.72989480761,-1.0,100.0,0.0,5.0,1.8,1.0,27.0
201.0,12.0,0.0,-1.0,200.0,164.4582098197,-17.34937376084,0.0,52.656392944069,-1.0,-1.0,-1.0,100.0,0.0,5.0,1.8,1.0,1.0
201.0,14.0,0.0,4.0,200.0,199.81683637967,-18.35392288921,0.0,15.877766947122,32.0,263.34255154498,-1.0,100.0,0.0,5.0,1.8,1.0,4.0
201.0,16.0,0.0,-1.0,200.0,312.70480958366,148.11088225405,0.0,29.408468415099,6.0,660.2415315849,-1.0,100.0,0.0,5.0,1.8,1.0,25.0
201.0,17.0,0.0,-1.0,197.0,223.74091020684,-1.7356616044945,0.0,275.4537052321,-1.0,-1.0,-1.0,100.0,35.0,5.0,1.8,1.0,4.0
202.0,1.0,0.0,-1.0,196.0,146.88265931551,30.693828164606,0.0,25.471625137068,37.0,1245.2871393135,-1.0,100.0,0.0,5.0,1.8,1.0,9.0
202.0,4.0,0.0,-1.0,200.0,159.30941464285,-25.455798497398,0.0,26.867872139509,14.0,140.72989480761,-1.0,100.0,0.0,5.0,1.8,1.0,27.0
202.0,12.0,0.0,-1.0,201.0,164.4582098197,-17.34937376084,0.0,52.656392944069,-1.0,-1.0,-1.0,100.0,0.0,5.0,1.8,1.0,1.0
202.0,14.0,0.0,4.0,201.0,199.81683637967,-18.35392288921,0.0,15.877766947122,32.0,275.32672297685,-1.0,100.0,0.0,5.0,1.8,1.0,4.0
202.0,16.0,0.0,-1.0,201.0,312.70480958366,148.11088225405,0.0,29.408468415099,6.0,695.2415315849,-1.0,100.0,0.0,5.0,1.8,1.0,25.0
202.0,17.0,0.0,-1.0,198.0,224.58301020684,-1.7363616044944,0.0,310.4537052321,-1.0,-1.0,-1.0,100.0,35.0,5.0,1.8,1.0,4.0
203.0,1.0,0.0,-1.0,197.0,146.88265931551,30.693828164606,0.0,25.471625137068,37.0,1267.1261216859,-1.0,100.0,0.0,5.0,1.8,1.0,9.0
203.0,4.0,0.0,-1.0,201.0,159.30941464285,-25.455798497398,0.0,26.867872139509,14.0,140.72989480761,-1.0,100.0,0.0,5.0,1.8,1.0,27.0
203.0,12.0,0.0,-1.0,202.0,164.4582098197,-17.34937376084,0.0,52.656392944069,-1.0,-1.0,-1.0,100.0,0.0,5.0,1.8,1.0,1.0
203.0,14.0,0.0,4.0,202.0,199.81683637967,-18.35392288921,0.0,15.877766947122,-1.0,-1.0,-1.0,100.0,0.0,5.0,1.8,1.0,4.0
203.0,16.0,0.0,-1.0,202.0,312.70480958366,148.11088225405,0.0,29.408468415099,6.0,730.2415315849,-1.0,100.0,0.0,5.0,1.8,1.0,25.0
203.0,17.0,0.0,-1.0,199.0,225.42511020684,-1.7370616044944,0.0,345.4537052321,-1.0,-1.0,-1.0,100.0,35.0,5.0,1.8,1.0,4.0
204.0,1.0,0.0,-1.0,198.0,146.88265931551,30.693828164606,0.0,25.471625137068,37.0,1288.9631921178,-1.0,100.0,0.0,5.0,1.8,1.0,9.0
204.0,4.0,0.0,-1.0,202.0,159.30941464285,-25.455798497398,0.0,26.867872139509,14.0,140.72989480761,-1.0,100.0,0.0,5.0,1.8,1.0,27.0
204.0,12.0,0.0,-1.0,203.0,164.4582098197,-17.34937376084,0.0,52.656392944069,-1.0,-1.0,-1.0,100.0,0.0,5.0,1.8,1.0,1.0
204.0,14.0,0.0,4.0,203.0,199.81683637967,-18.35392288921,0.0,15.877766947122,-1.0,-1.0,-1.0,100.0,0.0,5.0,1.8,1.0,4.0
204.0,16.0,0.0,-1.0,203.0,312.70480958366,148.11088225405,0.0,29.408468415099,6.0,765.2415315849,-1.0,100.0,0.0,5.0,1.8,1.0,25.0
204.0,17.0,0.0,-1.0,200.0,226.26721020684,-1.7377616044944,0.0,380.4537052321,-1.0,-1.0,-1.0,100.0,35.0,5.0,1.8,1.0,4.0
205.0,1.0,0.0,-1.0,199.0,146.88265931551,30.693828164606,0.0,25.471625137068,37.0,1311.6097620808,-1.0,100.0,0.0,5.0,1.8,1.0,9.0
205.0,4.0,0.0,-1.0,203.0,159.30941464285,-25.455798497398,0.0,26.867872139509,14.0,140.72989480761,-1.0,100.0,0.0,5.0,1.8,1.0,27.0
205.0,12.0,0.0,-1.0,204.0,164.4582098197,-17.34937376084,0.0,52.656392944069,-1.0,-1.0,-1.0,100.0,0.0,5.0,1.8,1.0,1.0
205.0,14.0,0.0,4.0,204.0,199.81683637967,-18.35392288921,0.0,15.877766947122,-1.0,-1.0,-1.0,100.0,0.0,5.0,1.8,1.0,4.0
205.0,16.0,0.0,-1.0,204.0,312.70480958366,148.11088225405,0.0,29.408468415099,6.0,800.2415315849,-1.0,100.0,0.0,5.0,1.8,1.0,25.0
205.0,17.0,0.0,-1.0,201.0,227.10931020684,-1.7384616044945,0.0,415.4537052321,-1.0,-1.0,-1.0,100.0,35.0,5.0,1.8,1.0,4.0
206.0,1.0,0.0,18.0,200.0,146.88265931551,30.693828164606,0.0,25.471625137068,37.0,1333.549947841,-1.0,100.0,0.0,5.0,1.8,1.0,9.0
206.0,4.0,0.0,-1.0,204.0,159.30941464285,-25.455798497398,0.0,26.867872139509,14.0,140.72989480761,-1.0,100.0,0.0,5.0,1.8,1.0,27.0
206.0,12.0,0.0,-1.0,205.0,164.4582098197,-17.34937376084,0.0,52.656392944069,-1.0,-1.0,-1.0,100.0,0.0,5.0,1.8,1.0,1.0
206.0,14.0,0.0,4.0,205.0,199.81683637967,-18.35392288921,0.0,15.877766947122,-1.0,-1.0,-1.0,100.0,0.0,5.0,1.8,1.0,4.0
206.0,16.0,0.0,-1.0,205.0,312.70480958366,148.11088225405,0.0,29.408468415099,6.0,835.2415315849,-1.0,100.0,0.0,5.0,1.8,1.0,25.0
206.0,17.0,0.0,-1.0,202.0,227.95141020684,-1.7391616044944,0.0,450.4537052321,-1.0,-1.0,-1.0,100.0,35.0,5.0,1.8,1.0,4.0
207.0,1.0,0.0,18.0,201.0,146.88265931551,30.693828164606,0.0,25.471625137068,37.0,1356.3230986671,-1.0,100.0,0.0,5.0,1.8,1.0,9.0
207.0,4.0,0.0,-1.0,205.0,159.30941464285,-25.455798497398,0.0,26.867872139509,14.0,140.72989480761,-1.0,100.0,0.0,5.0,1.8,1.0,27.0
207.0,12.0,0.0,-1.0,206.0,164.4582098197,-17.34937376084,0.0,52.656392944069,-1.0,-1.0,-1.0,100.0,0.0,5.0,1.8,1.0,1.0
207.0,14.0,0.0,4.0,206.0,199.81683637967,-18.35392288921,0.0,15.877766947122,-1.0,-1.0,-1.0,100.0,0.0,5.0,1.8,1.0,4.0
207.0,16.0,0.0,-1.0,206.0,312.70480958366,148.11088225405,0.0,29.408468415099,6.0,870.2415315849,-1.0,100.0,0.0,5.0,1.8,1.0,25.0
207.0,17.0,0.0,-1.0,203.0,228.79351020684,-1.7398616044945,0.0,485.4537052321,-1.0,-1.0,-1.0,100.0,35.0,5.0,1.8,1.0,4.0
208.0,1.0,0.0,18.0,202.0,146.88265931551,30.693828164606,0.0,25.471625137068,37.0,1378.5104024906,-1.0,100.0,0.0,5.0,1.8,1.0,9.0
208.0,4.0,0.0,-1.0,206.0,159.30941464285,-25.455798497398,0.0,26.867872139509,14.0,140.72989480761,-1.0,100.0,0.0,5.0,1.8,1.0,27.0
208.0,12.0,0.0,-1.0,207.0,164.4582098197,-17.34937376084,0.0,52.656392944069,-1.0,-1.0,-1.0,100.0,0.0,5.0,1.8,1.0,1.0
208.0,14.0,0.0,4.0,207.0,199.81683637967,-18.35392288921,0.0,15.877766947122,-1.0,-1.0,-1.0,100.0,0.0,5.0,1.8,1.0,4.0
208.0,16.0,0.0,-1.0,207.0,312.70480958366,148.11088225405,0.0,29.408468415099,6.0,905.2415315849,-1.0,100.0,0.0,5.0,1.8,1.0,25.0
208.0,17.0,0.0,-1.0,204.0,229.63561020684,-1.7405616044944,0.0,520.4537052321,-1.0,-1.0,-1.0,100.0,35.0,5.0,1.8,1.0,4.0
209.0,1.0,0.0,18.0,203.0,146.88265931551,30.693828164606,0.0,25.471625137068,37.0,1401.1053851088,-1.0,100.0,0.0,5.0,1.8,1.0,9.0
209.0,4.0,0.0,-1.0,207.0,159.30941464285,-25.455798497398,0.0,26.867872139509,14.0,140.72989480761,-1.0,100.0,0.0,5.0,1.8,1.0,27.0
209.0,12.0,0.0,-1.0,208.0,164.4582098197,-17.34937376084,0.0,52.656392944069,-1.0,-1.0,-1.0,100.0,0.0,5.0,1.8,1.0,1.0
209.0,14.0,0.0,4.0,208.0,199.81683637967,-18.35392288921,0.0,15.877766947122,-1.0,-1.0,-1.0,100.0,0.0,5.0,1.8,1.0,4.0
209.0,16.0,0.0,-1.0,208.0,312.70480958366,148.11088225405,0.0,29.408468415099,6.0,940.2415315849,-1.0,100.0,0.0,5.0,1.8,1.0,25.0
209.0,17.0,0.0,-1.0,205.0,230.47771020684,-1.7412616044945,0.0,555.4537052321,-1.0,-1.0,-1.0,100.0,35.0,5.0,1.8,1.0,4.0
210.0,1.0,0.0,18.0,204.0,146.88265931551,30.693828164606,0.0,25.471625137068,37.0,1423.87730062,-1.0,100.0,0.0,5.0,1.8,1.0,9.0
210.0,4.0,0.0,-1.0,208.0,159.30941464285,-25.455798497398,0.0,26.867872139509,14.0,140.72989480761,-1.0,100.0,0.0,5.0,1.8,1.0,27.0
210.0,12.0,0.0,-1.0,209.0,164.4582098197,-17.34937376084,0.0,52.656392944069,-1.0,-1.0,-1.0,100.0,0.0,5.0,1.8,1.0,1.0
210.0,14.0,0.0,4.0,209.0,199.81683637967,-18.35392288921,0.0,15.877766947122,-1.0,-1.0,-1.0,100.0,0.0,5.0,1.8,1.0,4.0
210.0,16.0,0.0,-1.0,209.0,312.70480958366,148.11088225405,0.0,29.408468415099,6.0,975.2415315849,-1.0,100.0,0.0,5.0,1.8,1.0,25.0
210.0,17.0,0.0,-1.0,206.0,231.31981020684,-1.7419616044945,0.0,590.4537052321,-1.0,-1.0,-1.0,100.0,35.0,5.0,1.8,1.0,4.0
211.0,1.0,0.0,18.0,205.0,146.88265931551,30.693828164606,0.0,25.471625137068,37.0,1446.1549907811,-1.0,100.0,0.0,5.0,1.8,1.0,9.0
211.0,4.0,0.0,-1.0,209.0,159.30941464285,-25.455798497398,0.0,26.867872139509,14.0,140.72989480761,-1.0,100.0,0.0,5.0,1.8,1.0,27.0
211.0,12.0,0.0,-1.0,210.0,164.4582098197,-17.34937376084,0.0,52.656392944069,-1.0,-1.0,-1.0,100.0,0.0,5.0,1.8,1.0,1.0
211.0,14.0,0.0,4.0,210.0,199.81683637967,-18.35392288921,0.0,15.877766947122,-1.0,-1.0,-1.0,100.0,0.0,5.0,1.8,1.0,4.0
211.0,16.0,0.0,-1.0,210.0,312.70480958366,148.11088225405,0.0,29.408468415099,6.0,1010.2415315849,-1.0,100.0,0.0,5.0,1.8,1.0,25.0
211.0,17.0,0.0,-1.0,207.0,232.16191020684,-1.7426616044945,0.0,625.4537052321,-1.0,-1.0,-1.0,100.0,35.0,5.0,1.8,1.0,4.0
212.0,1.0,0.0,18.0,206.0,146.88265931551,30.693828164606,0.0,25.471625137068,37.0,1467.9279808914,-1.0,100.0,0.0,5.0,1.8,1.0,9.0
212.0,4.0,0.0,-1.0,210.0,159.30941464285,-25.455798497398,0.0,26.867872139509,14.0,140.72989480761,-1.0,100.0,0.0,5.0,1.8,1.0,27.0
212.0,12.0,0.0,-1.0,211.0,164.4582098197,-17.34937376084,0.0,52.656392944069,-1.0,-1.0,-1.0,100.0,0.0,5.0,1.8,1.0,1.0
212.0,14.0,0.0,4.0,211.0,199.81683637967,-18.35392288921,0.0,15.877766947122,-1.0,-1.0,-1.0,100.0,0.0,5.0,1.8,1.0,4.0
212.0,16.0,0.0,-1.0,211.0,312.70480958366,148.11088225405,0.0,29.408468415099,6.0,1045.2415315849,-1.0,100.0,0.0,5.0,1.8,1.0,25.0
212.0,17.0,0.0,-1.0,208.0,233.00401020684,-1.7433616044945,0.0,660.4537052321,-1.0,-1.0,-1.0,100.0,35.0,5.0,1.8,1.0,4.0
213.0,1.0,0.0,18.0,207.0,146.88265931551,30.693828164606,0.0,25.471625137068,37.0,1490.3574420953,-1.0,100.0,0.0,5.0,1.8,1.0,9.0
213.0,4.0,0.0,-1.0,211.0,159.30941464285,-25.455798497398,0.0,26.867872139509,14.0,140.72989480761,-1.0,100.0,0.0,5.0,1.8,1.0,27.0
213.0,12.0,0.0,-1.0,212.0,164.4582098197,-17.34937376084,0.0,52.656392944069,-1.0,-1.0,-1.0,100.0,0.0,5.0,1.8,1.0,1.0
213.0,14.0,0.0,4.0,212.0,199.81683637967,-18.35392288921,0.0,15.877766947122,-1.0,-1.0,-1.0,100.0,0.0,5.0,1.8,1.0,4.0
213.0,16.0,0.0,-1.0,212.0,312.70480958366,148.11088225405,0.0,29.408468415099,6.0,1080.2415315849,-1.0,100.0,0.0,5.0,1.8,1.0,25.0
213.0,17.0,0.0,-1.0,209.0,233.84611020684,-1.7440616044944,0.0,695.4537052321,-1.0,-1.0,-1.0,100.0,35.0,5.0,1.8,1.0,4.0
214.0,1.0,0.0,18.0,208.0,146.88265931551,30.693828164606,0.0,25.471625137068,37.0,1512.8808579212,-1.0,100.0,0.0,5.0,1.8,1.0,9.0
214.0,4.0,0.0,-1.0,212.0,159.30941464285,-25.455798497398,0.0,26.867872139509,14.0,140.72989480761,-1.0,100.0,0.0,5.0,1.8,1.0,27.0
214.0,12.0,0.0,-1.0,213.0,164.4582098197,-17.34937376084,0.0,52.656392944069,-1.0,-1.0,-1.0,100.0,0.0,5.0,1.8,1.0,1.0
214.0,14.0,0.0,4.0,213.0,199.81683637967,-18.35392288921,0.0,15.877766947122,-1.0,-1.0,-1.0,100.0,0.0,5.0,1.8,1.0,4.0
214.0,16.0,0.0,-1.0,213.0,312.70480958366,148.11088225405,0.0,29.408468415099,6.0,1115.2415315849,-1.0,100.0,0.0,5.0,1.8,1.0,25.0
214.0,17.0,0.0,-1.0,210.0,234.68821020684,-1.7447616044944,0.0,730.4537052321,-1.0,-1.0,-1.0,100.0,35.0,5.0,1.8,1.0,4.0
215.0,1.0,0.0,18.0,209.0,146.88265931551,30.693828164606,0.0,25.471625137068,37.0,1535.6643379957,-1.0,100.0,0.0,5.0,1.8,1.0,9.0
215.0,4.0,0.0,-1.0,213.0,159.30941464285,-25.455798497398,0.0,26.867872139509,14.0,140.72989480761,-1.0,100.0,0.0,5.0,1.8,1.0,27.0
215.0,12.0,0.0,-1.0,214.0,164.4582098197,-17.34937376084,0.0,52.656392944069,-1.0,-1.0,-1.0,100.0,0.0,5.0,1.8,1.0,1.0
215.0,14.0,0.0,4.0,214.0,199.81683637967,-18.35392288921,0.0,15.877766947122,-1.0,-1.0,-1.0,100.0,0.0,5.0,1.8,1.0,4.0
215.0,16.0,0.0,-1.0,214.0,312.70480958366,148.11088225405,0.0,29.408468415099,6.0,1150.2415315849,-1.0,100.0,0.0,5.0,1.8,1.0,25.0
215.0,17.0,0.0,-1.0,211.0,235.53031020684,-1.7454616044944,0.0,765.4537052321,-1.0,-1.0,-1.0,100.0,35.0,5.0,1.8,1.0,4.0
216.0,1.0,0.0,18.0,210.0,146.88265931551,30.693828164606,0.0,25.471625137068,37.0,1558.1712261003,-1.0,100.0,0.0,5.0,1.8,1.0,9.0
216.0,4.0,0.0,-1.0,214.0,159.30941464285,-25.455798497398,0.0,26.867872139509,14.0,140.72989480761,-1.0,100.0,0.0,5.0,1.8,1.0,27.0
216.0,12.0,0.0,-1.0,215.0,164.4582098197,-17.34937376084,0.0,52.656392944069,-1.0,-1.0,-1.0,100.0,0.0,5.0,1.8,1.0,1.0
216.0,14.0,0.0,4.0,215.0,199.81683637967,-18.35392288921,0.0,15.877766947122,-1.0,-1.0,-1.0,100.0,0.0,5.0,1.8,1.0,4.0
216.0,16.0,0.0,-1.0,215.0,312.70480958366,148.11088225405,0.0,29.408468415099,6.0,1185.2415315849,-1.0,100.0,0.0,5.0,1.8,1.0,25.0
216.0,17.0,0.0,-1.0,212.0,236.37241020684,-1.7461616044945,0.0,800.4537052321,-1.0,-1.0,-1.0,100.0,35.0,5.0,1.8,1.0,4.0
217.0,1.0,0.0,18.0,211.0,146.88265931551,30.693828164606,0.0,25.471625137068,37.0,1579.986113077,-1.0,100.0,0.0,5.0,1.8,1.0,9.0
217.0,4.0,0.0,-1.0,215.0,159.30941464285,-25.455798497398,0.0,26.867872139509,14.0,140.72989480761,-1.0,100.0,0.0,5.0,1.8,1.0,27.0
217.0,12.0,0.0,-1.0,216.0,164.4582098197,-17.34937376084,0.0,52.656392944069,-1.0,-1.0,-1.0,100.0,0.0,5.0,1.8,1.0,1.0
217.0,14.0,0.0,4.0,216.0,199.81683637967,-18.35392288921,0.0,15.877766947122,-1.0,-1.0,-1.0,100.0,0.0,5.0,1.8,1.0,4.0
217.0,16.0,0.0,-1.0,216.0,312.70480958366,148.11088225405,0.0,29.408468415099,6.0,1220.2415315849,-1.0,100.0,0.0,5.0,1.8,1.0,25.0
217.0,17.0,0.0,-1.0,213.0,237.21451020684,-1.7468616044944,0.0,835.4537052321,-1.0,-1.0,-1.0,100.0,35.0,5.0,1.8,1.0,4.0
218.0,1.0,0.0,-1.0,212.0,146.88265931551,30.693828164606,0.0,25.471625137068,-1.0,-1.0,-1.0,100.0,0.0,5.0,1.8,1.0,9.0
218.0,4.0,0.0,-1.0,216.0,159.30941464285,-25.455798497398,0.0,26.867872139509,14.0,140.72989480761,-1.0,100.0,0.0,5.0,1.8,1.0,27.0
218.0,12.0,0.0,-1.0,217.0,164.4582098197,-17.34937376084,0.0,52.656392944069,-1.0,-1.0,-1.0,100.0,0.0,5.0,1.8,1.0,1.0
218.0,14.0,0.0,4.0,217.0,199.81683637967,-18.35392288921,0.0,15.877766947122,-1.0,-1.0,-1.0,100.0,0.0,5.0,1.8,1.0,4.0
218.0,16.0,0.0,-1.0,217.0,312.70480958366,148.11088225405,0.0,29.408468415099,6.0,1255.2415315849,-1.0,100.0,0.0,5.0,1.8,1.0,25.0
218.0,17.0,0.0,-1.0,214.0,238.05661020684,-1.7475616044945,0.0,870.4537052321,-1.0,-1.0,-1.0,100.0,35.0,5.0,1.8,1.0,4.0
219.0,1.0,0.0,-1.0,213.0,146.88265931551,30.693828164606,0.0,25.471625137068,-1.0,-1.0,-1.0,100.0,0.0,5.0,1.8,1.0,9.0
219.0,4.0,0.0,-1.0,217.0,159.30941464285,-25.455798497398,0.0,26.867872139509,14.0,140.72989480761,-1.0,100.0,0.0,5.0,1.8,1.0,27.0
219.0,12.0,0.0,-1.0,218.0,164.4582098197,-17.34937376084,0.0,52.656392944069,-1.0,-1.0,-1.0,100.0,0.0,5.0,1.8,1.0,1.0
219.0,14.0,0.0,4.0,218.0,199.81683637967,-18.35392288921,0.0,15.877766947122,-1.0,-1.0,-1.0,100.0,0.0,5.0,1.8,1.0,4.0
219.0,16.0,0.0,-1.0,218.0,312.70480958366,148.11088225405,0.0,29.408468415099,6.0,1290.2415315849,-1.0,100.0,0.0,5.0,1.8,1.0,25.0
219.0,17.0,0.0,-1.0,215.0,238.89871020684,-1.7482616044944,0.0,905.4537052321,-1.0,-1.0,-1.0,100.0,35.0,5.0,1.8,1.0,4.0
220.0,1.0,0.0,-1.0,214.0,146.88265931551,30.693828164606,0.0,25.471625137068,-1.0,-1.0,-1.0,100.0,0.0,5.0,1.8,1.0,9.0
220.0,4.0,0.0,-1.0,218.0,159.30941464285,-25.455798497398,0.0,26.867872139509,14.0,140.72989480761,-1.0,100.0,0.0,5.0,1.8,1.0,27.0
220.0,12.0,0.0,-1.0,219.0,164.4582098197,-17.34937376084,0.0,52.656392944069,-1.0,-1.0,-1.0,100.0,0.0,5.0,1.8,1.0,1.0
220.0,14.0,0.0,4.0,219.0,199.81683637967,-18.35392288921,0.0,15.877766947122,-1.0,-1.0,-1.0,100.0,0.0,5.0,1.8,1.0,4.0
220.0,16.0,0.0,-1.0,219.0,312.70480958366,148.11088225405,0.0,29.408468415099,6.0,1325.2415315849,-1.0,100.0,0.0,5.0,1.8,1.0,25.0
220.0,17.0,0.0,-1.0,216.0,239.74081020684,-1.7489616044945,0.0,940.4537052321,-1.0,-1.0,-1.0,100.0,35.0,5.0,1.8,1.0,4.0
221.0,1.0,0.0,-1.0,215.0,146.88265931551,30.693828164606,0.0,25.471625137068,-1.0,-1.0,-1.0,100.0,0.0,5.0,1.8,1.0,9.0
221.0,4.0,0.0,-1.0,219.0,159.30941464285,-25.455798497398,0.0,26.867872139509,14.0,140.72989480761,-1.0,100.0,0.0,5.0,1.8,1.0,27.0
221.0,12.0,0.0,-1.0,220.0,164.4582098197,-17.34937376084,0.0,52.656392944069,-1.0,-1.0,-1.0,100.0,0.0,5.0,1.8,1.0,1.0
221.0,14.0,0.0,4.0,220.0,199.81683637967,-18.35392288921,0.0,15.877766947122,-1.0,-1.0,-1.0,100.0,0.0,5.0,1.8,1.0,4.0
221.0,16.0,0.0,-1.0,220.0,312.70480958366,148.11088225405,0.0,29.408468415099,6.0,1360.2415315849,-1.0,100.0,0.0,5.0,1.8,1.0,25.0
221.0,17.0,0.0,-1.0,217.0,240.58291020684,-1.7496616044945,0.0,975.4537052321,-1.0,-1.0,-1.0,100.0,35.0,5.0,1.8,1.0,4.0
222.0,1.0,0.0,-1.0,216.0,146.88265931551,30.693828164606,0.0,25.471625137068,-1.0,-1.0,-1.0,100.0,0.0,5.0,1.8,1.0,9.0
222.0,4.0,0.0,-1.0,220.0,159.30941464285,-25.455798497398,0.0,26.867872139509,14.0,140.72989480761,-1.0,100.0,0.0,5.0,1.8,1.0,27.0
222.0,12.0,0.0,-1.0,221.0,164.4582098197,-17.34937376084,0.0,52.656392944069,-1.0,-1.0,-1.0,100.0,0.0,5.0,1.8,1.0,1.0
222.0,14.0,0.0,4.0,221.0,199.81683637967,-18.35392288921,0.0,15.877766947122,-1.0,-1.0,-1.0,100.0,0.0,5.0,1.8,1.0,4.0
222.0,16.0,0.0,-1.0,221.0,312.70480958366,148.11088225405,0.0,29.408468415099,6.0,1395.2415315849,-1.0,100.0,0.0,5.0,1.8,1.0,25.0
222.0,17.0,0.0,-1.0,218.0,241.42501020684,-1.7503616044945,0.0,1010.4537052321,-1.0,-1.0,-1.0,100.0,35.0,5.0,1.8,1.0,4.0
223.0,1.0,0.0,-1.0,217.0,146.88265931551,30.693828164606,0.0,25.471625137068,-1.0,-1.0,-1.0,100.0,0.0,5.0,1.8,1.0,9.0
223.0,4.0,0.0,-1.0,221.0,159.30941464285,-25.455798497398,0.0,26.867872139509,14.0,140.72989480761,-1.0,100.0,0.0,5.0,1.8,1.0,27.0
223.0,12.0,0.0,-1.0,222.0,164.4582098197,-17.34937376084,0.0,52.656392944069,-1.0,-1.0,-1.0,100.0,0.0,5.0,1.8,1.0,1.0
223.0,14.0,0.0,4.0,222.0,199.81683637967,-18.35392288921,0.0,15.877766947122,-1.0,-1.0,-1.0,100.0,0.0,5.0,1.8,1.0,4.0
223.0,16.0,0.0,-1.0,222.0,312.70480958366,148.11088225405,0.0,29.408468415099,6.0,1430.2415315849,-1.0,100.0,0.0,5.0,1.8,1.0,25.0
223.0,17.0,0.0,-1.0,219.0,242.26711020684,-1.7510616044945,0.0,1045.4537052321,-1.0,-1.0,-1.0,100.0,35.0,5.0,1.8,1.0,4.0
224.0,1.0,0.0,-1.0,218.0,146.88265931551,30.693828164606,0.0,25.471625137068,-1.0,-1.0,-1.0,100.0,0.0,5.0,1.8,1.0,9.0
224.0,4.0,0.0,-1.0,222.0,159.30941464285,-25.455798497398,0.0,26.867872139509,14.0,140.72989480761,-1.0,100.0,0.0,5.0,1.8,1.0,27.0
224.0,12.0,0.0,-1.0,223.0,164.4582098197,-17.34937376084,0.0,52.656392944069,-1.0,-1.0,-1.0,100.0,0.0,5.0,1.8,1.0,1.0
224.0,14.0,0.0,4.0,223.0,199.81683637967,-18.35392288921,0.0,15.877766947122,-1.0,-1.0,-1.0,100.0,0.0,5.0,1.8,1.0,4.0
224.0,16.0,0.0,-1.0,223.0,312.70480958366,148.11088225405,0.0,29.408468415099,6.0,1465.2415315849,-1.0,100.0,0.0,5.0,1.8,1.0,25.0
224.0,17.0,0.0,-1.0,220.0,243.10921020684,-1.7517616044944,0.0,1080.4537052321,-1.0,-1.0,-1.0,100.0,35.0,5.0,1.8,1.0,4.0
225.0,1.0,0.0,-1.0,219.0,146.88265931551,30.693828164606,0.0,25.471625137068,-1.0,-1.0,-1.0,100.0,0.0,5.0,1.8,1.0,9.0
225.0,4.0,0.0,-1.0,223.0,159.30941464285,-25.455798497398,0.0,26.867872139509,14.0,140.72989480761,-1.0,100.0,0.0,5.0,1.8,1.0,27.0
225.0,12.0,0.0,-1.0,224.0,164.4582098197,-17.34937376084,0.0,52.656392944069,-1.0,-1.0,-1.0,100.0,0.0,5.0,1.8,1.0,1.0
225.0,14.0,0.0,4.0,224.0,199.81683637967,-18.35392288921,0.0,15.877766947122,-1.0,-1.0,-1.0,100.0,0.0,5.0,1.8,1.0,4.0
225.0,16.0,0.0,-1.0,224.0,312.70480958366,148.11088225405,0.0,29.408468415099,6.0,1500.2415315849,-1.0,100.0,0.0,5.0,1.8,1.0,25.0
225.0,17.0,0.0,-1.0,221.0,243.95131020684,-1.7524616044944,0.0,1115.4537052321,-1.0,-1.0,-1.0,100.0,35.0,5.0,1.8,1.0,4.0
226.0,1.0,0.0,-1.0,220.0,146.88265931551,30.693828164606,0.0,25.471625137068,18.0,57.525967540737,-1.0,100.0,0.0,5.0,1.8,1.0,9.0
226.0,4.0,0.0,-1.0,224.0,159.30941464285,-25.455798497398,0.0,26.867872139509,14.0,140.72989480761,-1.0,100.0,0.0,5.0,1.8,1.0,27.0
226.0,12.0,0.0,-1.0,225.0,164.4582098197,-17.34937376084,0.0,52.656392944069,-1.0,-1.0,-1.0,100.0,0.0,5.0,1.8,1.0,1.0
226.0,14.0,0.0,4.0,225.0,199.81683637967,-18.35392288921,0.0,15.877766947122,-1.0,-1.0,-1.0,100.0,0.0,5.0,1.8,1.0,4.0
226.0,16.0,0.0,-1.0,225.0,312.70480958366,148.11088225405,0.0,29.408468415099,6.0,1535.2415315849,-1.0,100.0,0.0,5.0,1.8,1.0,25.0
226.0,17.0,0.0,-1.0,222.0,244.79341020684,-1.7531616044944,0.0,1150.4537052321,-1.0,-1.0,-1.0,100.0,35.0,5.0,1.8,1.0,4.0
227.0,1.0,0.0,-1.0,221.0,146.88265931551,30.693828164606,0.0,25.471625137068,18.0,74.442582838725,-1.0,100.0,0.0,5.0,1.8,1.0,9.0
227.0,4.0,0.0,18.0,225.0,159.30941464285,-25.455798497398,0.0,26.867872139509,14.0,140.72989480761,-1.0,100.0,0.0,5.0,1.8,1.0,27.0
227.0,12.0,0.0,-1.0,226.0,164.4582098197,-17.34937376084,0.0,52.656392944069,-1.0,-1.0,-1.0,100.0,0.0,5.0,1.8,1.0,1.0
227.0,14.0,0.0,4.0,226.0,199.81683637967,-18.35392288921,0.0,15.877766947122,-1.0,-1.0,-1.0,100.0,0.0,5.0,1.8,1.0,4.0
227.0,16.0,0.0,-1.0,226.0,312.70480958366,148.11088225405,0.0,29.408468415099,6.0,1570.2415315849,-1.0,100.0,0.0,5.0,1.8,1.0,25.0
227.0,17.0,0.0,-1.0,223.0,245.63551020684,-1.7538616044945,0.0,1185.4537052321,-1.0,-1.0,-1.0,100.0,35.0,5.0,1.8,1.0,4.0
228.0,1.0,0.0,-1.0,222.0,146.88265931551,30.693828164606,0.0,25.471625137068,-1.0,-1.0,-1.0,100.0,0.0,5.0,1.8,1.0,9.0
228.0,4.0,0.0,18.0,226.0,159.30941464285,-25.455798497398,0.0,26.867872139509,14.0,140.72989480761,-1.0,100.0,0.0,5.0,1.8,1.0,27.0
228.0,12.0,0.0,-1.0,227.0,164.4582098197,-17.34937376084,0.0,52.656392944069,-1.0,-1.0,-1.0,100.0,0.0,5.0,1.8,1.0,1.0
228.0,14.0,0.0,4.0,227.0,199.81683637967,-18.35392288921,0.0,15.877766947122,-1.0,-1.0,-1.0,100.0,0.0,5.0,1.8,1.0,4.0
228.0,16.0,0.0,-1.0,227.0,312.70480958366,148.11088225405,0.0,29.408468415099,6.0,1605.2415315849,-1.0,100.0,0.0,5.0,1.8,1.0,25.0
228.0,17.0,0.0,-1.0,224.0,246.47761020684,-1.7545616044944,0.0,1220.4537052321,-1.0,-1.0,-1.0,100.0,35.0,5.0,1.8,1.0,4.0
229.0,1.0,0.0,-1.0,223.0,146.88265931551,30.693828164606,0.0,25.471625137068,-1.0,-1.0,-1.0,100.0,0.0,5.0,1.8,1.0,9.0
229.0,4.0,0.0,18.0,227.0,159.30941464285,-25.455798497398,0.0,26.867872139509,14.0,140.72989480761,-1.0,100.0,0.0,5.0,1.8,1.0,27.0
229.0,12.0,0.0,-1.0,228.0,164.4582098197,-17.34937376084,0.0,52.656392944069,-1.0,-1.0,-1.0,100.0,0.0,5.0,1.8,1.0,1.0
229.0,14.0,0.0,4.0,228.0,199.81683637967,-18.35392288921,0.0,15.877766947122,-1.0,-1.0,-1.0,100.0,0.0,5.0,1.8,1.0,4.0
229.0,16.0,0.0,-1.0,228.0,312.70480958366,148.11088225405,0.0,29.408468415099,6.0,1640.2415315849,-1.0,100.0,0.0,5.0,1.8,1.0,25.0
229.0,17.0,0.0,-1.0,225.0,247.31971020684,-1.7552616044945,0.0,1255.4537052321,-1.0,-1.0,-1.0,100.0,35.0,5.0,1.8,1.0,4.0
230.0,1.0,0.0,-1.0,224.0,146.88265931551,30.693828164606,0.0,25.471625137068,-1.0,-1.0,-1.0,100.0,0.0,5.0,1.8,1.0,9.0
230.0,4.0,0.0,18.0,228.0,159.30941464285,-25.455798497398,0.0,26.867872139509,14.0,140.72989480761,-1.0,100.0,0.0,5.0,1.8,1.0,27.0
230.0,12.0,0.0,-1.0,229.0,164.4582098197,-17.34937376084,0.0,52.656392944069,-1.0,-1.0,-1.0,100.0,0.0,5.0,1.8,1.0,1.0
230.0,14.0,0.0,4.0,229.0,199.81683637967,-18.35392288921,0.0,15.877766947122,-1.0,-1.0,-1.0,100.0,0.0,5.0,1.8,1.0,4.0
230.0,16.0,0.0,-1.0,229.0,312.70480958366,148.11088225405,0.0,29.408468415099,6.0,1675.2415315849,-1.0,100.0,0.0,5.0,1.8,1.0,25.0
230.0,17.0,0.0,-1.0,226.0,248.16181020684,-1.7559616044944,0.0,1290.4537052321,-1.0,-1.0,-1.0,100.0,35.0,5.0,1.8,1.0,4.0
231.0,1.0,0.0,-1.0,225.0,146.88265931551,30.693828164606,0.0,25.471625137068,-1.0,-1.0,-1.0,100.0,0.0,5.0,1.8,1.0,9.0
231.0,4.0,0.0,18.0,229.0,159.30941464285,-25.455798497398,0.0,26.867872139509,14.0,140.72989480761,-1.0,100.0,0.0,5.0,1.8,1.0,27.0
231.0,12.0,0.0,-1.0,230.0,164.4582098197,-17.34937376084,0.0,52.656392944069,-1.0,-1.0,-1.0,100.0,0.0,5.0,1.8,1.0,1.0
231.0,14.0,0.0,4.0,230.0,199.81683637967,-18.35392288921,0.0,15.877766947122,-1.0,-1.0,-1.0,100.0,0.0,5.0,1.8,1.0,4.0
231.0,16.0,0.0,-1.0,230.0,312.70480958366,148.11088225405,0.0,29.408468415099,6.0,1710.2415315849,-1.0,100.0,0.0,5.0,1.8,1.0,25.0
231.0,17.0,0.0,-1.0,227.0,249.00391020684,-1.7566616044945,0.0,1325.4537052321,-1.0,-1.0,-1.0,100.0,35.0,5.0,1.8,1.0,4.0
232.0,1.0,0.0,-1.0,226.0,146.88265931551,30.693828164606,0.0,25.471625137068,-1.0,-1.0,-1.0,100.0,0.0,5.0,1.8,1.0,9.0
232.0,4.0,0.0,18.0,230.0,159.30941464285,-25.455798497398,0.0,26.867872139509,14.0,140.72989480761,-1.0,100.0,0.0,5.0,1.8,1.0,27.0
232.0,12.0,0.0,-1.0,231.0,164.4582098197,-17.34937376084,0.0,52.656392944069,-1.0,-1.0,-1.0,100.0,0.0,5.0,1.8,1.0,1.0
232.0,14.0,0.0,4.0,231.0,199.81683637967,-18.35392288921,0.0,15.877766947122,-1.0,-1.0,-1.0,100.0,0.0,5.0,1.8,1.0,4.0
232.0,16.0,0.0,-1.0,231.0,312.70480958366,148.11088225405,0.0,29.408468415099,6.0,1745.2415315849,-1.0,100.0,0.0,5.0,1.8,1.0,25.0
232.0,17.0,0.0,-1.0,228.0,249.84601020684,-1.7573616044945,0.0,1360.4537052321,-1.0,-1.0,-1.0,100.0,35.0,5.0,1.8,1.0,4.0
233.0,1.0,0.0,-1.0,227.0,146.88265931551,30.693828164606,0.0,25.471625137068,-1.0,-1.0,-1.0,100.0,0.0,5.0,1.8,1.0,9.0
233.0,4.0,0.0,18.0,231.0,159.30941464285,-25.455798497398,0.0,26.867872139509,14.0,140.72989480761,-1.0,100.0,0.0,5.0,1.8,1.0,27.0
233.0,12.0,0.0,-1.0,232.0,164.4582098197,-17.34937376084,0.0,52.656392944069,-1.0,-1.0,-1.0,100.0,0.0,5.0,1.8,1.0,1.0
233.0,14.0,0.0,4.0,232.0,199.81683637967,-18.35392288921,0.0,15.877766947122,-1.0,-1.0,-1.0,100.0,0.0,5.0,1.8,1.0,4.0
233.0,16.0,0.0,-1.0,232.0,312.70480958366,148.11088225405,0.0,29.408468415099,6.0,1780.2415315849,-1.0,100.0,0.0,5.0,1.8,1.0,25.0
233.0,17.0,0.0,-1.0,229.0,250.68811020684,-1.7580616044945,0.0,1395.4537052321,-1.0,-1.0,-1.0,100.0,35.0,5.0,1.8,1.0,4.0
234.0,1.0,0.0,-1.0,228.0,146.88265931551,30.693828164606,0.0,25.471625137068,-1.0,-1.0,-1.0,100.0,0.0,5.0,1.8,1.0,9.0
234.0,4.0,0.0,18.0,232.0,159.30941464285,-25.455798497398,0.0,26.867872139509,14.0,140.72989480761,-1.0,100.0,0.0,5.0,1.8,1.0,27.0
234.0,12.0,0.0,-1.0,233.0,164.4582098197,-17.34937376084,0.0,52.656392944069,-1.0,-1.0,-1.0,100.0,0.0,5.0,1.8,1.0,1.0
234.0,14.0,0.0,4.0,233.0,199.81683637967,-18.35392288921,0.0,15.877766947122,-1.0,-1.0,-1.0,100.0,0.0,5.0,1.8,1.0,4.0
234.0,16.0,0.0,-1.0,233.0,312.70480958366,148.11088225405,0.0,29.408468415099,6.0,1815.2415315849,-1.0,100.0,0.0,5.0,1.8,1.0,25.0
234.0,17.0,0.0,-1.0,230.0,251.53021020684,-1.7587616044945,0.0,1430.4537052321,-1.0,-1.0,-1.0,100.0,35.0,5.0,1.8,1.0,4.0
235.0,1.0,0.0,-1.0,229.0,146.88265931551,30.693828164606,0.0,25.471625137068,-1.0,-1.0,-1.0,100.0,0.0,5.0,1.8,1.0,9.0
235.0,4.0,0.0,18.0,233.0,159.30941464285,-25.455798497398,0.0,26.867872139509,14.0,140.72989480761,-1.0,100.0,0.0,5.0,1.8,1.0,27.0
235.0,12.0,0.0,-1.0,234.0,164.4582098197,-17.34937376084,0.0,52.656392944069,-1.0,-1.0,-1.0,100.0,0.0,5.0,1.8,1.0,1.0
235.0,14.0,0.0,4.0,234.0,199.81683637967,-18.35392288921,0.0,15.877766947122,-1.0,-1.0,-1.0,100.0,0.0,5.0,1.8,1.0,4.0
235.0,16.0,0.0,-1.0,234.0,312.70480958366,148.11088225405,0.0,29.408468415099,6.0,1850.2415315849,-1.0,100.0,0.0,5.0,1.8,1.0,25.0
235.0,17.0,0.0,-1.0,231.0,252.37231020684,-1.7594616044944,0.0,1465.4537052321,-1.0,-1.0,-1.0,100.0,35.0,5.0,1.8,1.0,4.0
236.0,1.0,0.0,-1.0,230.0,146.88265931551,30.693828164606,0.0,25.471625137068,-1.0,-1.0,-1.0,100.0,0.0,5.0,1.8,1.0,9.0
236.0,4.0,0.0,18.0,234.0,159.30941464285,-25.455798497398,0.0,26.867872139509,14.0,140.72989480761,-1.0,100.0,0.0,5.0,1.8,1.0,27.0
236.0,12.0,0.0,-1.0,235.0,164.4582098197,-17.34937376084,0.0,52.656392944069,-1.0,-1.0,-1.0,100.0,0.0,5.0,1.8,1.0,1.0
236.0,14.0,0.0,4.0,235.0,199.81683637967,-18.35392288921,0.0,15.877766947122,-1.0,-1.0,-1.0,100.0,0.0,5.0,1.8,1.0,4.0
236.0,16.0,0.0,-1.0,235.0,312.70480958366,148.11088225405,0.0,29.408468415099,6.0,1885.2415315849,-1.0,100.0,0.0,5.0,1.8,1.0,25.0
236.0,17.0,0.0,-1.0,232.0,253.65163765508,-1.8451653810312,0.0,0.45370523210113,-1.0,-1.0,-1.0,100.0,35.0,5.0,1.8,1.0,107.0
237.0,1.0,0.0,-1.0,231.0,146.88265931551,30.693828164606,0.0,25.471625137068,-1.0,-1.0,-1.0,100.0,0.0,5.0,1.8,1.0,9.0
237.0,4.0,0.0,18.0,235.0,159.30941464285,-25.455798497398,0.0,26.867872139509,14.0,140.72989480761,-1.0,100.0,0.0,5.0,1.8,1.0,27.0
237.0,12.0,0.0,-1.0,236.0,164.4582098197,-17.34937376084,0.0,52.656392944069,-1.0,-1.0,-1.0,100.0,0.0,5.0,1.8,1.0,1.0
237.0,14.0,0.0,4.0,236.0,199.81683637967,-18.35392288921,0.0,15.877766947122,-1.0,-1.0,-1.0,100.0,0.0,5.0,1.8,1.0,4.0
237.0,16.0,0.0,-1.0,236.0,312.70480958366,148.11088225405,0.0,29.408468415099,6.0,1920.2415315849,-1.0,100.0,0.0,5.0,1.8,1.0,25.0
237.0,17.0,0.0,-1.0,233.0,258.82568200809,-8.1692421205107,0.0,26.193705232101,-1.0,-1.0,-1.0,100.0,35.0,5.0,1.8,1.0,19.0
238.0,1.0,0.0,-1.0,232.0,146.88265931551,30.693828164606,0.0,25.471625137068,-1.0,-1.0,-1.0,100.0,0.0,5.0,1.8,1.0,9.0
238.0,4.0,0.0,18.0,236.0,159.30941464285,-25.455798497398,0.0,26.867872139509,14.0,140.72989480761,-1.0,100.0,0.0,5.0,1.8,1.0,27.0
238.0,12.0,0.0,-1.0,237.0,164.4582098197,-17.34937376084,0.0,52.656392944069,-1.0,-1.0,-1.0,100.0,0.0,5.0,1.8,1.0,1.0
238.0,14.0,0.0,4.0,237.0,199.81683637967,-18.35392288921,0.0,15.877766947122,-1.0,-1.0,-1.0,100.0,0.0,5.0,1.8,1.0,4.0
238.0,16.0,0.0,-1.0,237.0,312.70480958366,148.11088225405,0.0,29.408468415099,6.0,1955.2415315849,-1.0,100.0,0.0,5.0,1.8,1.0,25.0
238.0,17.0,0.0,-1.0,234.0,258.83128200809,-8.8583921205107,0.0,61.193705232101,-1.0,-1.0,-1.0,100.0,35.0,5.0,1.8,1.0,19.0
239.0,1.0,0.0,-1.0,233.0,146.88265931551,30.693828164606,0.0,25.471625137068,-1.0,-1.0,-1.0,100.0,0.0,5.0,1.8,1.0,9.0
239.0,4.0,0.0,18.0,237.0,159.30941464285,-25.455798497398,0.0,26.867872139509,14.0,140.72989480761,-1.0,100.0,0.0,5.0,1.8,1.0,27.0
239.0,12.0,0.0,-1.0,238.0,164.4582098197,-17.34937376084,0.0,52.656392944069,-1.0,-1.0,-1.0,100.0,0.0,5.0,1.8,1.0,1.0
239.0,14.0,0.0,4.0,238.0,199.81683637967,-18.35392288921,0.0,15.877766947122,-1.0,-1.0,-1.0,100.0,0.0,5.0,1.8,1.0,4.0
239.0,16.0,0.0,-1.0,238.0,312.70480958366,148.11088225405,0.0,29.408468415099,6.0,1990.2415315849,-1.0,100.0,0.0,5.0,1.8,1.0,25.0
239.0,17.0,0.0,-1.0,235.0,258.83688200809,-9.5475421205107,0.0,96.193705232101,-1.0,-1.0,-1.0,100.0,35.0,5.0,1.8,1.0,19.0
240.0,1.0,0.0,-1.0,234.0,146.88265931551,30.693828164606,0.0,25.471625137068,-1.0,-1.0,-1.0,100.0,0.0,5.0,1.8,1.0,9.0
240.0,4.0,0.0,18.0,238.0,159.30941464285,-25.455798497398,0.0,26.867872139509,14.0,140.72989480761,-1.0,100.0,0.0,5.0,1.8,1.0,27.0
240.0,12.0,0.0,-1.0,239.0,164.4582098197,-17.34937376084,0.0,52.656392944069,-1.0,-1.0,-1.0,100.0,0.0,5.0,1.8,1.0,1.0
240.0,14.0,0.0,4.0,239.0,199.81683637967,-18.35392288921,0.0,15.877766947122,-1.0,-1.0,-1.0,100.0,0.0,5.0,1.8,1.0,4.0
240.0,16.0,0.0,-1.0,239.0,312.70480958366,148.11088225405,0.0,29.408468415099,6.0,2025.2415315849,-1.0,100.0,0.0,5.0,1.8,1.0,25.0
240.0,17.0,0.0,-1.0,236.0,258.84248200809,-10.236692120511,0.0,131.1937052321,-1.0,-1.0,-1.0,100.0,35.0,5.0,1.8,1.0,19.0
241.0,1.0,0.0,-1.0,235.0,146.88265931551,30.693828164606,0.0,25.471625137068,-1.0,-1.0,-1.0,100.0,0.0,5.0,1.8,1.0,9.0
241.0,4.0,0.0,18.0,239.0,159.30941464285,-25.455798497398,0.0,26.867872139509,14.0,140.72989480761,-1.0,100.0,0.0,5.0,1.8,1.0,27.0
241.0,12.0,0.0,-1.0,240.0,164.4582098197,-17.34937376084,0.0,52.656392944069,-1.0,-1.0,-1.0,100.0,0.0,5.0,1.8,1.0,1.0
241.0,14.0,0.0,4.0,240.0,199.81683637967,-18.35392288921,0.0,15.877766947122,-1.0,-1.0,-1.0,100.0,0.0,5.0,1.8,1.0,4.0
241.0,16.0,0.0,-1.0,240.0,312.70480958366,148.11088225405,0.0,29.408468415099,6.0,2060.2415315849,-1.0,100.0,0.0,5.0,1.8,1.0,25.0
241.0,17.0,0.0,-1.0,237.0,258.84808200809,-10.925842120511,0.0,166.1937052321,-1.0,-1.0,-1.0,100.0,35.0,5.0,1.8,1.0,19.0
242.0,1.0,0.0,-1.0,236.0,146.88265931551,30.693828164606,0.0,25.471625137068,-1.0,-1.0,-1.0,100.0,0.0,5.0,1.8,1.0,9.0
242.0,4.0,0.0,18.0,240.0,159.30941464285,-25.455798497398,0.0,26.867872139509,14.0,140.72989480761,-1.0,100.0,0.0,5.0,1.8,1.0,27.0
242.0,12.0,0.0,-1.0,241.0,164.4582098197,-17.34937376084,0.0,52.656392944069,-1.0,-1.0,-1.0,100.0,0.0,5.0,1.8,1.0,1.0
242.0,14.0,0.0,4.0,241.0,199.81683637967,-18.35392288921,0.0,15.877766947122,-1.0,-1.0,-1.0,100.0,0.0,5.0,1.8,1.0,4.0
242.0,16.0,0.0,-1.0,241.0,312.70480958366,148.11088225405,0.0,29.408468415099,6.0,2095.2415315849,-1.0,100.0,0.0,5.0,1.8,1.0,25.0
242.0,17.0,0.0,-1.0,238.0,258.85368200809,-11.614992120511,0.0,201.1937052321,-1.0,-1.0,-1.0,100.0,35.0,5.0,1.8,1.0,19.0
243.0,1.0,0.0,-1.0,237.0,146.88265931551,30.693828164606,0.0,25.471625137068,-1.0,-1.0,-1.0,100.0,0.0,5.0,1.8,1.0,9.0
243.0,4.0,0.0,18.0,241.0,159.30941464285,-25.455798497398,0.0,26.867872139509,14.0,140.72989480761,-1.0,100.0,0.0,5.0,1.8,1.0,27.0
243.0,12.0,0.0,-1.0,242.0,164.4582098197,-17.34937376084,0.0,52.656392944069,-1.0,-1.0,-1.0,100.0,0.0,5.0,1.8,1.0,1.0
243.0,14.0,0.0,4.0,242.0,199.81683637967,-18.35392288921,0.0,15.877766947122,-1.0,-1.0,-1.0,100.0,0.0,5.0,1.8,1.0,4.0
243.0,16.0,0.0,-1.0,242.0,312.70480958366,148.11088225405,0.0,29.408468415099,6.0,2130.2415315849,-1.0,100.0,0.0,5.0,1.8,1.0,25.0
243.0,17.0,0.0,-1.0,239.0,258.85928200809,-12.304142120511,0.0,236.1937052321,-1.0,-1.0,-1.0,100.0,35.0,5.0,1.8,1.0,19.0
244.0,1.0,0.0,-1.0,238.0,146.88265931551,30.693828164606,0.0,25.471625137068,-1.0,-1.0,-1.0,100.0,0.0,5.0,1.8,1.0,9.0
244.0,4.0,0.0,-1.0,242.0,159.30941464285,-25.455798497398,0.0,26.867872139509,14.0,140.72989480761,-1.0,100.0,0.0,5.0,1.8,1.0,27.0
244.0,12.0,0.0,-1.0,243.0,164.4582098197,-17.34937376084,0.0,52.656392944069,-1.0,-1.0,-1.0,100.0,0.0,5.0,1.8,1.0,1.0
244.0,14.0,0.0,4.0,243.0,199.81683637967,-18.35392288921,0.0,15.877766947122,-1.0,-1.0,-1.0,100.0,0.0,5.0,1.8,1.0,4.0
244.0,16.0,0.0,-1.0,243.0,312.70480958366,148.11088225405,0.0,29.408468415099,-1.0,-1.0,-1.0,100.0,0.0,5.0,1.8,1.0,25.0
244.0,17.0,0.0,-1.0,240.0,258.86488200809,-12.993292120511,0.0,271.1937052321,-1.0,-1.0,-1.0,100.0,35.0,5.0,1.8,1.0,19.0
245.0,1.0,0.0,-1.0,239.0,146.88265931551,30.693828164606,0.0,25.471625137068,-1.0,-1.0,-1.0,100.0,0.0,5.0,1.8,1.0,9.0
245.0,4.0,0.0,-1.0,243.0,159.30941464285,-25.455798497398,0.0,26.867872139509,14.0,140.72989480761,-1.0,100.0,0.0,5.0,1.8,1.0,27.0
245.0,12.0,0.0,-1.0,244.0,164.4582098197,-17.34937376084,0.0,52.656392944069,-1.0,-1.0,-1.0,100.0,0.0,5.0,1.8,1.0,1.0
245.0,14.0,0.0,4.0,244.0,199.81683637967,-18.35392288921,0.0,15.877766947122,-1.0,-1.0,-1.0,100.0,0.0,5.0,1.8,1.0,4.0
245.0,16.0,0.0,-1.0,244.0,312.70480958366,148.11088225405,0.0,29.408468415099,-1.0,-1.0,-1.0,100.0,0.0,5.0,1.8,1.0,25.0
245.0,17.0,0.0,-1.0,241.0,258.87048200809,-13.682442120511,0.0,306.1937052321,-1.0,-1.0,-1.0,100.0,35.0,5.0,1.8,1.0,19.0
246.0,1.0,0.0,-1.0,240.0,146.88265931551,30.693828164606,0.0,25.471625137068,-1.0,-1.0,-1.0,100.0,0.0,5.0,1.8,1.0,9.0
246.0,4.0,0.0,-1.0,244.0,159.30941464285,-25.455798497398,0.0,26.867872139509,14.0,140.72989480761,-1.0,100.0,0.0,5.0,1.8,1.0,27.0
246.0,12.0,0.0,-1.0,245.0,164.4582098197,-17.34937376084,0.0,52.656392944069,-1.0,-1.0,-1.0,100.0,0.0,5.0,1.8,1.0,1.0
246.0,14.0,0.0,4.0,245.0,199.81683637967,-18.35392288921,0.0,15.877766947122,-1.0,-1.0,-1.0,100.0,0.0,5.0,1.8,1.0,4.0
246.0,16.0,0.0,-1.0,245.0,312.70480958366,148.11088225405,0.0,29.408468415099,-1.0,-1.0,-1.0,100.0,0.0,5.0,1.8,1.0,25.0
246.0,17.0,0.0,-1.0,242.0,258.87608200809,-14.371592120511,0.0,341.1937052321,-1.0,-1.0,-1.0,100.0,35.0,5.0,1.8,1.0,19.0
247.0,1.0,0.0,-1.0,241.0,146.88265931551,30.693828164606,0.0,25.471625137068,-1.0,-1.0,-1.0,100.0,0.0,5.0,1.8,1.0,9.0
247.0,4.0,0.0,-1.0,245.0,159.30941464285,-25.455798497398,0.0,26.867872139509,14.0,140.72989480761,-1.0,100.0,0.0,5.0,1.8,1.0,27.0
247.0,12.0,0.0,-1.0,246.0,164.4582098197,-17.34937376084,0.0,52.656392944069,-1.0,-1.0,-1.0,100.0,0.0,5.0,1.8,1.0,1.0
247.0,14.0,0.0,4.0,246.0,199.81683637967,-18.35392288921,0.0,15.877766947122,-1.0,-1.0,-1.0,100.0,0.0,5.0,1.8,1.0,4.0
247.0,16.0,0.0,-1.0,246.0,312.70480958366,148.11088225405,0.0,29.408468415099,-1.0,-1.0,-1.0,100.0,0.0,5.0,1.8,1.0,25.0
247.0,17.0,0.0,-1.0,243.0,258.88168200809,-15.060742120511,0.0,376.1937052321,-1.0,-1.0,-1.0,100.0,35.0,5.0,1.8,1.0,19.0
248.0,1.0,0.0,-1.0,242.0,146.88265931551,30.693828164606,0.0,25.471625137068,-1.0,-1.0,-1.0,100.0,0.0,5.0,1.8,1.0,9.0
248.0,4.0,0.0,-1.0,246.0,159.30941464285,-25.455798497398,0.0,26.867872139509,14.0,140.72989480761,-1.0,100.0,0.0,5.0,1.8,1.0,27.0
248.0,12.0,0.0,-1.0,247.0,164.4582098197,-17.34937376084,0.0,52.656392944069,-1.0,-1.0,-1.0,100.0,0.0,5.0,1.8,1.0,1.0
248.0,14.0,0.0,4.0,247.0,199.81683637967,-18.35392288921,0.0,15.877766947122,-1.0,-1.0,-1.0,100.0,0.0,5.0,1.8,1.0,4.0
248.0,16.0,0.0,-1.0,247.0,312.70480958366,148.11088225405,0.0,29.408468415099,-1.0,-1.0,-1.0,100.0,0.0,5.0,1.8,1.0,25.0
248.0,17.0,0.0,-1.0,244.0,258.88728200809,-15.749892120511,0.0,411.1937052321,-1.0,-1.0,-1.0,100.0,35.0,5.0,1.8,1.0,19.0
249.0,1.0,0.0,-1.0,243.0,146.88265931551,30.693828164606,0.0,25.471625137068,-1.0,-1.0,-1.0,100.0,0.0,5.0,1.8,1.0,9.0
249.0,4.0,0.0,-1.0,247.0,159.30941464285,-25.455798497398,0.0,26.867872139509,14.0,140.72989480761,-1.0,100.0,0.0,5.0,1.8,1.0,27.0
249.0,12.0,0.0,-1.0,248.0,164.4582098197,-17.34937376084,0.0,52.656392944069,-1.0,-1.0,-1.0,100.0,0.0,5.0,1.8,1.0,1.0
249.0,14.0,0.0,4.0,248.0,199.81683637967,-18.35392288921,0.0,15.877766947122,-1.0,-1.0,-1.0,100.0,0.0,5.0,1.8,1.0,4.0
249.0,16.0,0.0,-1.0,248.0,312.70480958366,148.11088225405,0.0,29.408468415099,-1.0,-1.0,-1.0,100.0,0.0,5.0,1.8,1.0,25.0
249.0,17.0,0.0,-1.0,245.0,258.89288200809,-16.439042120511,0.0,446.1937052321,-1.0,-1.0,-1.0,100.0,35.0,5.0,1.8,1.0,19.0
250.0,1.0,0.0,-1.0,244.0,146.88265931551,30.693828164606,0.0,25.471625137068,-1.0,-1.0,-1.0,100.0,0.0,5.0,1.8,1.0,9.0
250.0,4.0,0.0,-1.0,248.0,159.30941464285,-25.455798497398,0.0,26.867872139509,14.0,140.72989480761,-1.0,100.0,0.0,5.0,1.8,1.0,27.0
250.0,12.0,0.0,-1.0,249.0,164.4582098197,-17.34937376084,0.0,52.656392944069,-1.0,-1.0,-1.0,100.0,0.0,5.0,1.8,1.0,1.0
250.0,14.0,0.0,4.0,249.0,199.81683637967,-18.35392288921,0.0,15.877766947122,-1.0,-1.0,-1.0,100.0,0.0,5.0,1.8,1.0,4.0
250.0,16.0,0.0,-1.0,249.0,312.70480958366,148.11088225405,0.0,29.408468415099,30.0,2470.9095719111,-1.0,100.0,0.0,5.0,1.8,1.0,25.0
250.0,17.0,0.0,-1.0,246.0,258.89848200809,-17.128192120511,0.0,481.1937052321,-1.0,-1.0,-1.0,100.0,35.0,5.0,1.8,1.0,19.0
251.0,1.0,0.0,-1.0,245.0,146.88265931551,30.693828164606,0.0,25.471625137068,-1.0,-1.0,-1.0,100.0,0.0,5.0,1.8,1.0,9.0
251.0,4.0,0.0,-1.0,249.0,159.30941464285,-25.455798497398,0.0,26.867872139509,18.0,39.015070538757,-1.0,100.0,0.0,5.0,1.8,1.0,27.0
251.0,12.0,0.0,-1.0,250.0,164.4582098197,-17.34937376084,0.0,52.656392944069,-1.0,-1.0,-1.0,100.0,0.0,5.0,1.8,1.0,1.0
251.0,14.0,0.0,-1.0,250.0,199.81683637967,-18.35392288921,0.0,15.877766947122,-1.0,-1.0,-1.0,100.0,0.0,5.0,1.8,1.0,4.0
251.0,16.0,0.0,-1.0,250.0,312.70480958366,148.11088225405,0.0,29.408468415099,-1.0,-1.0,-1.0,100.0,0.0,5.0,1.8,1.0,25.0
251.0,17.0,0.0,-1.0,247.0,258.90408200809,-17.817342120511,0.0,516.1937052321,-1.0,-1.0,-1.0,100.0,35.0,5.0,1.8,1.0,19.0
252.0,1.0,0.0,-1.0,246.0,146.88265931551,30.693828164606,0.0,25.471625137068,-1.0,-1.0,-1.0,100.0,0.0,5.0,1.8,1.0,9.0
252.0,4.0,0.0,-1.0,250.0,159.30941464285,-25.455798497398,0.0,26.867872139509,18.0,53.28207033018,-1.0,100.0,0.0,5.0,1.8,1.0,27.0
252.0,12.0,0.0,-1.0,251.0,164.4582098197,-17.34937376084,0.0,52.656392944069,-1.0,-1.0,-1.0,100.0,0.0,5.0,1.8,1.0,1.0
252.0,14.0,0.0,18.0,251.0,199.81683637967,-18.35392288921,0.0,15.877766947122,-1.0,-1.0,-1.0,100.0,0.0,5.0,1.8,1.0,4.0
252.0,16.0,0.0,-1.0,251.0,312.70480958366,148.11088225405,0.0,29.408468415099,-1.0,-1.0,-1.0,100.0,0.0,5.0,1.8,1.0,25.0
252.0,17.0,0.0,-1.0,248.0,258.90968200809,-18.506492120511,0.0,551.1937052321,-1.0,-1.0,-1.0,100.0,35.0,5.0,1.8,1.0,19.0
253.0,1.0,0.0,-1.0,247.0,146.88265931551,30.693828164606,0.0,25.471625137068,-1.0,-1.0,-1.0,100.0,0.0,5.0,1.8,1.0,9.0
253.0,4.0,0.0,-1.0,251.0,159.30941464285,-25.455798497398,0.0,26.867872139509,18.0,70.046696327952,-1.0,100.0,0.0,5.0,1.8,1.0,27.0
253.0,12.0,0.0,-1.0,252.0,164.4582098197,-17.34937376084,0.0,52.656392944069,-1.0,-1.0,-1.0,100.0,0.0,5.0,1.8,1.0,1.0
253.0,14.0,0.0,18.0,252.0,199.81683637967,-18.35392288921,0.0,15.877766947122,-1.0,-1.0,-1.0,100.0,0.0,5.0,1.8,1.0,4.0
253.0,16.0,0.0,-1.0,252.0,312.70480958366,148.11088225405,0.0,29.408468415099,-1.0,-1.0,-1.0,100.0,0.0,5.0,1.8,1.0,25.0
253.0,17.0,0.0,-1.0,249.0,258.91528200809,-19.195642120511,0.0,586.1937052321,-1.0,-1.0,-1.0,100.0,35.0,5.0,1.8,1.0,19.0
254.0,1.0,0.0,-1.0,248.0,146.88265931551,30.693828164606,0.0,25.471625137068,-1.0,-1.0,-1.0,100.0,0.0,5.0,1.8,1.0,9.0
254.0,4.0,0.0,-1.0,252.0,159.30941464285,-25.455798497398,0.0,26.867872139509,14.0,140.72989480761,-1.0,100.0,0.0,5.0,1.8,1.0,27.0
254.0,12.0,0.0,-1.0,253.0,164.4582098197,-17.34937376084,0.0,52.656392944069,-1.0,-1.0,-1.0,100.0,0.0,5.0,1.8,1.0,1.0
254.0,14.0,0.0,4.0,253.0,199.81683637967,-18.35392288921,0.0,15.877766947122,-1.0,-1.0,-1.0,100.0,0.0,5.0,1.8,1.0,4.0
254.0,16.0,0.0,-1.0,253.0,312.70480958366,148.11088225405,0.0,29.408468415099,-1.0,-1.0,-1.0,100.0,0.0,5.0,1.8,1.0,25.0
254.0,17.0,0.0,-1.0,250.0,258.92088200809,-19.884792120511,0.0,621.1937052321,-1.0,-1.0,-1.0,100.0,35.0,5.0,1.8,1.0,19.0
255.0,1.0,0.0,-1.0,249.0,146.88265931551,30.693828164606,0.0,25.471625137068,-1.0,-1.0,-1.0,100.0,0.0,5.0,1.8,1.0,9.0
255.0,4.0,0.0,-1.0,253.0,159.30941464285,-25.455798497398,0.0,26.867872139509,14.0,140.72989480761,-1.0,100.0,0.0,5.0,1.8,1.0,27.0
255.0,12.0,0.0,-1.0,254.0,164.4582098197,-17.34937376084,0.0,52.656392944069,-1.0,-1.0,-1.0,100.0,0.0,5.0,1.8,1.0,1.0
255.0,14.0,0.0,4.0,254.0,199.81683637967,-18.35392288921,0.0,15.877766947122,-1.0,-1.0,-1.0,100.0,0.0,5.0,1.8,1.0,4.0
255.0,16.0,0.0,-1.0,254.0,312.70480958366,148.11088225405,0.0,29.408468415099,-1.0,-1.0,-1.0,100.0,0.0,5.0,1.8,1.0,25.0
255.0,17.0,0.0,-1.0,251.0,258.92648200809,-20.573942120511,0.0,656.1937052321,-1.0,-1.0,-1.0,100.0,35.0,5.0,1.8,1.0,19.0
256.0,1.0,0.0,-1.0,250.0,146.88265931551,30.693828164606,0.0,25.471625137068,-1.0,-1.0,-1.0,100.0,0.0,5.0,1.8,1.0,9.0
256.0,4.0,0.0,-1.0,254.0,159.30941464285,-25.455798497398,0.0,26.867872139509,14.0,140.72989480761,-1.0,100.0,0.0,5.0,1.8,1.0,27.0
256.0,12.0,0.0,-1.0,255.0,164.4582098197,-17.34937376084,0.0,52.656392944069,18.0,94.216968069298,-1.0,100.0,0.0,5.0,1.8,1.0,1.0
256.0,14.0,0.0,4.0,255.0,199.81683637967,-18.35392288921,0.0,15.877766947122,-1.0,-1.0,-1.0,100.0,0.0,5.0,1.8,1.0,4.0
256.0,16.0,0.0,-1.0,255.0,312.70480958366,148.11088225405,0.0,29.408468415099,-1.0,-1.0,-1.0,100.0,0.0,5.0,1.8,1.0,25.0
256.0,17.0,0.0,-1.0,252.0,258.93208200809,-21.263092120511,0.0,691.1937052321,-1.0,-1.0,-1.0,100.0,35.0,5.0,1.8,1.0,19.0
257.0,1.0,0.0,-1.0,251.0,146.88265931551,30.693828164606,0.0,25.471625137068,-1.0,-1.0,-1.0,100.0,0.0,5.0,1.8,1.0,9.0
257.0,4.0,0.0,-1.0,255.0,159.30941464285,-25.455798497398,0.0,26.867872139509,14.0,140.72989480761,-1.0,100.0,0.0,5.0,1.8,1.0,27.0
257.0,12.0,0.0,-1.0,256.0,164.4582098197,-17.34937376084,0.0,52.656392944069,18.0,111.30374300866,-1.0,100.0,0.0,5.0,1.8,1.0,1.0
257.0,14.0,0.0,4.0,256.0,199.81683637967,-18.35392288921,0.0,15.877766947122,-1.0,-1.0,-1.0,100.0,0.0,5.0,1.8,1.0,4.0
257.0,16.0,0.0,-1.0,256.0,312.70480958366,148.11088225405,0.0,29.408468415099,-1.0,-1.0,-1.0,100.0,0.0,5.0,1.8,1.0,25.0
257.0,17.0,0.0,-1.0,253.0,258.93768200809,-21.952242120511,0.0,726.1937052321,-1.0,-1.0,-1.0,100.0,35.0,5.0,1.8,1.0,19.0
258.0,1.0,0.0,-1.0,252.0,146.88265931551,30.693828164606,0.0,25.471625137068,-1.0,-1.0,-1.0,100.0,0.0,5.0,1.8,1.0,9.0
258.0,4.0,0.0,-1.0,256.0,159.30941464285,-25.455798497398,0.0,26.867872139509,14.0,140.72989480761,-1.0,100.0,0.0,5.0,1.8,1.0,27.0
258.0,12.0,0.0,-1.0,257.0,164.4582098197,-17.34937376084,0.0,52.656392944069,18.0,127.90018608031,-1.0,100.0,0.0,5.0,1.8,1.0,1.0
258.0,14.0,0.0,4.0,257.0,199.81683637967,-18.35392288921,0.0,15.877766947122,-1.0,-1.0,-1.0,100.0,0.0,5.0,1.8,1.0,4.0
258.0,16.0,0.0,-1.0,257.0,312.70480958366,148.11088225405,0.0,29.408468415099,30.0,2690.3830126254,-1.0,100.0,0.0,5.0,1.8,1.0,25.0
258.0,17.0,0.0,-1.0,254.0,258.94328200809,-22.641392120511,0.0,761.1937052321,-1.0,-1.0,-1.0,100.0,35.0,5.0,1.8,1.0,19.0
259.0,1.0,0.0,-1.0,253.0,146.88265931551,30.693828164606,0.0,25.471625137068,-1.0,-1.0,-1.0,100.0,0.0,5.0,1.8,1.0,9.0
259.0,4.0,0.0,-1.0,257.0,159.30941464285,-25.455798497398,0.0,26.867872139509,14.0,140.72989480761,-1.0,100.0,0.0,5.0,1.8,1.0,27.0
259.0,12.0,0.0,-1.0,258.0,164.4582098197,-17.34937376084,0.0,52.656392944069,18.0,144.62877368655,-1.0,100.0,0.0,5.0,1.8,1.0,1.0
259.0,14.0,0.0,4.0,258.0,199.81683637967,-18.35392288921,0.0,15.877766947122,-1.0,-1.0,-1.0,100.0,0.0,5.0,1.8,1.0,4.0
259.0,16.0,0.0,-1.0,258.0,312.70480958366,148.11088225405,0.0,29.408468415099,-1.0,-1.0,-1.0,100.0,0.0,5.0,1.8,1.0,25.0
259.0,17.0,0.0,-1.0,255.0,258.94888200809,-23.330542120511,0.0,796.1937052321,-1.0,-1.0,-1.0,100.0,35.0,5.0,1.8,1.0,19.0
260.0,1.0,0.0,-1.0,254.0,146.88265931551,30.693828164606,0.0,25.471625137068,-1.0,-1.0,-1.0,100.0,0.0,5.0,1.8,1.0,9.0
260.0,4.0,0.0,-1.0,258.0,159.30941464285,-25.455798497398,0.0,26.867872139509,14.0,140.72989480761,-1.0,100.0,0.0,5.0,1.8,1.0,27.0
260.0,12.0,0.0,-1.0,259.0,164.4582098197,-17.34937376084,0.0,52.656392944069,18.0,162.08614793566,-1.0,100.0,0.0,5.0,1.8,1.0,1.0
260.0,14.0,0.0,4.0,259.0,199.81683637967,-18.35392288921,0.0,15.877766947122,-1.0,-1.0,-1.0,100.0,0.0,5.0,1.8,1.0,4.0
260.0,16.0,0.0,-1.0,259.0,312.70480958366,148.11088225405,0.0,29.408468415099,-1.0,-1.0,-1.0,100.0,0.0,5.0,1.8,1.0,25.0
260.0,17.0,0.0,-1.0,256.0,258.95448200809,-24.019692120511,0.0,831.1937052321,-1.0,-1.0,-1.0,100.0,35.0,5.0,1.8,1.0,19.0
261.0,1.0,0.0,-1.0,255.0,146.88265931551,30.693828164606,0.0,25.471625137068,-1.0,-1.0,-1.0,100.0,0.0,5.0,1.8,1.0,9.0
261.0,4.0,0.0,-1.0,259.0,159.30941464285,-25.455798497398,0.0,26.867872139509,14.0,140.72989480761,-1.0,100.0,0.0,5.0,1.8,1.0,27.0
261.0,12.0,0.0,-1.0,260.0,164.4582098197,-17.34937376084,0.0,52.656392944069,18.0,178.7604564886,-1.0,100.0,0.0,5.0,1.8,1.0,1.0
261.0,14.0,0.0,4.0,260.0,199.81683637967,-18.35392288921,0.0,15.877766947122,-1.0,-1.0,-1.0,100.0,0.0,5.0,1.8,1.0,4.0
261.0,16.0,0.0,-1.0,260.0,312.70480958366,148.11088225405,0.0,29.408468415099,-1.0,-1.0,-1.0,100.0,0.0,5.0,1.8,1.0,25.0
261.0,17.0,0.0,-1.0,257.0,258.96008200809,-24.708842120511,0.0,866.1937052321,-1.0,-1.0,-1.0,100.0,35.0,5.0,1.8,1.0,19.0
262.0,1.0,0.0,-1.0,256.0,146.88265931551,30.693828164606,0.0,25.471625137068,-1.0,-1.0,-1.0,100.0,0.0,5.0,1.8,1.0,9.0
262.0,4.0,0.0,-1.0,260.0,159.30941464285,-25.455798497398,0.0,26.867872139509,14.0,140.72989480761,-1.0,100.0,0.0,5.0,1.8,1.0,27.0
262.0,12.0,0.0,-1.0,261.0,164.4582098197,-17.34937376084,0.0,52.656392944069,18.0,195.53969016651,-1.0,100.0,0.0,5.0,1.8,1.0,1.0
262.0,14.0,0.0,4.0,261.0,199.81683637967,-18.35392288921,0.0,15.877766947122,-1.0,-1.0,-1.0,100.0,0.0,5.0,1.8,1.0,4.0
262.0,16.0,0.0,-1.0,261.0,312.70480958366,148.11088225405,0.0,29.408468415099,-1.0,-1.0,-1.0,100.0,0.0,5.0,1.8,1.0,25.0
262.0,17.0,0.0,-1.0,258.0,258.96568200809,-25.397992120511,0.0,901.1937052321,-1.0,-1.0,-1.0,100.0,35.0,5.0,1.8,1.0,19.0
263.0,1.0,0.0,-1.0,257.0,146.88265931551,30.693828164606,0.0,25.471625137068,-1.0,-1.0,-1.0,100.0,0.0,5.0,1.8,1.0,9.0
263.0,4.0,0.0,-1.0,261.0,159.30941464285,-25.455798497398,0.0,26.867872139509,14.0,140.72989480761,-1.0,100.0,0.0,5.0,1.8,1.0,27.0
263.0,12.0,0.0,-1.0,262.0,164.4582098197,-17.34937376084,0.0,52.656392944069,-1.0,-1.0,-1.0,100.0,0.0,5.0,1.8,1.0,1.0
263.0,14.0,0.0,4.0,262.0,199.81683637967,-18.35392288921,0.0,15.877766947122,-1.0,-1.0,-1.0,100.0,0.0,5.0,1.8,1.0,4.0
263.0,16.0,0.0,-1.0,262.0,312.70480958366,148.11088225405,0.0,29.408468415099,-1.0,-1.0,-1.0,100.0,0.0,5.0,1.8,1.0,25.0
263.0,17.0,0.0,-1.0,259.0,258.97128200809,-26.087142120511,0.0,936.1937052321,-1.0,-1.0,-1.0,100.0,35.0,5.0,1.8,1.0,19.0
264.0,1.0,0.0,-1.0,258.0,146.88265931551,30.693828164606,0.0,25.471625137068,-1.0,-1.0,-1.0,100.0,0.0,5.0,1.8,1.0,9.0
264.0,4.0,0.0,-1.0,262.0,159.30941464285,-25.455798497398,0.0,26.867872139509,14.0,140.72989480761,-1.0,100.0,0.0,5.0,1.8,1.0,27.0
264.0,12.0,0.0,-1.0,263.0,164.4582098197,-17.34937376084,0.0,52.656392944069,-1.0,-1.0,-1.0,100.0,0.0,5.0,1.8,1.0,1.0
264.0,14.0,0.0,4.0,263.0,199.81683637967,-18.35392288921,0.0,15.877766947122,-1.0,-1.0,-1.0,100.0,0.0,5.0,1.8,1.0,4.0
264.0,16.0,0.0,-1.0,263.0,312.70480958366,148.11088225405,0.0,29.408468415099,-1.0,-1.0,-1.0,100.0,0.0,5.0,1.8,1.0,25.0
264.0,17.0,0.0,-1.0,260.0,258.97688200809,-26.776292120511,0.0,971.1937052321,-1.0,-1.0,-1.0,100.0,35.0,5.0,1.8,1.0,19.0
265.0,1.0,0.0,-1.0,259.0,146.88265931551,30.693828164606,0.0,25.471625137068,-1.0,-1.0,-1.0,100.0,0.0,5.0,1.8,1.0,9.0
265.0,4.0,0.0,-1.0,263.0,159.30941464285,-25.455798497398,0.0,26.867872139509,14.0,140.72989480761,-1.0,100.0,0.0,5.0,1.8,1.0,27.0
265.0,12.0,0.0,-1.0,264.0,164.4582098197,-17.34937376084,0.0,52.656392944069,-1.0,-1.0,-1.0,100.0,0.0,5.0,1.8,1.0,1.0
265.0,14.0,0.0,4.0,264.0,199.81683637967,-18.35392288921,0.0,15.877766947122,-1.0,-1.0,-1.0,100.0,0.0,5.0,1.8,1.0,4.0
265.0,16.0,0.0,-1.0,264.0,312.70480958366,148.11088225405,0.0,29.408468415099,-1.0,-1.0,-1.0,100.0,0.0,5.0,1.8,1.0,25.0
265.0,17.0,0.0,-1.0,261.0,258.29678717813,-28.522560623581,0.0,4.9337052321011,-1.0,-1.0,-1.0,100.0,35.0,5.0,1.8,1.0,63.0
266.0,1.0,0.0,-1.0,260.0,146.88265931551,30.693828164606,0.0,25.471625137068,-1.0,-1.0,-1.0,100.0,0.0,5.0,1.8,1.0,9.0
266.0,4.0,0.0,-1.0,264.0,159.30941464285,-25.455798497398,0.0,26.867872139509,14.0,140.72989480761,-1.0,100.0,0.0,5.0,1.8,1.0,27.0
266.0,12.0,0.0,-1.0,265.0,164.4582098197,-17.34937376084,0.0,52.656392944069,-1.0,-1.0,-1.0,100.0,0.0,5.0,1.8,1.0,1.0
266.0,14.0,0.0,4.0,265.0,199.81683637967,-18.35392288921,0.0,15.877766947122,-1.0,-1.0,-1.0,100.0,0.0,5.0,1.8,1.0,4.0
266.0,16.0,0.0,-1.0,265.0,312.70480958366,148.11088225405,0.0,29.408468415099,-1.0,-1.0,-1.0,100.0,0.0,5.0,1.8,1.0,25.0
266.0,17.0,0.0,-1.0,262.0,257.67000157156,-29.1474141449,0.0,39.933705232101,-1.0,-1.0,-1.0,100.0,35.0,5.0,1.8,1.0,63.0
267.0,1.0,0.0,-1.0,261.0,146.88265931551,30.693828164606,0.0,25.471625137068,-1.0,-1.0,-1.0,100.0,0.0,5.0,1.8,1.0,9.0
267.0,4.0,0.0,-1.0,265.0,159.30941464285,-25.455798497398,0.0,26.867872139509,14.0,140.72989480761,-1.0,100.0,0.0,5.0,1.8,1.0,27.0
267.0,12.0,0.0,-1.0,266.0,164.4582098197,-17.34937376084,0.0,52.656392944069,-1.0,-1.0,-1.0,100.0,0.0,5.0,1.8,1.0,1.0
267.0,14.0,0.0,4.0,266.0,199.81683637967,-18.35392288921,0.0,15.877766947122,-1.0,-1.0,-1.0,100.0,0.0,5.0,1.8,1.0,4.0
267.0,16.0,0.0,-1.0,266.0,312.70480958366,148.11088225405,0.0,29.408468415099,-1.0,-1.0,-1.0,100.0,0.0,5.0,1.8,1.0,25.0
267.0,17.0,0.0,-1.0,263.0,257.04700157156,-29.7759141449,0.0,74.933705232101,-1.0,-1.0,-1.0,100.0,35.0,5.0,1.8,1.0,63.0
268.0,1.0,0.0,-1.0,262.0,146.88265931551,30.693828164606,0.0,25.471625137068,-1.0,-1.0,-1.0,100.0,0.0,5.0,1.8,1.0,9.0
268.0,4.0,0.0,-1.0,266.0,159.30941464285,-25.455798497398,0.0,26.867872139509,14.0,140.72989480761,-1.0,100.0,0.0,5.0,1.8,1.0,27.0
268.0,12.0,0.0,-1.0,267.0,164.4582098197,-17.34937376084,0.0,52.656392944069,-1.0,-1.0,-1.0,100.0,0.0,5.0,1.8,1.0,1.0
268.0,14.0,0.0,4.0,267.0,199.81683637967,-18.35392288921,0.0,15.877766947122,-1.0,-1.0,-1.0,100.0,0.0,5.0,1.8,1.0,4.0
268.0,16.0,0.0,-1.0,267.0,312.70480958366,148.11088225405,0.0,29.408468415099,-1.0,-1.0,-1.0,100.0,0.0,5.0,1.8,1.0,25.0
268.0,17.0,0.0,-1.0,264.0,256.42400157156,-30.4044141449,0.0,109.9337052321,-1.0,-1.0,-1.0,100.0,35.0,5.0,1.8,1.0,63.0
269.0,1.0,0.0,-1.0,263.0,146.88265931551,30.693828164606,0.0,25.471625137068,-1.0,-1.0,-1.0,100.0,0.0,5.0,1.8,1.0,9.0
269.0,4.0,0.0,-1.0,267.0,159.30941464285,-25.455798497398,0.0,26.867872139509,14.0,140.72989480761,-1.0,100.0,0.0,5.0,1.8,1.0,27.0
269.0,12.0,0.0,-1.0,268.0,164.4582098197,-17.34937376084,0.0,52.656392944069,-1.0,-1.0,-1.0,100.0,0.0,5.0,1.8,1.0,1.0
269.0,14.0,0.0,4.0,268.0,199.81683637967,-18.35392288921,0.0,15.877766947122,-1.0,-1.0,-1.0,100.0,0.0,5.0,1.8,1.0,4.0
269.0,16.0,0.0,-1.0,268.0,312.70480958366,148.11088225405,0.0,29.408468415099,-1.0,-1.0,-1.0,100.0,0.0,5.0,1.8,1.0,25.0
269.0,17.0,0.0,-1.0,265.0,255.80100157156,-31.0329141449,0.0,144.9337052321,-1.0,-1.0,-1.0,100.0,35.0,5.0,1.8,1.0,63.0
270.0,1.0,0.0,-1.0,264.0,146.88265931551,30.693828164606,0.0,25.471625137068,-1.0,-1.0,-1.0,100.0,0.0,5.0,1.8,1.0,9.0
270.0,4.0,0.0,-1.0,268.0,159.30941464285,-25.455798497398,0.0,26.867872139509,14.0,140.72989480761,-1.0,100.0,0.0,5.0,1.8,1.0,27.0
270.0,12.0,0.0,-1.0,269.0,164.4582098197,-17.34937376084,0.0,52.656392944069,-1.0,-1.0,-1.0,100.0,0.0,5.0,1.8,1.0,1.0
270.0,14.0,0.0,4.0,269.0,199.81683637967,-18.35392288921,0.0,15.877766947122,18.0,204.06020179682,-1.0,100.0,0.0,5.0,1.8,1.0,4.0
270.0,16.0,0.0,-1.0,269.0,312.70480958366,148.11088225405,0.0,29.408468415099,-1.0,-1.0,-1.0,100.0,0.0,5.0,1.8,1.0,25.0
270.0,17.0,0.0,-1.0,266.0,255.17800157156,-31.6614141449,0.0,179.9337052321,-1.0,-1.0,-1.0,100.0,35.0,5.0,1.8,1.0,63.0
271.0,1.0,0.0,-1.0,265.0,146.88265931551,30.693828164606,0.0,25.471625137068,-1.0,-1.0,-1.0,100.0,0.0,5.0,1.8,1.0,9.0
271.0,4.0,0.0,-1.0,269.0,159.30941464285,-25.455798497398,0.0,26.867872139509,14.0,140.72989480761,-1.0,100.0,0.0,5.0,1.8,1.0,27.0
271.0,12.0,0.0,-1.0,270.0,164.4582098197,-17.34937376084,0.0,52.656392944069,-1.0,-1.0,-1.0,100.0,0.0,5.0,1.8,1.0,1.0
271.0,14.0,0.0,4.0,270.0,199.81683637967,-18.35392288921,0.0,15.877766947122,18.0,220.87037051512,-1.0,100.0,0.0,5.0,1.8,1.0,4.0
271.0,16.0,0.0,-1.0,270.0,312.70480958366,148.11088225405,0.0,29.408468415099,-1.0,-1.0,-1.0,100.0,0.0,5.0,1.8,1.0,25.0
271.0,17.0,0.0,-1.0,267.0,254.55500157156,-32.2899141449,0.0,214.9337052321,-1.0,-1.0,-1.0,100.0,35.0,5.0,1.8,1.0,63.0
272.0,1.0,0.0,-1.0,266.0,146.88265931551,30.693828164606,0.0,25.471625137068,-1.0,-1.0,-1.0,100.0,0.0,5.0,1.8,1.0,9.0
272.0,4.0,0.0,-1.0,270.0,159.30941464285,-25.455798497398,0.0,26.867872139509,14.0,140.72989480761,-1.0,100.0,0.0,5.0,1.8,1.0,27.0
272.0,12.0,0.0,-1.0,271.0,164.4582098197,-17.34937376084,0.0,52.656392944069,-1.0,-1.0,-1.0,100.0,0.0,5.0,1.8,1.0,1.0
272.0,14.0,0.0,4.0,271.0,199.81683637967,-18.35392288921,0.0,15.877766947122,18.0,237.74935775817,-1.0,100.0,0.0,5.0,1.8,1.0,4.0
272.0,16.0,0.0,-1.0,271.0,312.70480958366,148.11088225405,0.0,29.408468415099,-1.0,-1.0,-1.0,100.0,0.0,5.0,1.8,1.0,25.0
272.0,17.0,0.0,-1.0,268.0,253.93200157156,-32.9184141449,0.0,249.9337052321,-1.0,-1.0,-1.0,100.0,35.0,5.0,1.8,1.0,63.0
273.0,1.0,0.0,-1.0,267.0,146.88265931551,30.693828164606,0.0,25.471625137068,-1.0,-1.0,-1.0,100.0,0.0,5.0,1.8,1.0,9.0
273.0,4.0,0.0,-1.0,271.0,159.30941464285,-25.455798497398,0.0,26.867872139509,14.0,140.72989480761,-1.0,100.0,0.0,5.0,1.8,1.0,27.0
273.0,12.0,0.0,-1.0,272.0,164.4582098197,-17.34937376084,0.0,52.656392944069,-1.0,-1.0,-1.0,100.0,0.0,5.0,1.8,1.0,1.0
273.0,14.0,0.0,4.0,272.0,199.81683637967,-18.35392288921,0.0,15.877766947122,18.0,254.88187789896,-1.0,100.0,0.0,5.0,1.8,1.0,4.0
273.0,16.0,0.0,-1.0,272.0,312.70480958366,148.11088225405,0.0,29.408468415099,6.0,3180.2415315849,-1.0,100.0,0.0,5.0,1.8,1.0,25.0
273.0,17.0,0.0,-1.0,269.0,253.30900157156,-33.5469141449,0.0,284.9337052321,-1.0,-1.0,-1.0,100.0,35.0,5.0,1.8,1.0,63.0
274.0,1.0,0.0,-1.0,268.0,146.88265931551,30.693828164606,0.0,25.471625137068,-1.0,-1.0,-1.0,100.0,0.0,5.0,1.8,1.0,9.0
274.0,4.0,0.0,-1.0,272.0,159.30941464285,-25.455798497398,0.0,26.867872139509,14.0,140.72989480761,-1.0,100.0,0.0,5.0,1.8,1.0,27.0
274.0,12.0,0.0,-1.0,273.0,164.4582098197,-17.34937376084,0.0,52.656392944069,-1.0,-1.0,-1.0,100.0,0.0,5.0,1.8,1.0,1.0
274.0,14.0,0.0,4.0,273.0,199.81683637967,-18.35392288921,0.0,15.877766947122,18.0,268.91848434404,-1.0,100.0,0.0,5.0,1.8,1.0,4.0
274.0,16.0,0.0,-1.0,273.0,312.70480958366,148.11088225405,0.0,29.408468415099,6.0,3215.2415315849,-1.0,100.0,0.0,5.0,1.8,1.0,25.0
274.0,17.0,0.0,-1.0,270.0,252.68600157156,-34.1754141449,0.0,319.9337052321,-1.0,-1.0,-1.0,100.0,35.0,5.0,1.8,1.0,63.0
275.0,1.0,0.0,-1.0,269.0,146.88265931551,30.693828164606,0.0,25.471625137068,-1.0,-1.0,-1.0,100.0,0.0,5.0,1.8,1.0,9.0
275.0,4.0,0.0,-1.0,273.0,159.30941464285,-25.455798497398,0.0,26.867872139509,14.0,140.72989480761,-1.0,100.0,0.0,5.0,1.8,1.0,27.0
275.0,12.0,0.0,-1.0,274.0,164.4582098197,-17.34937376084,0.0,52.656392944069,-1.0,-1.0,-1.0,100.0,0.0,5.0,1.8,1.0,1.0
275.0,14.0,0.0,4.0,274.0,199.81683637967,-18.35392288921,0.0,15.877766947122,18.0,278.45509078912,-1.0,100.0,0.0,5.0,1.8,1.0,4.0
275.0,16.0,0.0,-1.0,274.0,312.70480958366,148.11088225405,0.0,29.408468415099,6.0,3250.2415315849,-1.0,100.0,0.0,5.0,1.8,1.0,25.0
275.0,17.0,0.0,-1.0,271.0,252.06300157156,-34.8039141449,0.0,354.9337052321,-1.0,-1.0,-1.0,100.0,35.0,5.0,1.8,1.0,63.0
276.0,1.0,0.0,-1.0,270.0,146.88265931551,30.693828164606,0.0,25.471625137068,-1.0,-1.0,-1.0,100.0,0.0,5.0,1.8,1.0,9.0
276.0,4.0,0.0,-1.0,274.0,159.30941464285,-25.455798497398,0.0,26.867872139509,14.0,140.72989480761,-1.0,100.0,0.0,5.0,1.8,1.0,27.0
276.0,12.0,0.0,-1.0,275.0,164.4582098197,-17.34937376084,0.0,52.656392944069,-1.0,-1.0,-1.0,100.0,0.0,5.0,1.8,1.0,1.0
276.0,14.0,0.0,4.0,275.0,199.81683637967,-18.35392288921,0.0,15.877766947122,-1.0,-1.0,-1.0,100.0,0.0,5.0,1.8,1.0,4.0
276.0,16.0,0.0,-1.0,275.0,312.70480958366,148.11088225405,0.0,29.408468415099,6.0,3285.2415315849,-1.0,100.0,0.0,5.0,1.8,1.0,25.0
276.0,17.0,0.0,-1.0,272.0,251.44000157156,-35.4324141449,0.0,389.9337052321,-1.0,-1.0,-1.0,100.0,35.0,5.0,1.8,1.0,63.0
277.0,1.0,0.0,-1.0,271.0,146.88265931551,30.693828164606,0.0,25.471625137068,-1.0,-1.0,-1.0,100.0,0.0,5.0,1.8,1.0,9.0
277.0,4.0,0.0,-1.0,275.0,159.30941464285,-25.455798497398,0.0,26.867872139509,24.0,53.006758711935,-1.0,100.0,0.0,5.0,1.8,1.0,27.0
277.0,12.0,0.0,-1.0,276.0,164.4582098197,-17.34937376084,0.0,52.656392944069,-1.0,-1.0,-1.0,100.0,0.0,5.0,1.8,1.0,1.0
277.0,14.0,0.0,-1.0,276.0,199.81683637967,-18.35392288921,0.0,15.877766947122,-1.0,-1.0,-1.0,100.0,0.0,5.0,1.8,1.0,4.0
277.0,16.0,0.0,-1.0,276.0,312.70480958366,148.11088225405,0.0,29.408468415099,6.0,3320.2415315849,-1.0,100.0,0.0,5.0,1.8,1.0,25.0
277.0,17.0,0.0,-1.0,273.0,250.81700157156,-36.0609141449,0.0,424.9337052321,-1.0,-1.0,-1.0,100.0,35.0,5.0,1.8,1.0,63.0
278.0,1.0,0.0,-1.0,272.0,146.88265931551,30.693828164606,0.0,25.471625137068,-1.0,-1.0,-1.0,100.0,0.0,5.0,1.8,1.0,9.0
278.0,4.0,0.0,-1.0,276.0,159.30941464285,-25.455798497398,0.0,26.867872139509,14.0,140.72989480761,-1.0,100.0,0.0,5.0,1.8,1.0,27.0
278.0,12.0,0.0,-1.0,277.0,164.4582098197,-17.34937376084,0.0,52.656392944069,-1.0,-1.0,-1.0,100.0,0.0,5.0,1.8,1.0,1.0
278.0,14.0,0.0,4.0,277.0,199.81683637967,-18.35392288921,0.0,15.877766947122,-1.0,-1.0,-1.0,100.0,0.0,5.0,1.8,1.0,4.0
278.0,16.0,0.0,-1.0,277.0,312.70480958366,148.11088225405,0.0,29.408468415099,6.0,3355.2415315849,-1.0,100.0,0.0,5.0,1.8,1.0,25.0
278.0,17.0,0.0,-1.0,274.0,250.19400157156,-36.6894141449,0.0,459.9337052321,-1.0,-1.0,-1.0,100.0,35.0,5.0,1.8,1.0,63.0
279.0,1.0,0.0,-1.0,273.0,146.88265931551,30.693828164606,0.0,25.471625137068,-1.0,-1.0,-1.0,100.0,0.0,5.0,1.8,1.0,9.0
279.0,4.0,0.0,-1.0,277.0,159.30941464285,-25.455798497398,0.0,26.867872139509,14.0,140.72989480761,-1.0,100.0,0.0,5.0,1.8,1.0,27.0
279.0,12.0,0.0,-1.0,278.0,164.4582098197,-17.34937376084,0.0,52.656392944069,24.0,48.116640404045,-1.0,100.0,0.0,5.0,1.8,1.0,1.0
279.0,14.0,0.0,4.0,278.0,199.81683637967,-18.35392288921,0.0,15.877766947122,-1.0,-1.0,-1.0,100.0,0.0,5.0,1.8,1.0,4.0
279.0,16.0,0.0,-1.0,278.0,312.70480958366,148.11088225405,0.0,29.408468415099,6.0,3390.2415315849,-1.0,100.0,0.0,5.0,1.8,1.0,25.0
279.0,17.0,0.0,-1.0,275.0,249.57100157156,-37.3179141449,0.0,494.9337052321,-1.0,-1.0,-1.0,100.0,35.0,5.0,1.8,1.0,63.0
280.0,1.0,0.0,-1.0,274.0,146.88265931551,30.693828164606,0.0,25.471625137068,-1.0,-1.0,-1.0,100.0,0.0,5.0,1.8,1.0,9.0
280.0,4.0,0.0,-1.0,278.0,159.30941464285,-25.455798497398,0.0,26.867872139509,14.0,140.72989480761,-1.0,100.0,0.0,5.0,1.8,1.0,27.0
280.0,12.0,0.0,-1.0,279.0,164.4582098197,-17.34937376084,0.0,52.656392944069,24.0,61.210368867405,-1.0,100.0,0.0,5.0,1.8,1.0,1.0
280.0,14.0,0.0,4.0,279.0,199.81683637967,-18.35392288921,0.0,15.877766947122,-1.0,-1.0,-1.0,100.0,0.0,5.0,1.8,1.0,4.0
280.0,16.0,0.0,-1.0,279.0,312.70480958366,148.11088225405,0.0,29.408468415099,6.0,3425.2415315849,-1.0,100.0,0.0,5.0,1.8,1.0,25.0
280.0,17.0,0.0,-1.0,276.0,248.94800157156,-37.9464141449,0.0,529.9337052321,-1.0,-1.0,-1.0,100.0,35.0,5.0,1.8,1.0,63.0
281.0,1.0,0.0,-1.0,275.0,146.88265931551,30.693828164606,0.0,25.471625137068,-1.0,-1.0,-1.0,100.0,0.0,5.0,1.8,1.0,9.0
281.0,4.0,0.0,-1.0,279.0,159.30941464285,-25.455798497398,0.0,26.867872139509,14.0,140.72989480761,-1.0,100.0,0.0,5.0,1.8,1.0,27.0
281.0,12.0,0.0,-1.0,280.0,164.4582098197,-17.34937376084,0.0,52.656392944069,24.0,75.319473085198,-1.0,100.0,0.0,5.0,1.8,1.0,1.0
281.0,14.0,0.0,4.0,280.0,199.81683637967,-18.35392288921,0.0,15.877766947122,31.0,93.944347531594,-1.0,100.0,0.0,5.0,1.8,1.0,4.0
281.0,16.0,0.0,-1.0,280.0,312.70480958366,148.11088225405,0.0,29.408468415099,6.0,3460.2415315849,-1.0,100.0,0.0,5.0,1.8,1.0,25.0
281.0,17.0,0.0,-1.0,277.0,248.32500157156,-38.5749141449,0.0,564.9337052321,-1.0,-1.0,-1.0,100.0,35.0,5.0,1.8,1.0,63.0
282.0,1.0,0.0,-1.0,276.0,146.88265931551,30.693828164606,0.0,25.471625137068,-1.0,-1.0,-1.0,100.0,0.0,5.0,1.8,1.0,9.0
282.0,4.0,0.0,-1.0,280.0,159.30941464285,-25.455798497398,0.0,26.867872139509,14.0,140.72989480761,-1.0,100.0,0.0,5.0,1.8,1.0,27.0
282.0,12.0,0.0,-1.0,281.0,164.4582098197,-17.34937376084,0.0,52.656392944069,24.0,89.352163305309,-1.0,100.0,0.0,5.0,1.8,1.0,1.0
282.0,14.0,0.0,4.0,281.0,199.81683637967,-18.35392288921,0.0,15.877766947122,31.0,99.635808384267,-1.0,100.0,0.0,5.0,1.8,1.0,4.0
282.0,16.0,0.0,-1.0,281.0,312.70480958366,148.11088225405,0.0,29.408468415099,6.0,3495.2415315849,-1.0,100.0,0.0,5.0,1.8,1.0,25.0
282.0,17.0,0.0,-1.0,278.0,247.70200157156,-39.2034141449,0.0,599.9337052321,-1.0,-1.0,-1.0,100.0,35.0,5.0,1.8,1.0,63.0
283.0,1.0,0.0,-1.0,277.0,146.88265931551,30.693828164606,0.0,25.471625137068,-1.0,-1.0,-1.0,100.0,0.0,5.0,1.8,1.0,9.0
283.0,4.0,0.0,-1.0,281.0,159.30941464285,-25.455798497398,0.0,26.867872139509,14.0,140.72989480761,-1.0,100.0,0.0,5.0,1.8,1.0,27.0
283.0,12.0,0.0,-1.0,282.0,164.4582098197,-17.34937376084,0.0,52.656392944069,-1.0,-1.0,-1.0,100.0,0.0,5.0,1.8,1.0,1.0
283.0,14.0,0.0,4.0,282.0,199.81683637967,-18.35392288921,0.0,15.877766947122,31.0,104.38235756746,-1.0,100.0,0.0,5.0,1.8,1.0,4.0
283.0,16.0,0.0,-1.0,282.0,312.70480958366,148.11088225405,0.0,29.408468415099,6.0,3530.2415315849,-1.0,100.0,0.0,5.0,1.8,1.0,25.0
283.0,17.0,0.0,-1.0,279.0,247.07900157156,-39.8319141449,0.0,634.9337052321,-1.0,-1.0,-1.0,100.0,35.0,5.0,1.8,1.0,63.0
284.0,1.0,0.0,31.0,278.0,146.88265931551,30.693828164606,0.0,25.471625137068,-1.0,-1.0,-1.0,100.0,0.0,5.0,1.8,1.0,9.0
284.0,4.0,0.0,-1.0,282.0,159.30941464285,-25.455798497398,0.0,26.867872139509,14.0,140.72989480761,-1.0,100.0,0.0,5.0,1.8,1.0,27.0
284.0,12.0,0.0,-1.0,283.0,164.4582098197,-17.34937376084,0.0,52.656392944069,-1.0,-1.0,-1.0,100.0,0.0,5.0,1.8,1.0,1.0
284.0,14.0,0.0,4.0,283.0,199.81683637967,-18.35392288921,0.0,15.877766947122,31.0,111.82582681901,-1.0,100.0,0.0,5.0,1.8,1.0,4.0
284.0,16.0,0.0,-1.0,283.0,312.70480958366,148.11088225405,0.0,29.408468415099,6.0,3565.2415315849,-1.0,100.0,0.0,5.0,1.8,1.0,25.0
284.0,17.0,0.0,-1.0,280.0,246.45600157156,-40.4604141449,0.0,669.9337052321,-1.0,-1.0,-1.0,100.0,35.0,5.0,1.8,1.0,63.0
285.0,1.0,0.0,-1.0,279.0,146.88265931551,30.693828164606,0.0,25.471625137068,-1.0,-1.0,-1.0,100.0,0.0,5.0,1.8,1.0,9.0
285.0,4.0,0.0,-1.0,283.0,159.30941464285,-25.455798497398,0.0,26.867872139509,14.0,140.72989480761,-1.0,100.0,0.0,5.0,1.8,1.0,27.0
285.0,12.0,0.0,-1.0,284.0,164.4582098197,-17.34937376084,0.0,52.656392944069,-1.0,-1.0,-1.0,100.0,0.0,5.0,1.8,1.0,1.0
285.0,14.0,0.0,4.0,284.0,199.81683637967,-18.35392288921,0.0,15.877766947122,24.0,9.3225162699267,-1.0,100.0,0.0,5.0,1.8,1.0,4.0
285.0,16.0,0.0,-1.0,284.0,312.70480958366,148.11088225405,0.0,29.408468415099,6.0,3600.2415315849,-1.0,100.0,0.0,5.0,1.8,1.0,25.0
285.0,17.0,0.0,-1.0,281.0,242.83723121645,-44.852540196954,0.0,4.9337052321011,-1.0,-1.0,-1.0,100.0,35.0,5.0,1.8,1.0,73.0
286.0,1.0,0.0,-1.0,280.0,146.88265931551,30.693828164606,0.0,25.471625137068,-1.0,-1.0,-1.0,100.0,0.0,5.0,1.8,1.0,9.0
286.0,4.0,0.0,-1.0,284.0,159.30941464285,-25.455798497398,0.0,26.867872139509,14.0,140.72989480761,-1.0,100.0,0.0,5.0,1.8,1.0,27.0
286.0,12.0,0.0,-1.0,285.0,164.4582098197,-17.34937376084,0.0,52.656392944069,-1.0,-1.0,-1.0,100.0,0.0,5.0,1.8,1.0,1.0
286.0,14.0,0.0,4.0,285.0,199.81683637967,-18.35392288921,0.0,15.877766947122,24.0,23.157788812262,-1.0,100.0,0.0,5.0,1.8,1.0,4.0
286.0,16.0,0.0,-1.0,285.0,312.70480958366,148.11088225405,0.0,29.408468415099,6.0,3635.2415315849,-1.0,100.0,0.0,5.0,1.8,1.0,25.0
286.0,17.0,0.0,-1.0,282.0,242.21940179948,-67.288842814143,0.0,9.7537052321011,-1.0,-1.0,-1.0,100.0,35.0,5.0,1.8,1.0,74.0
287.0,1.0,0.0,-1.0,281.0,146.88265931551,30.693828164606,0.0,25.471625137068,-1.0,-1.0,-1.0,100.0,0.0,5.0,1.8,1.0,9.0
287.0,4.0,0.0,-1.0,285.0,159.30941464285,-25.455798497398,0.0,26.867872139509,14.0,140.72989480761,-1.0,100.0,0.0,5.0,1.8,1.0,27.0
287.0,12.0,0.0,-1.0,286.0,164.4582098197,-17.34937376084,0.0,52.656392944069,-1.0,-1.0,-1.0,100.0,0.0,5.0,1.8,1.0,1.0
287.0,14.0,0.0,4.0,286.0,199.81683637967,-18.35392288921,0.0,15.877766947122,24.0,36.83179216795,-1.0,100.0,0.0,5.0,1.8,1.0,4.0
287.0,16.0,0.0,-1.0,286.0,312.70480958366,148.11088225405,0.0,29.408468415099,6.0,3670.2415315849,-1.0,100.0,0.0,5.0,1.8,1.0,25.0
287.0,17.0,0.0,-1.0,283.0,242.42030179948,-67.478542814143,0.0,44.753705232101,-1.0,-1.0,-1.0,100.0,35.0,5.0,1.8,1.0,74.0
288.0,1.0,0.0,-1.0,282.0,146.88265931551,30.693828164606,0.0,25.471625137068,-1.0,-1.0,-1.0,100.0,0.0,5.0,1.8,1.0,9.0
288.0,4.0,0.0,-1.0,286.0,159.30941464285,-25.455798497398,0.0,26.867872139509,14.0,140.72989480761,-1.0,100.0,0.0,5.0,1.8,1.0,27.0
288.0,12.0,0.0,-1.0,287.0,164.4582098197,-17.34937376084,0.0,52.656392944069,-1.0,-1.0,-1.0,100.0,0.0,5.0,1.8,1.0,1.0
288.0,14.0,0.0,4.0,287.0,199.81683637967,-18.35392288921,0.0,15.877766947122,24.0,50.590969320664,-1.0,100.0,0.0,5.0,1.8,1.0,4.0
288.0,16.0,0.0,-1.0,287.0,312.70480958366,148.11088225405,0.0,29.408468415099,6.0,3705.2415315849,-1.0,100.0,0.0,5.0,1.8,1.0,25.0
288.0,17.0,0.0,-1.0,284.0,242.62120179948,-67.668242814143,0.0,79.753705232101,-1.0,-1.0,-1.0,100.0,35.0,5.0,1.8,1.0,74.0
289.0,1.0,0.0,-1.0,283.0,146.88265931551,30.693828164606,0.0,25.471625137068,-1.0,-1.0,-1.0,100.0,0.0,5.0,1.8,1.0,9.0
289.0,4.0,0.0,-1.0,287.0,159.30941464285,-25.455798497398,0.0,26.867872139509,14.0,140.72989480761,-1.0,100.0,0.0,5.0,1.8,1.0,27.0
289.0,12.0,0.0,-1.0,288.0,164.4582098197,-17.34937376084,0.0,52.656392944069,-1.0,-1.0,-1.0,100.0,0.0,5.0,1.8,1.0,1.0
289.0,14.0,0.0,4.0,288.0,199.81683637967,-18.35392288921,0.0,15.877766947122,24.0,64.771746773847,-1.0,100.0,0.0,5.0,1.8,1.0,4.0
289.0,16.0,0.0,-1.0,288.0,312.70480958366,148.11088225405,0.0,29.408468415099,6.0,3740.2415315849,-1.0,100.0,0.0,5.0,1.8,1.0,25.0
289.0,17.0,0.0,-1.0,285.0,242.82210179948,-67.857942814143,0.0,114.7537052321,-1.0,-1.0,-1.0,100.0,35.0,5.0,1.8,1.0,74.0
290.0,1.0,0.0,-1.0,284.0,146.88265931551,30.693828164606,0.0,25.471625137068,-1.0,-1.0,-1.0,100.0,0.0,5.0,1.8,1.0,9.0
290.0,4.0,0.0,-1.0,288.0,159.30941464285,-25.455798497398,0.0,26.867872139509,14.0,140.72989480761,-1.0,100.0,0.0,5.0,1.8,1.0,27.0
290.0,12.0,0.0,-1.0,289.0,164.4582098197,-17.34937376084,0.0,52.656392944069,-1.0,-1.0,-1.0,100.0,0.0,5.0,1.8,1.0,1.0
290.0,14.0,0.0,4.0,289.0,199.81683637967,-18.35392288921,0.0,15.877766947122,24.0,75.57658137586,-1.0,100.0,0.0,5.0,1.8,1.0,4.0
290.0,16.0,0.0,-1.0,289.0,312.70480958366,148.11088225405,0.0,29.408468415099,6.0,3775.2415315849,-1.0,100.0,0.0,5.0,1.8,1.0,25.0
290.0,17.0,0.0,-1.0,286.0,243.02300179948,-68.047642814143,0.0,149.7537052321,-1.0,-1.0,-1.0,100.0,35.0,5.0,1.8,1.0,74.0
291.0,1.0,0.0,-1.0,285.0,146.88265931551,30.693828164606,0.0,25.471625137068,-1.0,-1.0,-1.0,100.0,0.0,5.0,1.8,1.0,9.0
291.0,4.0,0.0,-1.0,289.0,159.30941464285,-25.455798497398,0.0,26.867872139509,14.0,140.72989480761,-1.0,100.0,0.0,5.0,1.8,1.0,27.0
291.0,12.0,0.0,-1.0,290.0,164.4582098197,-17.34937376084,0.0,52.656392944069,-1.0,-1.0,-1.0,100.0,0.0,5.0,1.8,1.0,1.0
291.0,14.0,0.0,4.0,290.0,199.81683637967,-18.35392288921,0.0,15.877766947122,24.0,85.003973450235,-1.0,100.0,0.0,5.0,1.8,1.0,4.0
291.0,16.0,0.0,-1.0,290.0,312.70480958366,148.11088225405,0.0,29.408468415099,6.0,3810.2415315849,-1.0,100.0,0.0,5.0,1.8,1.0,25.0
291.0,17.0,0.0,-1.0,287.0,243.22390179948,-68.237342814143,0.0,184.7537052321,-1.0,-1.0,-1.0,100.0,35.0,5.0,1.8,1.0,74.0
292.0,1.0,0.0,-1.0,286.0,146.88265931551,30.693828164606,0.0,25.471625137068,-1.0,-1.0,-1.0,100.0,0.0,5.0,1.8,1.0,9.0
292.0,4.0,0.0,-1.0,290.0,159.30941464285,-25.455798497398,0.0,26.867872139509,14.0,140.72989480761,-1.0,100.0,0.0,5.0,1.8,1.0,27.0
292.0,12.0,0.0,-1.0,291.0,164.4582098197,-17.34937376084,0.0,52.656392944069,-1.0,-1.0,-1.0,100.0,0.0,5.0,1.8,1.0,1.0
292.0,14.0,0.0,4.0,291.0,199.81683637967,-18.35392288921,0.0,15.877766947122,-1.0,-1.0,-1.0,100.0,0.0,5.0,1.8,1.0,4.0
292.0,16.0,0.0,-1.0,291.0,312.70480958366,148.11088225405,0.0,29.408468415099,6.0,3845.2415315849,-1.0,100.0,0.0,5.0,1.8,1.0,25.0
292.0,17.0,0.0,-1.0,288.0,243.42480179948,-68.427042814143,0.0,219.7537052321,-1.0,-1.0,-1.0,100.0,35.0,5.0,1.8,1.0,74.0
293.0,1.0,0.0,-1.0,287.0,146.88265931551,30.693828164606,0.0,25.471625137068,-1.0,-1.0,-1.0,100.0,0.0,5.0,1.8,1.0,9.0
293.0,4.0,0.0,-1.0,291.0,159.30941464285,-25.455798497398,0.0,26.867872139509,14.0,140.72989480761,-1.0,100.0,0.0,5.0,1.8,1.0,27.0
293.0,12.0,0.0,-1.0,292.0,164.4582098197,-17.34937376084,0.0,52.656392944069,-1.0,-1.0,-1.0,100.0,0.0,5.0,1.8,1.0,1.0
293.0,14.0,0.0,4.0,292.0,199.81683637967,-18.35392288921,0.0,15.877766947122,-1.0,-1.0,-1.0,100.0,0.0,5.0,1.8,1.0,4.0
293.0,16.0,0.0,-1.0,292.0,312.70480958366,148.11088225405,0.0,29.408468415099,6.0,3880.2415315849,-1.0,100.0,0.0,5.0,1.8,1.0,25.0
293.0,17.0,0.0,-1.0,289.0,243.62570179948,-68.616742814143,0.0,254.7537052321,-1.0,-1.0,-1.0,100.0,35.0,5.0,1.8,1.0,74.0
294.0,1.0,0.0,-1.0,288.0,146.88265931551,30.693828164606,0.0,25.471625137068,-1.0,-1.0,-1.0,100.0,0.0,5.0,1.8,1.0,9.0
294.0,4.0,0.0,-1.0,292.0,159.30941464285,-25.455798497398,0.0,26.867872139509,14.0,140.72989480761,-1.0,100.0,0.0,5.0,1.8,1.0,27.0
294.0,12.0,0.0,-1.0,293.0,164.4582098197,-17.34937376084,0.0,52.656392944069,-1.0,-1.0,-1.0,100.0,0.0,5.0,1.8,1.0,1.0
294.0,14.0,0.0,4.0,293.0,199.81683637967,-18.35392288921,0.0,15.877766947122,-1.0,-1.0,-1.0,100.0,0.0,5.0,1.8,1.0,4.0
294.0,16.0,0.0,-1.0,293.0,312.70480958366,148.11088225405,0.0,29.408468415099,6.0,3915.2415315849,-1.0,100.0,0.0,5.0,1.8,1.0,25.0
294.0,17.0,0.0,-1.0,290.0,243.82660179948,-68.806442814143,0.0,289.7537052321,-1.0,-1.0,-1.0,100.0,35.0,5.0,1.8,1.0,74.0
295.0,1.0,0.0,-1.0,289.0,146.88265931551,30.693828164606,0.0,25.471625137068,-1.0,-1.0,-1.0,100.0,0.0,5.0,1.8,1.0,9.0
295.0,4.0,0.0,-1.0,293.0,159.30941464285,-25.455798497398,0.0,26.867872139509,14.0,140.72989480761,-1.0,100.0,0.0,5.0,1.8,1.0,27.0
295.0,12.0,0.0,-1.0,294.0,164.4582098197,-17.34937376084,0.0,52.656392944069,-1.0,-1.0,-1.0,100.0,0.0,5.0,1.8,1.0,1.0
295.0,14.0,0.0,4.0,294.0,199.81683637967,-18.35392288921,0.0,15.877766947122,-1.0,-1.0,-1.0,100.0,0.0,5.0,1.8,1.0,4.0
295.0,16.0,0.0,-1.0,294.0,312.70480958366,148.11088225405,0.0,29.408468415099,6.0,3950.2415315849,-1.0,100.0,0.0,5.0,1.8,1.0,25.0
295.0,17.0,0.0,-1.0,291.0,244.02750179948,-68.996142814143,0.0,324.7537052321,-1.0,-1.0,-1.0,100.0,35.0,5.0,1.8,1.0,74.0
296.0,1.0,0.0,-1.0,290.0,146.88265931551,30.693828164606,0.0,25.471625137068,-1.0,-1.0,-1.0,100.0,0.0,5.0,1.8,1.0,9.0
296.0,4.0,0.0,-1.0,294.0,159.30941464285,-25.455798497398,0.0,26.867872139509,14.0,140.72989480761,-1.0,100.0,0.0,5.0,1.8,1.0,27.0
296.0,12.0,0.0,-1.0,295.0,164.4582098197,-17.34937376084,0.0,52.656392944069,-1.0,-1.0,-1.0,100.0,0.0,5.0,1.8,1.0,1.0
296.0,14.0,0.0,4.0,295.0,199.81683637967,-18.35392288921,0.0,15.877766947122,-1.0,-1.0,-1.0,100.0,0.0,5.0,1.8,1.0,4.0
296.0,16.0,0.0,-1.0,295.0,312.70480958366,148.11088225405,0.0,29.408468415099,-1.0,-1.0,-1.0,100.0,0.0,5.0,1.8,1.0,25.0
296.0,17.0,0.0,-1.0,292.0,244.22840179948,-69.185842814143,0.0,359.7537052321,-1.0,-1.0,-1.0,100.0,35.0,5.0,1.8,1.0,74.0
297.0,1.0,0.0,-1.0,291.0,146.88265931551,30.693828164606,0.0,25.471625137068,-1.0,-1.0,-1.0,100.0,0.0,5.0,1.8,1.0,9.0
297.0,4.0,0.0,-1.0,295.0,159.30941464285,-25.455798497398,0.0,26.867872139509,14.0,140.72989480761,-1.0,100.0,0.0,5.0,1.8,1.0,27.0
297.0,12.0,0.0,-1.0,296.0,164.4582098197,-17.34937376084,0.0,52.656392944069,-1.0,-1.0,-1.0,100.0,0.0,5.0,1.8,1.0,1.0
297.0,14.0,0.0,4.0,296.0,199.81683637967,-18.35392288921,0.0,15.877766947122,3.0,140.63614820447,-1.0,100.0,0.0,5.0,1.8,1.0,4.0
297.0,16.0,0.0,-1.0,296.0,312.70480958366,148.11088225405,0.0,29.408468415099,-1.0,-1.0,-1.0,100.0,0.0,5.0,1.8,1.0,25.0
297.0,17.0,0.0,-1.0,293.0,244.42930179948,-69.375542814143,0.0,394.7537052321,-1.0,-1.0,-1.0,100.0,35.0,5.0,1.8,1.0,74.0
298.0,1.0,0.0,-1.0,292.0,146.88265931551,30.693828164606,0.0,25.471625137068,-1.0,-1.0,-1.0,100.0,0.0,5.0,1.8,1.0,9.0
298.0,4.0,0.0,-1.0,296.0,159.30941464285,-25.455798497398,0.0,26.867872139509,14.0,140.72989480761,-1.0,100.0,0.0,5.0,1.8,1.0,27.0
298.0,12.0,0.0,-1.0,297.0,164.4582098197,-17.34937376084,0.0,52.656392944069,-1.0,-1.0,-1.0,100.0,0.0,5.0,1.8,1.0,1.0
298.0,14.0,0.0,4.0,297.0,199.81683637967,-18.35392288921,0.0,15.877766947122,3.0,195.50979114851,-1.0,100.0,0.0,5.0,1.8,1.0,4.0
298.0,16.0,0.0,-1.0,297.0,312.70480958366,148.11088225405,0.0,29.408468415099,-1.0,-1.0,-1.0,100.0,0.0,5.0,1.8,1.0,25.0
298.0,17.0,0.0,-1.0,294.0,244.63020179948,-69.565242814143,0.0,429.7537052321,-1.0,-1.0,-1.0,100.0,35.0,5.0,1.8,1.0,74.0
299.0,1.0,0.0,-1.0,293.0,146.88265931551,30.693828164606,0.0,25.471625137068,-1.0,-1.0,-1.0,100.0,0.0,5.0,1.8,1.0,9.0
299.0,4.0,0.0,-1.0,297.0,159.30941464285,-25.455798497398,0.0,26.867872139509,14.0,140.72989480761,-1.0,100.0,0.0,5.0,1.8,1.0,27.0
299.0,12.0,0.0,-1.0,298.0,164.4582098197,-17.34937376084,0.0,52.656392944069,-1.0,-1.0,-1.0,100.0,0.0,5.0,1.8,1.0,1.0
299.0,14.0,0.0,4.0,298.0,199.81683637967,-18.35392288921,0.0,15.877766947122,28.0,205.67744460037,-1.0,100.0,0.0,5.0,1.8,1.0,4.0
299.0,16.0,0.0,-1.0,298.0,312.70480958366,148.11088225405,0.0,29.408468415099,-1.0,-1.0,-1.0,100.0,0.0,5.0,1.8,1.0,25.0
299.0,17.0,0.0,-1.0,295.0,244.83110179948,-69.754942814143,0.0,464.7537052321,-1.0,-1.0,-1.0,100.0,35.0,5.0,1.8,1.0,74.0
300.0,1.0,0.0,-1.0,294.0,146.88265931551,30.693828164606,0.0,25.471625137068,-1.0,-1.0,-1.0,100.0,0.0,5.0,1.8,1.0,9.0
300.0,4.0,0.0,-1.0,298.0,159.30941464285,-25.455798497398,0.0,26.867872139509,14.0,140.72989480761,-1.0,100.0,0.0,5.0,1.8,1.0,27.0
300.0,12.0,0.0,-1.0,299.0,164.4582098197,-17.34937376084,0.0,52.656392944069,-1.0,-1.0,-1.0,100.0,0.0,5.0,1.8,1.0,1.0
300.0,14.0,0.0,4.0,299.0,199.81683637967,-18.35392288921,0.0,15.877766947122,28.0,217.43328687587,-1.0,100.0,0.0,5.0,1.8,1.0,4.0
300.0,16.0,0.0,-1.0,299.0,312.70480958366,148.11088225405,0.0,29.408468415099,-1.0,-1.0,-1.0,100.0,0.0,5.0,1.8,1.0,25.0
300.0,17.0,0.0,-1.0,296.0,245.03200179948,-69.944642814143,0.0,499.7537052321,-1.0,-1.0,-1.0,100.0,35.0,5.0,1.8,1.0,74.0
301.0,1.0,0.0,-1.0,295.0,146.88265931551,30.693828164606,0.0,25.471625137068,-1.0,-1.0,-1.0,100.0,0.0,5.0,1.8,1.0,9.0
301.0,4.0,0.0,-1.0,299.0,159.30941464285,-25.455798497398,0.0,26.867872139509,14.0,140.72989480761,-1.0,100.0,0.0,5.0,1.8,1.0,27.0
301.0,12.0,0.0,-1.0,300.0,164.4582098197,-17.34937376084,0.0,52.656392944069,-1.0,-1.0,-1.0,100.0,0.0,5.0,1.8,1.0,1.0
301.0,14.0,0.0,4.0,300.0,199.81683637967,-18.35392288921,0.0,15.877766947122,28.0,230.4629852967,-1.0,100.0,0.0,5.0,1.8,1.0,4.0
301.0,16.0,0.0,-1.0,300.0,312.70480958366,148.11088225405,0.0,29.408468415099,-1.0,-1.0,-1.0,100.0,0.0,5.0,1.8,1.0,25.0
301.0,17.0,0.0,-1.0,297.0,243.82741690811,-78.456553250366,0.0,25.363705232101,-1.0,-1.0,-1.0,100.0,35.0,5.0,1.8,1.0,128.0
302.0,1.0,0.0,-1.0,296.0,146.88265931551,30.693828164606,0.0,25.471625137068,-1.0,-1.0,-1.0,100.0,0.0,5.0,1.8,1.0,9.0
302.0,4.0,0.0,-1.0,300.0,159.30941464285,-25.455798497398,0.0,26.867872139509,14.0,140.72989480761,-1.0,100.0,0.0,5.0,1.8,1.0,27.0
302.0,12.0,0.0,-1.0,301.0,164.4582098197,-17.34937376084,0.0,52.656392944069,-1.0,-1.0,-1.0,100.0,0.0,5.0,1.8,1.0,1.0
302.0,14.0,0.0,4.0,301.0,199.81683637967,-18.35392288921,0.0,15.877766947122,28.0,243.16331242411,-1.0,100.0,0.0,5.0,1.8,1.0,4.0
302.0,16.0,0.0,-1.0,301.0,312.70480958366,148.11088225405,0.0,29.408468415099,-1.0,-1.0,-1.0,100.0,0.0,5.0,1.8,1.0,25.0
302.0,17.0,0.0,-1.0,298.0,243.12916690811,-79.083053250365,0.0,60.363705232101,-1.0,-1.0,-1.0,100.0,35.0,5.0,1.8,1.0,128.0
303.0,1.0,0.0,-1.0,297.0,146.88265931551,30.693828164606,0.0,25.471625137068,-1.0,-1.0,-1.0,100.0,0.0,5.0,1.8,1.0,9.0
303.0,4.0,0.0,-1.0,301.0,159.30941464285,-25.455798497398,0.0,26.867872139509,14.0,140.72989480761,-1.0,100.0,0.0,5.0,1.8,1.0,27.0
303.0,12.0,0.0,-1.0,302.0,164.4582098197,-17.34937376084,0.0,52.656392944069,-1.0,-1.0,-1.0,100.0,0.0,5.0,1.8,1.0,1.0
303.0,14.0,0.0,4.0,302.0,199.81683637967,-18.35392288921,0.0,15.877766947122,28.0,255.26373897856,-1.0,100.0,0.0,5.0,1.8,1.0,4.0
303.0,16.0,0.0,-1.0,302.0,312.70480958366,148.11088225405,0.0,29.408468415099,-1.0,-1.0,-1.0,100.0,0.0,5.0,1.8,1.0,25.0
303.0,17.0,0.0,-1.0,299.0,242.43091690811,-79.709553250366,0.0,95.363705232101,-1.0,-1.0,-1.0,100.0,35.0,5.0,1.8,1.0,128.0
304.0,1.0,0.0,-1.0,298.0,146.88265931551,30.693828164606,0.0,25.471625137068,-1.0,-1.0,-1.0,100.0,0.0,5.0,1.8,1.0,9.0
304.0,4.0,0.0,-1.0,302.0,159.30941464285,-25.455798497398,0.0,26.867872139509,14.0,140.72989480761,-1.0,100.0,0.0,5.0,1.8,1.0,27.0
304.0,12.0,0.0,-1.0,303.0,164.4582098197,-17.34937376084,0.0,52.656392944069,-1.0,-1.0,-1.0,100.0,0.0,5.0,1.8,1.0,1.0
304.0,14.0,0.0,4.0,303.0,199.81683637967,-18.35392288921,0.0,15.877766947122,28.0,267.2576470254,-1.0,100.0,0.0,5.0,1.8,1.0,4.0
304.0,16.0,0.0,-1.0,303.0,312.70480958366,148.11088225405,0.0,29.408468415099,-1.0,-1.0,-1.0,100.0,0.0,5.0,1.8,1.0,25.0
304.0,17.0,0.0,-1.0,300.0,241.73266690811,-80.336053250366,0.0,130.3637052321,-1.0,-1.0,-1.0,100.0,35.0,5.0,1.8,1.0,128.0
305.0,1.0,0.0,-1.0,299.0,146.88265931551,30.693828164606,0.0,25.471625137068,-1.0,-1.0,-1.0,100.0,0.0,5.0,1.8,1.0,9.0
305.0,4.0,0.0,-1.0,303.0,159.30941464285,-25.455798497398,0.0,26.867872139509,14.0,140.72989480761,-1.0,100.0,0.0,5.0,1.8,1.0,27.0
305.0,12.0,0.0,-1.0,304.0,164.4582098197,-17.34937376084,0.0,52.656392944069,-1.0,-1.0,-1.0,100.0,0.0,5.0,1.8,1.0,1.0
305.0,14.0,0.0,4.0,304.0,199.81683637967,-18.35392288921,0.0,15.877766947122,28.0,278.33505618232,-1.0,100.0,0.0,5.0,1.8,1.0,4.0
305.0,16.0,0.0,-1.0,304.0,312.70480958366,148.11088225405,0.0,29.408468415099,-1.0,-1.0,-1.0,100.0,0.0,5.0,1.8,1.0,25.0
305.0,17.0,0.0,-1.0,301.0,241.03441690811,-80.962553250365,0.0,165.3637052321,-1.0,-1.0,-1.0,100.0,35.0,5.0,1.8,1.0,128.0
306.0,1.0,0.0,-1.0,300.0,146.88265931551,30.693828164606,0.0,25.471625137068,-1.0,-1.0,-1.0,100.0,0.0,5.0,1.8,1.0,9.0
306.0,4.0,0.0,-1.0,304.0,159.30941464285,-25.455798497398,0.0,26.867872139509,14.0,254.20212786049,-1.0,100.0,0.0,5.0,1.8,1.0,27.0
306.0,12.0,0.0,-1.0,305.0,164.4582098197,-17.34937376084,0.0,52.656392944069,-1.0,-1.0,-1.0,100.0,0.0,5.0,1.8,1.0,1.0
306.0,16.0,0.0,-1.0,305.0,312.70480958366,148.11088225405,0.0,29.408468415099,-1.0,-1.0,-1.0,100.0,0.0,5.0,1.8,1.0,25.0
306.0,17.0,0.0,-1.0,302.0,240.10840825075,-81.861213347004,0.0,0.3637052321011,-1.0,-1.0,-1.0,100.0,35.0,5.0,1.8,1.0,1.0
307.0,1.0,0.0,-1.0,301.0,146.88265931551,30.693828164606,0.0,25.471625137068,-1.0,-1.0,-1.0,100.0,0.0,5.0,1.8,1.0,9.0
307.0,4.0,0.0,-1.0,305.0,159.30941464285,-25.455798497398,0.0,26.867872139509,-1.0,-1.0,-1.0,100.0,0.0,5.0,1.8,1.0,27.0
307.0,12.0,0.0,-1.0,306.0,164.4582098197,-17.34937376084,0.0,52.656392944069,-1.0,-1.0,-1.0,100.0,0.0,5.0,1.8,1.0,1.0
307.0,14.0,-4.5,-1.0,1.0,206.13120773045,19.161281157529,0.0,14.39,-1.0,-1.0,-1.0,100.0,9.39,5.0,1.8,1.0,26.0
307.0,17.0,0.0,-1.0,303.0,238.96679021113,-88.731460901862,0.0,31.233705232101,-1.0,-1.0,-1.0,100.0,35.0,5.0,1.8,1.0,1.0
308.0,1.0,0.0,-1.0,302.0,146.88265931551,30.693828164606,0.0,25.471625137068,-1.0,-1.0,-1.0,100.0,0.0,5.0,1.8,1.0,9.0
308.0,12.0,0.0,-1.0,307.0,164.4582098197,-17.34937376084,0.0,52.656392944069,-1.0,-1.0,-1.0,100.0,0.0,5.0,1.8,1.0,1.0
308.0,14.0,-4.5,-1.0,2.0,202.79818962803,18.628975147055,0.0,19.28,-1.0,-1.0,-1.0,100.0,4.89,5.0,1.8,1.0,32.0
308.0,17.0,0.0,-1.0,304.0,239.04845687779,-92.561627568529,0.0,66.233705232101,-1.0,-1.0,-1.0,100.0,35.0,5.0,1.8,1.0,1.0
309.0,1.0,0.0,-1.0,303.0,146.88265931551,30.693828164606,0.0,25.471625137068,-1.0,-1.0,-1.0,100.0,0.0,5.0,1.8,1.0,9.0
309.0,12.0,0.0,-1.0,308.0,164.4582098197,-17.34937376084,0.0,52.656392944069,-1.0,-1.0,-1.0,100.0,0.0,5.0,1.8,1.0,1.0
309.0,14.0,-4.5,-1.0,3.0,199.63581245489,17.818375090218,0.0,19.67,31.0,222.01162974534,569.26058909063,100.0,0.39,5.0,1.8,1.0,5.0
309.0,17.0,0.0,-1.0,305.0,239.13012354446,-96.391794235196,0.0,101.2337052321,-1.0,-1.0,-1.0,100.0,35.0,5.0,1.8,1.0,1.0
310.0,1.0,0.0,-1.0,304.0,146.88265931551,30.693828164606,0.0,25.471625137068,-1.0,-1.0,-1.0,100.0,0.0,5.0,1.8,1.0,9.0
310.0,14.0,-0.39,-1.0,4.0,199.63730384615,17.815392307692,0.0,19.67,31.0,231.82654054774,-1.0,100.0,0.0,5.0,1.8,1.0,5.0
310.0,17.0,0.0,-1.0,306.0,239.21179021113,-100.22196090186,0.0,136.2337052321,-1.0,-1.0,-1.0,100.0,35.0,5.0,1.8,1.0,1.0
311.0,1.0,0.0,-1.0,305.0,146.88265931551,30.693828164606,0.0,25.471625137068,-1.0,-1.0,-1.0,100.0,0.0,5.0,1.8,1.0,9.0
311.0,12.0,-4.5,-1.0,1.0,188.19893323282,-23.240597185457,0.0,14.39,-1.0,-1.0,-1.0,100.0,9.39,5.0,1.8,1.0,113.0
311.0,14.0,0.0,-1.0,5.0,199.63730384615,17.815392307692,0.0,19.67,-1.0,-1.0,-1.0,100.0,0.0,5.0,1.8,1.0,5.0
311.0,17.0,0.0,-1.0,307.0,239.29345687779,-104.05212756853,0.0,171.2337052321,-1.0,-1.0,-1.0,100.0,35.0,5.0,1.8,1.0,1.0
312.0,1.0,0.0,-1.0,306.0,146.88265931551,30.693828164606,0.0,25.471625137068,-1.0,-1.0,-1.0,100.0,0.0,5.0,1.8,1.0,9.0
312.0,12.0,-4.5,-1.0,2.0,188.85415738494,-22.85710213328,0.0,19.28,-1.0,-1.0,-1.0,100.0,4.89,5.0,1.8,1.0,113.0
312.0,14.0,0.0,4.0,6.0,199.63730384615,17.815392307692,0.0,19.67,-1.0,-1.0,-1.0,100.0,0.0,5.0,1.8,1.0,5.0
312.0,17.0,0.0,-1.0,308.0,239.37512354446,-107.8822942352,0.0,206.2337052321,-1.0,-1.0,-1.0,100.0,35.0,5.0,1.8,1.0,1.0
313.0,1.0,0.0,-1.0,307.0,146.88265931551,30.693828164606,0.0,25.471625137068,-1.0,-1.0,-1.0,100.0,0.0,5.0,1.8,1.0,9.0
313.0,12.0,-4.5,-1.0,3.0,188.88113583695,-22.841227623977,0.0,19.67,-1.0,-1.0,-1.0,100.0,0.39,5.0,1.8,1.0,113.0
313.0,14.0,0.0,4.0,7.0,199.63730384615,17.815392307692,0.0,19.67,-1.0,-1.0,-1.0,100.0,0.0,5.0,1.8,1.0,5.0
313.0,17.0,0.0,-1.0,309.0,239.45679021113,-111.71246090186,0.0,241.2337052321,-1.0,-1.0,-1.0,100.0,35.0,5.0,1.8,1.0,1.0
314.0,1.0,0.0,-1.0,308.0,146.88265931551,30.693828164606,0.0,25.471625137068,31.0,7.8897928029483,-1.0,100.0,0.0,5.0,1.8,1.0,9.0
314.0,12.0,-0.39,-1.0,4.0,188.87875803498,-22.842618023155,0.0,19.67,-1.0,-1.0,-1.0,100.0,0.0,5.0,1.8,1.0,113.0
314.0,14.0,0.0,4.0,8.0,199.63730384615,17.815392307692,0.0,19.67,-1.0,-1.0,-1.0,100.0,0.0,5.0,1.8,1.0,5.0
314.0,17.0,0.0,-1.0,310.0,239.53845687779,-115.54262756853,0.0,276.2337052321,-1.0,-1.0,-1.0,100.0,35.0,5.0,1.8,1.0,1.0
315.0,1.0,0.0,-1.0,309.0,146.88265931551,30.693828164606,0.0,25.471625137068,31.0,18.114792837864,-1.0,100.0,0.0,5.0,1.8,1.0,9.0
315.0,12.0,0.0,-1.0,5.0,188.87875803498,-22.842618023155,0.0,19.67,-1.0,-1.0,-1.0,100.0,0.0,5.0,1.8,1.0,113.0
315.0,14.0,0.0,4.0,9.0,199.63730384615,17.815392307692,0.0,19.67,-1.0,-1.0,-1.0,100.0,0.0,5.0,1.8,1.0,5.0
315.0,17.0,0.0,-1.0,311.0,233.83574159903,-123.59194214878,0.0,2.2037052321011,-1.0,-1.0,-1.0,100.0,35.0,5.0,1.8,1.0,35.0
316.0,1.0,0.0,-1.0,310.0,146.88265931551,30.693828164606,0.0,25.471625137068,31.0,27.652548213001,-1.0,100.0,0.0,5.0,1.8,1.0,9.0
316.0,12.0,0.0,-1.0,6.0,188.87875803498,-22.842618023155,0.0,19.67,-1.0,-1.0,-1.0,100.0,0.0,5.0,1.8,1.0,113.0
316.0,14.0,0.0,4.0,10.0,199.63730384615,17.815392307692,0.0,19.67,-1.0,-1.0,-1.0,100.0,0.0,5.0,1.8,1.0,5.0
316.0,17.0,0.0,-1.0,312.0,233.1400470124,-123.55318094147,0.0,37.203705232101,-1.0,-1.0,-1.0,100.0,35.0,5.0,1.8,1.0,35.0
317.0,1.0,0.0,-1.0,311.0,146.88265931551,30.693828164606,0.0,25.471625137068,31.0,37.665314659095,-1.0,100.0,0.0,5.0,1.8,1.0,9.0
317.0,12.0,0.0,-1.0,7.0,188.87875803498,-22.842618023155,0.0,19.67,-1.0,-1.0,-1.0,100.0,0.0,5.0,1.8,1.0,113.0
317.0,14.0,0.0,4.0,11.0,199.63730384615,17.815392307692,0.0,19.67,-1.0,-1.0,-1.0,100.0,0.0,5.0,1.8,1.0,5.0
317.0,17.0,0.0,-1.0,313.0,232.44720643247,-123.5480453307,0.0,72.203705232101,-1.0,-1.0,-1.0,100.0,35.0,5.0,1.8,1.0,35.0
318.0,1.0,0.0,-1.0,312.0,146.88265931551,30.693828164606,0.0,25.471625137068,31.0,47.275340760528,-1.0,100.0,0.0,5.0,1.8,1.0,9.0
318.0,12.0,0.0,-1.0,8.0,188.87875803498,-22.842618023155,0.0,19.67,-1.0,-1.0,-1.0,100.0,0.0,5.0,1.8,1.0,113.0
318.0,14.0,0.0,4.0,12.0,199.63730384615,17.815392307692,0.0,19.67,-1.0,-1.0,-1.0,100.0,0.0,5.0,1.8,1.0,5.0
318.0,17.0,0.0,-1.0,314.0,231.75436585254,-123.54290971993,0.0,107.2037052321,-1.0,-1.0,-1.0,100.0,35.0,5.0,1.8,1.0,35.0
319.0,1.0,0.0,-1.0,313.0,146.88265931551,30.693828164606,0.0,25.471625137068,31.0,56.466838561158,-1.0,100.0,0.0,5.0,1.8,1.0,9.0
319.0,12.0,0.0,-1.0,9.0,188.87875803498,-22.842618023155,0.0,19.67,-1.0,-1.0,-1.0,100.0,0.0,5.0,1.8,1.0,113.0
319.0,14.0,0.0,4.0,13.0,199.63730384615,17.815392307692,0.0,19.67,-1.0,-1.0,-1.0,100.0,0.0,5.0,1.8,1.0,5.0
319.0,17.0,0.0,-1.0,315.0,231.06152527261,-123.53777410916,0.0,142.2037052321,-1.0,-1.0,-1.0,100.0,35.0,5.0,1.8,1.0,35.0
320.0,1.0,0.0,-1.0,314.0,146.88265931551,30.693828164606,0.0,25.471625137068,31.0,66.610839204082,-1.0,100.0,0.0,5.0,1.8,1.0,9.0
320.0,12.0,0.0,-1.0,10.0,188.87875803498,-22.842618023155,0.0,19.67,-1.0,-1.0,-1.0,100.0,0.0,5.0,1.8,1.0,113.0
320.0,14.0,0.0,4.0,14.0,199.63730384615,17.815392307692,0.0,19.67,-1.0,-1.0,-1.0,100.0,0.0,5.0,1.8,1.0,5.0
320.0,17.0,0.0,-1.0,316.0,230.36868469267,-123.5326384984,0.0,177.2037052321,-1.0,-1.0,-1.0,100.0,35.0,5.0,1.8,1.0,35.0
321.0,1.0,0.0,-1.0,315.0,146.88265931551,30.693828164606,0.0,25.471625137068,31.0,73.236511012871,-1.0,100.0,0.0,5.0,1.8,1.0,9.0
321.0,12.0,0.0,-1.0,11.0,188.87875803498,-22.842618023155,0.0,19.67,-1.0,-1.0,-1.0,100.0,0.0,5.0,1.8,1.0,113.0
321.0,14.0,0.0,4.0,15.0,199.63730384615,17.815392307692,0.0,19.67,-1.0,-1.0,-1.0,100.0,0.0,5.0,1.8,1.0,5.0
321.0,17.0,0.0,-1.0,317.0,229.67584411274,-123.52750288763,0.0,212.2037052321,-1.0,-1.0,-1.0,100.0,35.0,5.0,1.8,1.0,35.0
322.0,1.0,0.0,-1.0,316.0,146.88265931551,30.693828164606,0.0,25.471625137068,31.0,79.892600920309,-1.0,100.0,0.0,5.0,1.8,1.0,9.0
322.0,12.0,0.0,-1.0,12.0,188.87875803498,-22.842618023155,0.0,19.67,-1.0,-1.0,-1.0,100.0,0.0,5.0,1.8,1.0,113.0
322.0,14.0,0.0,4.0,16.0,199.63730384615,17.815392307692,0.0,19.67,-1.0,-1.0,-1.0,100.0,0.0,5.0,1.8,1.0,5.0
322.0,17.0,0.0,-1.0,318.0,228.98300353281,-123.52236727686,0.0,247.2037052321,-1.0,-1.0,-1.0,100.0,35.0,5.0,1.8,1.0,35.0
323.0,1.0,0.0,-1.0,317.0,146.88265931551,30.693828164606,0.0,25.471625137068,31.0,86.644447148471,-1.0,100.0,0.0,5.0,1.8,1.0,9.0
323.0,12.0,0.0,-1.0,13.0,188.87875803498,-22.842618023155,0.0,19.67,-1.0,-1.0,-1.0,100.0,0.0,5.0,1.8,1.0,113.0
323.0,14.0,0.0,4.0,17.0,199.63730384615,17.815392307692,0.0,19.67,-1.0,-1.0,-1.0,100.0,0.0,5.0,1.8,1.0,5.0
323.0,17.0,0.0,-1.0,319.0,228.29016295288,-123.51723166609,0.0,282.2037052321,-1.0,-1.0,-1.0,100.0,35.0,5.0,1.8,1.0,35.0
324.0,1.0,0.0,-1.0,318.0,146.88265931551,30.693828164606,0.0,25.471625137068,31.0,95.363866609583,-1.0,100.0,0.0,5.0,1.8,1.0,9.0
324.0,12.0,0.0,-1.0,14.0,188.87875803498,-22.842618023155,0.0,19.67,-1.0,-1.0,-1.0,100.0,0.0,5.0,1.8,1.0,113.0
324.0,14.0,0.0,4.0,18.0,199.63730384615,17.815392307692,0.0,19.67,-1.0,-1.0,-1.0,100.0,0.0,5.0,1.8,1.0,5.0
324.0,17.0,0.0,-1.0,320.0,227.59732237295,-123.51209605533,0.0,317.2037052321,-1.0,-1.0,-1.0,100.0,35.0,5.0,1.8,1.0,35.0
325.0,12.0,0.0,-1.0,15.0,188.87875803498,-22.842618023155,0.0,19.67,-1.0,-1.0,-1.0,100.0,0.0,5.0,1.8,1.0,113.0
325.0,14.0,0.0,4.0,19.0,199.63730384615,17.815392307692,0.0,19.67,-1.0,-1.0,-1.0,100.0,0.0,5.0,1.8,1.0,5.0
325.0,17.0,0.0,-1.0,321.0,226.90448179301,-123.50696044456,0.0,352.2037052321,-1.0,-1.0,-1.0,100.0,35.0,5.0,1.8,1.0,35.0
326.0,1.0,-0.5,-1.0,1.0,128.57442484677,10.939791377506,0.0,26.5,-1.0,-1.0,-1.0,100.0,21.5,5.0,1.8,1.0,6.0
326.0,12.0,0.0,-1.0,16.0,188.87875803498,-22.842618023155,0.0,19.67,-1.0,-1.0,-1.0,100.0,0.0,5.0,1.8,1.0,113.0
326.0,14.0,0.0,4.0,20.0,199.63730384615,17.815392307692,0.0,19.67,-1.0,-1.0,-1.0,100.0,0.0,5.0,1.8,1.0,5.0
326.0,17.0,0.0,-1.0,322.0,226.21164121308,-123.50182483379,0.0,387.2037052321,-1.0,-1.0,-1.0,100.0,35.0,5.0,1.8,1.0,35.0
327.0,1.0,-0.5,-1.0,2.0,128.09677388134,10.939652120665,0.0,47.5,-1.0,-1.0,-1.0,100.0,21.0,5.0,1.8,1.0,6.0
327.0,12.0,0.0,-1.0,17.0,188.87875803498,-22.842618023155,0.0,19.67,-1.0,-1.0,-1.0,100.0,0.0,5.0,1.8,1.0,113.0
327.0,14.0,0.0,4.0,21.0,199.63730384615,17.815392307692,0.0,19.67,-1.0,-1.0,-1.0,100.0,0.0,5.0,1.8,1.0,5.0
327.0,17.0,0.0,-1.0,323.0,225.51880063315,-123.49668922302,0.0,422.2037052321,-1.0,-1.0,-1.0,100.0,35.0,5.0,1.8,1.0,35.0
328.0,1.0,-0.5,-1.0,3.0,127.63055624925,10.939516197157,0.0,68.0,-1.0,-1.0,-1.0,100.0,20.5,5.0,1.8,1.0,6.0
328.0,12.0,0.0,-1.0,18.0,188.87875803498,-22.842618023155,0.0,19.67,-1.0,-1.0,-1.0,100.0,0.0,5.0,1.8,1.0,113.0
328.0,14.0,0.0,4.0,22.0,199.63730384615,17.815392307692,0.0,19.67,-1.0,-1.0,-1.0,100.0,0.0,5.0,1.8,1.0,5.0
328.0,17.0,0.0,-1.0,324.0,224.82596005322,-123.49155361225,0.0,457.2037052321,-1.0,-1.0,-1.0,100.0,35.0,5.0,1.8,1.0,35.0
329.0,1.0,-0.5,-1.0,4.0,127.17577195049,10.939383606983,0.0,88.0,-1.0,-1.0,-1.0,100.0,20.0,5.0,1.8,1.0,6.0
329.0,12.0,0.0,-1.0,19.0,188.87875803498,-22.842618023155,0.0,19.67,-1.0,-1.0,-1.0,100.0,0.0,5.0,1.8,1.0,113.0
329.0,14.0,0.0,4.0,23.0,199.63730384615,17.815392307692,0.0,19.67,-1.0,-1.0,-1.0,100.0,0.0,5.0,1.8,1.0,5.0
329.0,17.0,0.0,-1.0,325.0,224.13311947329,-123.48641800149,0.0,492.2037052321,-1.0,-1.0,-1.0,100.0,35.0,5.0,1.8,1.0,35.0
330.0,1.0,-0.5,-1.0,5.0,126.73242098506,10.939254350141,0.0,107.5,-1.0,-1.0,-1.0,100.0,19.5,5.0,1.8,1.0,6.0
330.0,12.0,0.0,-1.0,20.0,188.87875803498,-22.842618023155,0.0,19.67,-1.0,-1.0,-1.0,100.0,0.0,5.0,1.8,1.0,113.0
330.0,14.0,0.0,4.0,24.0,199.63730384615,17.815392307692,0.0,19.67,-1.0,-1.0,-1.0,100.0,0.0,5.0,1.8,1.0,5.0
330.0,17.0,0.0,-1.0,326.0,223.44027889336,-123.48128239072,0.0,527.2037052321,-1.0,-1.0,-1.0,100.0,35.0,5.0,1.8,1.0,35.0
331.0,1.0,-0.5,-1.0,6.0,126.30050335296,10.939128426634,0.0,126.5,-1.0,-1.0,-1.0,100.0,19.0,5.0,1.8,1.0,6.0
331.0,12.0,0.0,-1.0,21.0,188.87875803498,-22.842618023155,0.0,19.67,-1.0,-1.0,-1.0,100.0,0.0,5.0,1.8,1.0,113.0
331.0,14.0,0.0,4.0,25.0,199.63730384615,17.815392307692,0.0,19.67,-1.0,-1.0,-1.0,100.0,0.0,5.0,1.8,1.0,5.0
331.0,17.0,0.0,-1.0,327.0,222.74743831342,-123.47614677995,0.0,562.2037052321,-1.0,-1.0,-1.0,100.0,35.0,5.0,1.8,1.0,35.0
332.0,1.0,-0.5,-1.0,7.0,125.8800190542,10.939005836459,0.0,145.0,-1.0,-1.0,-1.0,100.0,18.5,5.0,1.8,1.0,6.0
332.0,12.0,0.0,-1.0,22.0,188.87875803498,-22.842618023155,0.0,19.67,-1.0,-1.0,-1.0,100.0,0.0,5.0,1.8,1.0,113.0
332.0,14.0,0.0,4.0,26.0,199.63730384615,17.815392307692,0.0,19.67,-1.0,-1.0,-1.0,100.0,0.0,5.0,1.8,1.0,5.0
332.0,17.0,0.0,-1.0,328.0,222.05459773349,-123.47101116918,0.0,597.2037052321,-1.0,-1.0,-1.0,100.0,35.0,5.0,1.8,1.0,35.0
333.0,1.0,-0.5,-1.0,8.0,125.47096808877,10.938886579618,0.0,163.0,-1.0,-1.0,-1.0,100.0,18.0,5.0,1.8,1.0,6.0
333.0,12.0,0.0,-1.0,23.0,188.87875803498,-22.842618023155,0.0,19.67,-1.0,-1.0,-1.0,100.0,0.0,5.0,1.8,1.0,113.0
333.0,14.0,0.0,4.0,27.0,199.63730384615,17.815392307692,0.0,19.67,-1.0,-1.0,-1.0,100.0,0.0,5.0,1.8,1.0,5.0
333.0,17.0,0.0,-1.0,329.0,221.36175715356,-123.46587555842,0.0,632.2037052321,-1.0,-1.0,-1.0,100.0,35.0,5.0,1.8,1.0,35.0
334.0,1.0,-0.5,-1.0,9.0,125.07335045668,10.93877065611,0.0,180.5,-1.0,-1.0,-1.0,100.0,17.5,5.0,1.8,1.0,6.0
334.0,12.0,0.0,-1.0,24.0,188.87875803498,-22.842618023155,0.0,19.67,-1.0,-1.0,-1.0,100.0,0.0,5.0,1.8,1.0,113.0
334.0,14.0,0.0,4.0,28.0,199.63730384615,17.815392307692,0.0,19.67,-1.0,-1.0,-1.0,100.0,0.0,5.0,1.8,1.0,5.0
334.0,17.0,0.0,-1.0,330.0,220.66891657363,-123.46073994765,0.0,667.2037052321,-1.0,-1.0,-1.0,100.0,35.0,5.0,1.8,1.0,35.0
335.0,1.0,-0.5,-1.0,10.0,124.68716615791,10.938658065935,0.0,197.5,-1.0,-1.0,-1.0,100.0,17.0,5.0,1.8,1.0,6.0
335.0,12.0,0.0,-1.0,25.0,188.87875803498,-22.842618023155,0.0,19.67,-1.0,-1.0,-1.0,100.0,0.0,5.0,1.8,1.0,113.0
335.0,14.0,0.0,4.0,29.0,199.63730384615,17.815392307692,0.0,19.67,-1.0,-1.0,-1.0,100.0,0.0,5.0,1.8,1.0,5.0
335.0,17.0,0.0,-1.0,331.0,219.9760759937,-123.45560433688,0.0,702.2037052321,-1.0,-1.0,-1.0,100.0,35.0,5.0,1.8,1.0,35.0
336.0,1.0,-0.5,-1.0,11.0,124.31241519248,10.938548809094,0.0,214.0,-1.0,-1.0,-1.0,100.0,16.5,5.0,1.8,1.0,6.0
336.0,12.0,0.0,-1.0,26.0,188.87875803498,-22.842618023155,0.0,19.67,-1.0,-1.0,-1.0,100.0,0.0,5.0,1.8,1.0,113.0
336.0,14.0,0.0,4.0,30.0,199.63730384615,17.815392307692,0.0,19.67,-1.0,-1.0,-1.0,100.0,0.0,5.0,1.8,1.0,5.0
336.0,17.0,0.0,-1.0,332.0,219.28323541376,-123.45046872611,0.0,737.2037052321,-1.0,-1.0,-1.0,100.0,35.0,5.0,1.8,1.0,35.0
337.0,1.0,-0.5,-1.0,12.0,123.94909756039,10.938442885586,0.0,230.0,-1.0,-1.0,-1.0,100.0,16.0,5.0,1.8,1.0,6.0
337.0,12.0,0.0,-1.0,27.0,188.87875803498,-22.842618023155,0.0,19.67,-1.0,-1.0,-1.0,100.0,0.0,5.0,1.8,1.0,113.0
337.0,14.0,0.0,4.0,31.0,199.63730384615,17.815392307692,0.0,19.67,-1.0,-1.0,-1.0,100.0,0.0,5.0,1.8,1.0,5.0
337.0,17.0,0.0,-1.0,333.0,218.5903943801,-123.44539473423,0.0,772.2037052321,-1.0,-1.0,-1.0,100.0,35.0,5.0,1.8,1.0,35.0
338.0,1.0,-0.5,-1.0,13.0,123.59721326163,10.938340295412,0.0,245.5,-1.0,-1.0,-1.0,100.0,15.5,5.0,1.8,1.0,6.0
338.0,12.0,0.0,-1.0,28.0,188.87875803498,-22.842618023155,0.0,19.67,-1.0,-1.0,-1.0,100.0,0.0,5.0,1.8,1.0,113.0
338.0,14.0,0.0,4.0,32.0,199.63730384615,17.815392307692,0.0,19.67,-1.0,-1.0,-1.0,100.0,0.0,5.0,1.8,1.0,5.0
338.0,17.0,0.0,-1.0,334.0,217.89755330087,-123.44032693115,0.0,807.2037052321,-1.0,-1.0,-1.0,100.0,35.0,5.0,1.8,1.0,35.0
339.0,1.0,-0.5,-1.0,14.0,123.2567622962,10.93824103857,0.0,260.5,-1.0,-1.0,-1.0,100.0,15.0,5.0,1.8,1.0,6.0
339.0,12.0,0.0,-1.0,29.0,188.87875803498,-22.842618023155,0.0,19.67,-1.0,-1.0,-1.0,100.0,0.0,5.0,1.8,1.0,113.0
339.0,14.0,0.0,4.0,33.0,199.63730384615,17.815392307692,0.0,19.67,-1.0,-1.0,-1.0,100.0,0.0,5.0,1.8,1.0,5.0
339.0,17.0,0.0,-1.0,335.0,217.20471222164,-123.43525912806,0.0,842.2037052321,-1.0,-1.0,-1.0,100.0,35.0,5.0,1.8,1.0,35.0
340.0,1.0,-0.5,-1.0,15.0,122.9277446641,10.938145115062,0.0,275.0,-1.0,-1.0,-1.0,100.0,14.5,5.0,1.8,1.0,6.0
340.0,12.0,0.0,-1.0,30.0,188.87875803498,-22.842618023155,0.0,19.67,-1.0,-1.0,-1.0,100.0,0.0,5.0,1.8,1.0,113.0
340.0,14.0,0.0,4.0,34.0,199.63730384615,17.815392307692,0.0,19.67,-1.0,-1.0,-1.0,100.0,0.0,5.0,1.8,1.0,5.0
340.0,17.0,0.0,-1.0,336.0,216.51187114241,-123.43019132497,0.0,877.2037052321,-1.0,-1.0,-1.0,100.0,35.0,5.0,1.8,1.0,35.0
341.0,1.0,-0.5,-1.0,16.0,122.61016036534,10.938052524888,0.0,289.0,-1.0,-1.0,-1.0,100.0,14.0,5.0,1.8,1.0,6.0
341.0,12.0,0.0,-1.0,31.0,188.87875803498,-22.842618023155,0.0,19.67,-1.0,-1.0,-1.0,100.0,0.0,5.0,1.8,1.0,113.0
341.0,14.0,0.0,4.0,35.0,199.63730384615,17.815392307692,0.0,19.67,-1.0,-1.0,-1.0,100.0,0.0,5.0,1.8,1.0,5.0
341.0,17.0,0.0,-1.0,337.0,215.81903006318,-123.42512352188,0.0,912.2037052321,-1.0,-1.0,-1.0,100.0,35.0,5.0,1.8,1.0,35.0
342.0,1.0,-0.5,-1.0,17.0,122.30400939991,10.937963268047,0.0,302.5,-1.0,-1.0,-1.0,100.0,13.5,5.0,1.8,1.0,6.0
342.0,12.0,0.0,-1.0,32.0,188.87875803498,-22.842618023155,0.0,19.67,-1.0,-1.0,-1.0,100.0,0.0,5.0,1.8,1.0,113.0
342.0,14.0,0.0,4.0,36.0,199.63730384615,17.815392307692,0.0,19.67,-1.0,-1.0,-1.0,100.0,0.0,5.0,1.8,1.0,5.0
342.0,17.0,0.0,-1.0,338.0,215.12618898395,-123.4200557188,0.0,947.2037052321,-1.0,-1.0,-1.0,100.0,35.0,5.0,1.8,1.0,35.0
343.0,1.0,-0.5,-1.0,18.0,122.00929176782,10.937877344539,0.0,315.5,-1.0,-1.0,-1.0,100.0,13.0,5.0,1.8,1.0,6.0
343.0,12.0,0.0,-1.0,33.0,188.87875803498,-22.842618023155,0.0,19.67,-1.0,-1.0,-1.0,100.0,0.0,5.0,1.8,1.0,113.0
343.0,14.0,0.0,4.0,37.0,199.63730384615,17.815392307692,0.0,19.67,-1.0,-1.0,-1.0,100.0,0.0,5.0,1.8,1.0,5.0
343.0,17.0,0.0,-1.0,339.0,214.43334790472,-123.41498791571,0.0,982.2037052321,-1.0,-1.0,-1.0,100.0,35.0,5.0,1.8,1.0,35.0
344.0,1.0,-0.5,-1.0,19.0,121.72600746905,10.937794754364,0.0,328.0,-1.0,-1.0,-1.0,100.0,12.5,5.0,1.8,1.0,6.0
344.0,12.0,0.0,-1.0,34.0,188.87875803498,-22.842618023155,0.0,19.67,-1.0,-1.0,-1.0,100.0,0.0,5.0,1.8,1.0,113.0
344.0,14.0,0.0,4.0,38.0,199.63730384615,17.815392307692,0.0,19.67,-1.0,-1.0,-1.0,100.0,0.0,5.0,1.8,1.0,5.0
344.0,17.0,0.0,-1.0,340.0,213.74050682549,-123.40992011262,0.0,1017.2037052321,-1.0,-1.0,-1.0,100.0,35.0,5.0,1.8,1.0,35.0
345.0,1.0,-0.5,-1.0,20.0,121.45415650363,10.937715497523,0.0,340.0,-1.0,-1.0,-1.0,100.0,12.0,5.0,1.8,1.0,6.0
345.0,12.0,0.0,-1.0,35.0,188.87875803498,-22.842618023155,0.0,19.67,-1.0,-1.0,-1.0,100.0,0.0,5.0,1.8,1.0,113.0
345.0,14.0,0.0,4.0,39.0,199.63730384615,17.815392307692,0.0,19.67,-1.0,-1.0,-1.0,100.0,0.0,5.0,1.8,1.0,5.0
345.0,17.0,0.0,-1.0,341.0,213.04766574626,-123.40485230953,0.0,1052.2037052321,-1.0,-1.0,-1.0,100.0,35.0,5.0,1.8,1.0,35.0
346.0,1.0,-0.5,-1.0,21.0,121.19373887153,10.937639574015,0.0,351.5,-1.0,-1.0,-1.0,100.0,11.5,5.0,1.8,1.0,6.0
346.0,12.0,0.0,-1.0,36.0,188.87875803498,-22.842618023155,0.0,19.67,-1.0,-1.0,-1.0,100.0,0.0,5.0,1.8,1.0,113.0
346.0,14.0,0.0,4.0,40.0,199.63730384615,17.815392307692,0.0,19.67,-1.0,-1.0,-1.0,100.0,0.0,5.0,1.8,1.0,5.0
346.0,17.0,0.0,-1.0,342.0,212.35482466702,-123.39978450645,0.0,1087.2037052321,-1.0,-1.0,-1.0,100.0,35.0,5.0,1.8,1.0,35.0
347.0,1.0,-0.5,-1.0,22.0,120.94475457277,10.93756698384,0.0,362.5,-1.0,-1.0,-1.0,100.0,11.0,5.0,1.8,1.0,6.0
347.0,12.0,0.0,-1.0,37.0,188.87875803498,-22.842618023155,0.0,19.67,-1.0,-1.0,-1.0,100.0,0.0,5.0,1.8,1.0,113.0
347.0,14.0,0.0,4.0,41.0,199.63730384615,17.815392307692,0.0,19.67,-1.0,-1.0,-1.0,100.0,0.0,5.0,1.8,1.0,5.0
347.0,17.0,0.0,-1.0,343.0,211.66198358779,-123.39471670336,0.0,1122.2037052321,-1.0,-1.0,-1.0,100.0,35.0,5.0,1.8,1.0,35.0
348.0,1.0,-0.5,-1.0,23.0,120.70720360734,10.937497726999,0.0,373.0,-1.0,-1.0,-1.0,100.0,10.5,5.0,1.8,1.0,6.0
348.0,12.0,0.0,-1.0,38.0,188.87875803498,-22.842618023155,0.0,19.67,-1.0,-1.0,-1.0,100.0,0.0,5.0,1.8,1.0,113.0
348.0,14.0,0.0,4.0,42.0,199.63730384615,17.815392307692,0.0,19.67,-1.0,-1.0,-1.0,100.0,0.0,5.0,1.8,1.0,5.0
348.0,17.0,0.0,-1.0,344.0,210.96914250856,-123.38964890027,0.0,1157.2037052321,-1.0,-1.0,-1.0,100.0,35.0,5.0,1.8,1.0,35.0
349.0,1.0,-0.5,-1.0,24.0,120.48108597524,10.937431803491,0.0,383.0,-1.0,-1.0,-1.0,100.0,10.0,5.0,1.8,1.0,6.0
349.0,12.0,0.0,-1.0,39.0,188.87875803498,-22.842618023155,0.0,19.67,-1.0,-1.0,-1.0,100.0,0.0,5.0,1.8,1.0,113.0
349.0,14.0,0.0,4.0,43.0,199.63730384615,17.815392307692,0.0,19.67,-1.0,-1.0,-1.0,100.0,0.0,5.0,1.8,1.0,5.0
349.0,17.0,0.0,-1.0,345.0,210.27630142933,-123.38458109718,0.0,1192.2037052321,-1.0,-1.0,-1.0,100.0,35.0,5.0,1.8,1.0,35.0
350.0,1.0,-0.5,-1.0,25.0,120.26640167648,10.937369213317,0.0,392.5,-1.0,-1.0,-1.0,100.0,9.5,5.0,1.8,1.0,6.0
350.0,12.0,0.0,-1.0,40.0,188.87875803498,-22.842618023155,0.0,19.67,-1.0,-1.0,-1.0,100.0,0.0,5.0,1.8,1.0,113.0
350.0,14.0,0.0,4.0,44.0,199.63730384615,17.815392307692,0.0,19.67,-1.0,-1.0,-1.0,100.0,0.0,5.0,1.8,1.0,5.0
350.0,17.0,0.0,-1.0,346.0,209.5834603501,-123.3795132941,0.0,1227.2037052321,-1.0,-1.0,-1.0,100.0,35.0,5.0,1.8,1.0,35.0
351.0,1.0,-0.5,-1.0,26.0,120.06315071105,10.937309956476,0.0,401.5,-1.0,-1.0,-1.0,100.0,9.0,5.0,1.8,1.0,6.0
351.0,12.0,0.0,-1.0,41.0,187.69823669751,-19.823180006644,0.0,19.67,-1.0,-1.0,-1.0,100.0,0.0,5.0,1.8,1.0,16.0
351.0,14.0,0.0,4.0,45.0,199.63730384615,17.815392307692,0.0,19.67,-1.0,-1.0,-1.0,100.0,0.0,5.0,1.8,1.0,5.0
351.0,17.0,0.0,-1.0,347.0,208.89061927087,-123.37444549101,0.0,1262.2037052321,-1.0,-1.0,-1.0,100.0,35.0,5.0,1.8,1.0,35.0
352.0,1.0,-0.5,-1.0,27.0,119.87133307896,10.937254032968,0.0,410.0,-1.0,-1.0,-1.0,100.0,8.5,5.0,1.8,1.0,6.0
352.0,12.0,0.0,-1.0,42.0,187.69823669751,-19.823180006644,0.0,19.67,-1.0,-1.0,-1.0,100.0,0.0,5.0,1.8,1.0,16.0
352.0,14.0,0.0,4.0,46.0,199.63730384615,17.815392307692,0.0,19.67,-1.0,-1.0,-1.0,100.0,0.0,5.0,1.8,1.0,5.0
352.0,17.0,0.0,-1.0,348.0,208.19777819164,-123.36937768792,0.0,1297.2037052321,-1.0,-1.0,-1.0,100.0,35.0,5.0,1.8,1.0,35.0
353.0,1.0,-0.5,-1.0,28.0,119.69094878019,10.937201442793,0.0,418.0,-1.0,-1.0,-1.0,100.0,8.0,5.0,1.8,1.0,6.0
353.0,12.0,0.0,-1.0,43.0,187.69823669751,-19.823180006644,0.0,19.67,-1.0,-1.0,-1.0,100.0,0.0,5.0,1.8,1.0,16.0
353.0,14.0,0.0,4.0,47.0,199.63730384615,17.815392307692,0.0,19.67,-1.0,-1.0,-1.0,100.0,0.0,5.0,1.8,1.0,5.0
353.0,17.0,0.0,-1.0,349.0,207.50493711241,-123.36430988483,0.0,1332.2037052321,-1.0,-1.0,-1.0,100.0,35.0,5.0,1.8,1.0,35.0
354.0,1.0,-0.5,-1.0,29.0,119.52199781477,10.937152185952,0.0,425.5,-1.0,-1.0,-1.0,100.0,7.5,5.0,1.8,1.0,6.0
354.0,12.0,0.0,-1.0,44.0,187.69823669751,-19.823180006644,0.0,19.67,-1.0,-1.0,-1.0,100.0,0.0,5.0,1.8,1.0,16.0
354.0,14.0,0.0,4.0,48.0,199.63730384615,17.815392307692,0.0,19.67,-1.0,-1.0,-1.0,100.0,0.0,5.0,1.8,1.0,5.0
354.0,17.0,0.0,-1.0,350.0,206.81209603318,-123.35924208175,0.0,1367.2037052321,-1.0,-1.0,-1.0,100.0,35.0,5.0,1.8,1.0,35.0
355.0,1.0,-0.5,-1.0,30.0,119.36448018267,10.937106262444,0.0,432.5,-1.0,-1.0,-1.0,100.0,7.0,5.0,1.8,1.0,6.0
355.0,12.0,0.0,-1.0,45.0,187.69823669751,-19.823180006644,0.0,19.67,-1.0,-1.0,-1.0,100.0,0.0,5.0,1.8,1.0,16.0
355.0,14.0,0.0,4.0,49.0,199.63730384615,17.815392307692,0.0,19.67,-1.0,-1.0,-1.0,100.0,0.0,5.0,1.8,1.0,5.0
355.0,17.0,0.0,-1.0,351.0,206.11925495394,-123.35417427866,0.0,1402.2037052321,-1.0,-1.0,-1.0,100.0,35.0,5.0,1.8,1.0,35.0
356.0,1.0,-0.5,-1.0,31.0,119.21839588391,10.937063672269,0.0,439.0,-1.0,-1.0,-1.0,100.0,6.5,5.0,1.8,1.0,6.0
356.0,12.0,0.0,-1.0,46.0,187.69823669751,-19.823180006644,0.0,19.67,-1.0,-1.0,-1.0,100.0,0.0,5.0,1.8,1.0,16.0
356.0,14.0,0.0,4.0,50.0,199.63730384615,17.815392307692,0.0,19.67,-1.0,-1.0,-1.0,100.0,0.0,5.0,1.8,1.0,5.0
356.0,17.0,0.0,-1.0,352.0,205.42641387471,-123.34910647557,0.0,1437.2037052321,-1.0,-1.0,-1.0,100.0,35.0,5.0,1.8,1.0,35.0
357.0,1.0,-0.5,-1.0,32.0,119.08374491848,10.937024415428,0.0,445.0,-1.0,-1.0,-1.0,100.0,6.0,5.0,1.8,1.0,6.0
357.0,12.0,0.0,-1.0,47.0,187.69823669751,-19.823180006644,0.0,19.67,-1.0,-1.0,-1.0,100.0,0.0,5.0,1.8,1.0,16.0
357.0,14.0,0.0,4.0,51.0,199.63730384615,17.815392307692,0.0,19.67,-1.0,-1.0,-1.0,100.0,0.0,5.0,1.8,1.0,5.0
357.0,17.0,0.0,-1.0,353.0,204.73357279548,-123.34403867249,0.0,1472.2037052321,-1.0,-1.0,-1.0,100.0,35.0,5.0,1.8,1.0,35.0
358.0,1.0,-0.5,-1.0,33.0,118.96052728638,10.93698849192,0.0,450.5,-1.0,-1.0,-1.0,100.0,5.5,5.0,1.8,1.0,6.0
358.0,12.0,0.0,-1.0,48.0,187.69823669751,-19.823180006644,0.0,19.67,29.0,11.438554358059,-1.0,100.0,0.0,5.0,1.8,1.0,16.0
358.0,14.0,0.0,4.0,52.0,199.63730384615,17.815392307692,0.0,19.67,-1.0,-1.0,-1.0,100.0,0.0,5.0,1.8,1.0,5.0
358.0,17.0,0.0,-1.0,354.0,204.04073171625,-123.3389708694,0.0,1507.2037052321,-1.0,-1.0,-1.0,100.0,35.0,5.0,1.8,1.0,35.0
359.0,1.0,-0.5,-1.0,34.0,118.84874298762,14.136955901746,0.0,455.5,31.0,102.83466434677,20.566932869355,100.0,5.0,5.0,1.8,1.0,19.0
359.0,12.0,0.0,-1.0,49.0,187.69823669751,-19.823180006644,0.0,19.67,-1.0,-1.0,-1.0,100.0,0.0,5.0,1.8,1.0,16.0
359.0,14.0,0.0,29.0,53.0,199.63730384615,17.815392307692,0.0,19.67,-1.0,-1.0,-1.0,100.0,0.0,5.0,1.8,1.0,5.0
359.0,17.0,0.0,-1.0,355.0,203.34789063702,-123.33390306631,0.0,1542.2037052321,-1.0,-1.0,-1.0,100.0,35.0,5.0,1.8,1.0,35.0
360.0,1.0,-0.5,-1.0,35.0,118.74839202219,10.936926644904,0.0,460.0,-1.0,-1.0,-1.0,100.0,4.5,5.0,1.8,1.0,6.0
360.0,12.0,0.0,-1.0,50.0,187.69823669751,-19.823180006644,0.0,19.67,-1.0,-1.0,-1.0,100.0,0.0,5.0,1.8,1.0,16.0
360.0,14.0,0.0,29.0,54.0,199.63730384615,17.815392307692,0.0,19.67,-1.0,-1.0,-1.0,100.0,0.0,5.0,1.8,1.0,5.0
360.0,17.0,0.0,-1.0,356.0,202.65504955779,-123.32883526322,0.0,1577.2037052321,-1.0,-1.0,-1.0,100.0,35.0,5.0,1.8,1.0,35.0
361.0,1.0,-0.5,-1.0,36.0,118.6594743901,10.936900721397,0.0,464.0,-1.0,-1.0,-1.0,100.0,4.0,5.0,1.8,1.0,6.0
361.0,12.0,0.0,-1.0,51.0,187.69823669751,-19.823180006644,0.0,19.67,-1.0,-1.0,-1.0,100.0,0.0,5.0,1.8,1.0,16.0
361.0,14.0,0.0,29.0,55.0,199.63730384615,17.815392307692,0.0,19.67,-1.0,-1.0,-1.0,100.0,0.0,5.0,1.8,1.0,5.0
361.0,17.0,0.0,-1.0,357.0,201.96220847856,-123.32376746014,0.0,1612.2037052321,-1.0,-1.0,-1.0,100.0,35.0,5.0,1.8,1.0,35.0
362.0,1.0,-0.5,-1.0,37.0,118.58199009134,10.936878131222,0.0,467.5,-1.0,-1.0,-1.0,100.0,3.5,5.0,1.8,1.0,6.0
362.0,12.0,0.0,-1.0,52.0,187.69823669751,-19.823180006644,0.0,19.67,-1.0,-1.0,-1.0,100.0,0.0,5.0,1.8,1.0,16.0
362.0,14.0,0.0,29.0,56.0,199.63730384615,17.815392307692,0.0,19.67,-1.0,-1.0,-1.0,100.0,0.0,5.0,1.8,1.0,5.0
362.0,17.0,0.0,-1.0,358.0,201.26936739933,-123.31869965705,0.0,1647.2037052321,-1.0,-1.0,-1.0,100.0,35.0,5.0,1.8,1.0,35.0
363.0,1.0,-0.5,-1.0,38.0,118.51593912591,10.936858874381,0.0,470.5,-1.0,-1.0,-1.0,100.0,3.0,5.0,1.8,1.0,6.0
363.0,12.0,0.0,-1.0,53.0,187.69823669751,-19.823180006644,0.0,19.67,-1.0,-1.0,-1.0,100.0,0.0,5.0,1.8,1.0,16.0
363.0,14.0,0.0,29.0,57.0,199.63730384615,17.815392307692,0.0,19.67,-1.0,-1.0,-1.0,100.0,0.0,5.0,1.8,1.0,5.0
363.0,17.0,0.0,-1.0,359.0,200.5765263201,-123.31363185396,0.0,1682.2037052321,-1.0,-1.0,-1.0,100.0,35.0,5.0,1.8,1.0,35.0
364.0,1.0,-0.5,-1.0,39.0,118.46132149381,10.936842950873,0.0,473.0,-1.0,-1.0,-1.0,100.0,2.5,5.0,1.8,1.0,6.0
364.0,12.0,0.0,-1.0,54.0,187.69823669751,-19.823180006644,0.0,19.67,-1.0,-1.0,-1.0,100.0,0.0,5.0,1.8,1.0,16.0
364.0,14.0,0.0,29.0,58.0,199.63730384615,17.815392307692,0.0,19.67,-1.0,-1.0,-1.0,100.0,0.0,5.0,1.8,1.0,5.0
364.0,17.0,0.0,-1.0,360.0,199.88368524087,-123.30856405087,0.0,1717.2037052321,-1.0,-1.0,-1.0,100.0,35.0,5.0,1.8,1.0,35.0
365.0,1.0,-0.5,-1.0,40.0,118.41813719505,10.936830360698,0.0,475.0,-1.0,-1.0,-1.0,100.0,2.0,5.0,1.8,1.0,6.0
365.0,12.0,0.0,-1.0,55.0,187.69823669751,-19.823180006644,0.0,19.67,-1.0,-1.0,-1.0,100.0,0.0,5.0,1.8,1.0,16.0
365.0,14.0,0.0,29.0,59.0,199.63730384615,17.815392307692,0.0,19.67,-1.0,-1.0,-1.0,100.0,0.0,5.0,1.8,1.0,5.0
365.0,17.0,0.0,-1.0,361.0,199.19084416163,-123.30349624779,0.0,1752.2037052321,-1.0,-1.0,-1.0,100.0,35.0,5.0,1.8,1.0,35.0
366.0,1.0,-0.5,-1.0,41.0,118.38638622962,10.936821103857,0.0,476.5,-1.0,-1.0,-1.0,100.0,1.5,5.0,1.8,1.0,6.0
366.0,12.0,0.0,-1.0,56.0,187.69823669751,-19.823180006644,0.0,19.67,-1.0,-1.0,-1.0,100.0,0.0,5.0,1.8,1.0,16.0
366.0,14.0,0.0,29.0,60.0,199.63730384615,17.815392307692,0.0,19.67,-1.0,-1.0,-1.0,100.0,0.0,5.0,1.8,1.0,5.0
366.0,17.0,0.0,-1.0,362.0,198.4980030824,-123.2984284447,0.0,1787.2037052321,-1.0,-1.0,-1.0,100.0,35.0,5.0,1.8,1.0,35.0
367.0,1.0,-0.5,-1.0,42.0,118.36606859752,10.936815180349,0.0,477.5,-1.0,-1.0,-1.0,100.0,1.0,5.0,1.8,1.0,6.0
367.0,12.0,0.0,-1.0,57.0,187.69823669751,-19.823180006644,0.0,19.67,-1.0,-1.0,-1.0,100.0,0.0,5.0,1.8,1.0,16.0
367.0,14.0,0.0,29.0,61.0,199.63730384615,17.815392307692,0.0,19.67,-1.0,-1.0,-1.0,100.0,0.0,5.0,1.8,1.0,5.0
367.0,17.0,0.0,-1.0,363.0,197.80516200317,-123.29336064161,0.0,1822.2037052321,-1.0,-1.0,-1.0,100.0,35.0,5.0,1.8,1.0,35.0
368.0,1.0,-0.5,-1.0,43.0,118.35718429876,10.936812590175,0.0,478.0,-1.0,-1.0,-1.0,100.0,0.5,5.0,1.8,1.0,6.0
368.0,12.0,0.0,-1.0,58.0,187.69823669751,-19.823180006644,0.0,19.67,-1.0,-1.0,-1.0,100.0,0.0,5.0,1.8,1.0,16.0
368.0,14.0,0.0,29.0,62.0,199.63730384615,17.815392307692,0.0,19.67,-1.0,-1.0,-1.0,100.0,0.0,5.0,1.8,1.0,5.0
368.0,17.0,0.0,-1.0,364.0,197.11232092394,-123.28829283852,0.0,1857.2037052321,-1.0,-1.0,-1.0,100.0,35.0,5.0,1.8,1.0,35.0
369.0,1.0,-0.5,-1.0,44.0,118.35973333333,10.936813333333,0.0,478.0,-1.0,-1.0,-1.0,100.0,0.0,5.0,1.8,1.0,6.0
369.0,12.0,0.0,-1.0,59.0,187.69823669751,-19.823180006644,0.0,19.67,-1.0,-1.0,-1.0,100.0,0.0,5.0,1.8,1.0,16.0
369.0,14.0,0.0,29.0,63.0,199.63730384615,17.815392307692,0.0,19.67,-1.0,-1.0,-1.0,100.0,0.0,5.0,1.8,1.0,5.0
369.0,17.0,0.0,-1.0,365.0,196.41947984471,-123.28322503544,0.0,1892.2037052321,-1.0,-1.0,-1.0,100.0,35.0,5.0,1.8,1.0,35.0
370.0,1.0,0.0,-1.0,45.0,118.35973333333,10.936813333333,0.0,478.0,-1.0,-1.0,-1.0,100.0,0.0,5.0,1.8,1.0,6.0
370.0,12.0,0.0,-1.0,60.0,187.69823669751,-19.823180006644,0.0,19.67,-1.0,-1.0,-1.0,100.0,0.0,5.0,1.8,1.0,16.0
370.0,14.0,0.0,29.0,64.0,199.63730384615,17.815392307692,0.0,19.67,-1.0,-1.0,-1.0,100.0,0.0,5.0,1.8,1.0,5.0
370.0,17.0,0.0,-1.0,366.0,195.72663876548,-123.27815723235,0.0,1927.2037052321,-1.0,-1.0,-1.0,100.0,35.0,5.0,1.8,1.0,35.0
371.0,1.0,0.0,-1.0,46.0,118.35973333333,10.936813333333,0.0,478.0,-1.0,-1.0,-1.0,100.0,0.0,5.0,1.8,1.0,6.0
371.0,12.0,0.0,-1.0,61.0,187.69823669751,-19.823180006644,0.0,19.67,-1.0,-1.0,-1.0,100.0,0.0,5.0,1.8,1.0,16.0
371.0,14.0,0.0,29.0,65.0,199.63730384615,17.815392307692,0.0,19.67,-1.0,-1.0,-1.0,100.0,0.0,5.0,1.8,1.0,5.0
371.0,17.0,0.0,-1.0,367.0,195.03379768625,-123.27308942926,0.0,1962.2037052321,22.0,1778.0863203139,50.802466294683,100.0,35.0,5.0,1.8,1.0,35.0
372.0,1.0,0.0,11.0,47.0,118.35973333333,10.936813333333,0.0,478.0,-1.0,-1.0,-1.0,100.0,0.0,5.0,1.8,1.0,6.0
372.0,12.0,0.0,-1.0,62.0,187.69823669751,-19.823180006644,0.0,19.67,-1.0,-1.0,-1.0,100.0,0.0,5.0,1.8,1.0,16.0
372.0,14.0,0.0,29.0,66.0,199.63730384615,17.815392307692,0.0,19.67,-1.0,-1.0,-1.0,100.0,0.0,5.0,1.8,1.0,5.0
372.0,17.0,0.0,-1.0,368.0,194.34095660702,-123.26802162617,0.0,1997.2037052321,22.0,1764.6945005667,50.419842873335,100.0,35.0,5.0,1.8,1.0,35.0
373.0,1.0,0.0,11.0,48.0,118.35973333333,10.936813333333,0.0,478.0,-1.0,-1.0,-1.0,100.0,0.0,5.0,1.8,1.0,6.0
373.0,12.0,0.0,-1.0,63.0,187.69823669751,-19.823180006644,0.0,19.67,-1.0,-1.0,-1.0,100.0,0.0,5.0,1.8,1.0,16.0
373.0,14.0,0.0,29.0,67.0,199.63730384615,17.815392307692,0.0,19.67,-1.0,-1.0,-1.0,100.0,0.0,5.0,1.8,1.0,5.0
373.0,17.0,0.0,-1.0,369.0,193.64811552779,-123.26295382309,0.0,2032.2037052321,22.0,1751.3943051143,50.039837288981,100.0,35.0,5.0,1.8,1.0,35.0
374.0,1.0,0.0,11.0,49.0,118.35973333333,10.936813333333,0.0,478.0,-1.0,-1.0,-1.0,100.0,0.0,5.0,1.8,1.0,6.0
374.0,12.0,0.0,-1.0,64.0,187.69823669751,-19.823180006644,0.0,19.67,-1.0,-1.0,-1.0,100.0,0.0,5.0,1.8,1.0,16.0
374.0,14.0,0.0,29.0,68.0,199.63730384615,17.815392307692,0.0,19.67,-1.0,-1.0,-1.0,100.0,0.0,5.0,1.8,1.0,5.0
374.0,17.0,0.0,-1.0,370.0,192.95527444855,-123.25788602,0.0,2067.2037052321,22.0,1739.0316889711,49.68661968489,100.0,35.0,5.0,1.8,1.0,35.0
375.0,1.0,0.0,11.0,50.0,118.35973333333,10.936813333333,0.0,478.0,-1.0,-1.0,-1.0,100.0,0.0,5.0,1.8,1.0,6.0
375.0,12.0,0.0,-1.0,65.0,187.69823669751,-19.823180006644,0.0,19.67,-1.0,-1.0,-1.0,100.0,0.0,5.0,1.8,1.0,16.0
375.0,14.0,0.0,29.0,69.0,199.63730384615,17.815392307692,0.0,19.67,-1.0,-1.0,-1.0,100.0,0.0,5.0,1.8,1.0,5.0
375.0,17.0,0.0,-1.0,371.0,192.26243336932,-123.25281821691,0.0,2102.2037052321,22.0,1726.5124927104,49.328928363155,100.0,35.0,5.0,1.8,1.0,35.0
376.0,1.0,0.0,11.0,51.0,118.35973333333,10.936813333333,0.0,478.0,-1.0,-1.0,-1.0,100.0,0.0,5.0,1.8,1.0,6.0
376.0,12.0,0.0,-1.0,66.0,187.69823669751,-19.823180006644,0.0,19.67,-1.0,-1.0,-1.0,100.0,0.0,5.0,1.8,1.0,16.0
376.0,14.0,0.0,29.0,70.0,199.63730384615,17.815392307692,0.0,19.67,-1.0,-1.0,-1.0,100.0,0.0,5.0,1.8,1.0,5.0
376.0,17.0,0.0,-1.0,372.0,191.56959229009,-123.24775041383,0.0,2137.2037052321,22.0,1713.8815796871,48.968045133917,100.0,35.0,5.0,1.8,1.0,35.0
377.0,1.0,0.0,11.0,52.0,118.35973333333,10.936813333333,0.0,478.0,-1.0,-1.0,-1.0,100.0,0.0,5.0,1.8,1.0,6.0
377.0,12.0,0.0,-1.0,67.0,187.69823669751,-19.823180006644,0.0,19.67,-1.0,-1.0,-1.0,100.0,0.0,5.0,1.8,1.0,16.0
377.0,14.0,0.0,29.0,71.0,199.63730384615,17.815392307692,0.0,19.67,-1.0,-1.0,-1.0,100.0,0.0,5.0,1.8,1.0,5.0
377.0,17.0,0.0,-1.0,373.0,190.87675121086,-123.24268261074,0.0,2172.2037052321,22.0,1701.3384930848,48.609671230995,100.0,35.0,5.0,1.8,1.0,35.0
378.0,1.0,0.0,11.0,53.0,118.35973333333,10.936813333333,0.0,478.0,-1.0,-1.0,-1.0,100.0,0.0,5.0,1.8,1.0,6.0
378.0,12.0,0.0,-1.0,68.0,187.69823669751,-19.823180006644,0.0,19.67,-1.0,-1.0,-1.0,100.0,0.0,5.0,1.8,1.0,16.0
378.0,14.0,0.0,29.0,72.0,199.63730384615,17.815392307692,0.0,19.67,-1.0,-1.0,-1.0,100.0,0.0,5.0,1.8,1.0,5.0
378.0,17.0,0.0,-1.0,374.0,185.04044402631,-119.2349430189,0.0,7.2037052321011,22.0,1688.9369343739,48.255340982111,100.0,35.0,5.0,1.8,1.0,98.0
379.0,1.0,0.0,11.0,54.0,118.35973333333,10.936813333333,0.0,478.0,-1.0,-1.0,-1.0,100.0,0.0,5.0,1.8,1.0,6.0
379.0,12.0,0.0,-1.0,69.0,187.69823669751,-19.823180006644,0.0,19.67,-1.0,-1.0,-1.0,100.0,0.0,5.0,1.8,1.0,16.0
379.0,14.0,0.0,29.0,73.0,199.63730384615,17.815392307692,0.0,19.67,-1.0,-1.0,-1.0,100.0,0.0,5.0,1.8,1.0,5.0
379.0,17.0,0.0,-1.0,375.0,184.80757424876,-115.71505477953,0.0,32.873705232101,22.0,1676.4626894938,47.898933985536,100.0,35.0,5.0,1.8,1.0,13.0
380.0,1.0,0.0,11.0,55.0,118.35973333333,10.936813333333,0.0,478.0,-1.0,-1.0,-1.0,100.0,0.0,5.0,1.8,1.0,6.0
380.0,12.0,0.0,-1.0,70.0,187.69823669751,-19.823180006644,0.0,19.67,-1.0,-1.0,-1.0,100.0,0.0,5.0,1.8,1.0,16.0
380.0,14.0,0.0,29.0,74.0,199.63730384615,17.815392307692,0.0,19.67,-1.0,-1.0,-1.0,100.0,0.0,5.0,1.8,1.0,5.0
380.0,17.0,0.0,-1.0,376.0,184.77712424876,-114.25485477953,0.0,67.873705232101,22.0,1663.6547997003,47.532994277152,100.0,35.0,5.0,1.8,1.0,13.0
381.0,1.0,0.0,11.0,56.0,118.35973333333,10.936813333333,0.0,478.0,-1.0,-1.0,-1.0,100.0,0.0,5.0,1.8,1.0,6.0
381.0,12.0,0.0,-1.0,71.0,187.69823669751,-19.823180006644,0.0,19.67,-1.0,-1.0,-1.0,100.0,0.0,5.0,1.8,1.0,16.0
381.0,14.0,0.0,29.0,75.0,199.63730384615,17.815392307692,0.0,19.67,-1.0,-1.0,-1.0,100.0,0.0,5.0,1.8,1.0,5.0
381.0,17.0,0.0,-1.0,377.0,184.74667424876,-112.79465477953,0.0,102.8737052321,22.0,1650.6450378192,47.161286794835,100.0,35.0,5.0,1.8,1.0,13.0
382.0,1.0,0.0,11.0,57.0,118.35973333333,10.936813333333,0.0,478.0,-1.0,-1.0,-1.0,100.0,0.0,5.0,1.8,1.0,6.0
382.0,12.0,0.0,-1.0,72.0,187.69823669751,-19.823180006644,0.0,19.67,-1.0,-1.0,-1.0,100.0,0.0,5.0,1.8,1.0,16.0
382.0,14.0,0.0,29.0,76.0,199.63730384615,17.815392307692,0.0,19.67,-1.0,-1.0,-1.0,100.0,0.0,5.0,1.8,1.0,5.0
382.0,17.0,0.0,-1.0,378.0,184.71622424876,-111.33445477953,0.0,137.8737052321,22.0,1638.2962259811,46.808463599461,100.0,35.0,5.0,1.8,1.0,13.0
383.0,1.0,0.0,11.0,58.0,118.35973333333,10.936813333333,0.0,478.0,-1.0,-1.0,-1.0,100.0,0.0,5.0,1.8,1.0,6.0
383.0,12.0,0.0,-1.0,73.0,187.69823669751,-19.823180006644,0.0,19.67,-1.0,-1.0,-1.0,100.0,0.0,5.0,1.8,1.0,16.0
383.0,14.0,0.0,29.0,77.0,199.63730384615,17.815392307692,0.0,19.67,-1.0,-1.0,-1.0,100.0,0.0,5.0,1.8,1.0,5.0
383.0,17.0,0.0,-1.0,379.0,184.68577424876,-109.87425477953,0.0,172.8737052321,22.0,1625.2559765842,46.435885045262,100.0,35.0,5.0,1.8,1.0,13.0
384.0,1.0,0.0,11.0,59.0,118.35973333333,10.936813333333,0.0,478.0,-1.0,-1.0,-1.0,100.0,0.0,5.0,1.8,1.0,6.0
384.0,12.0,0.0,-1.0,74.0,187.69823669751,-19.823180006644,0.0,19.67,-1.0,-1.0,-1.0,100.0,0.0,5.0,1.8,1.0,16.0
384.0,14.0,0.0,29.0,78.0,199.63730384615,17.815392307692,0.0,19.67,-1.0,-1.0,-1.0,100.0,0.0,5.0,1.8,1.0,5.0
384.0,17.0,0.0,-1.0,380.0,184.65532424876,-108.41405477953,0.0,207.8737052321,22.0,1613.0195571984,46.086273062812,100.0,35.0,5.0,1.8,1.0,13.0
385.0,1.0,0.0,-1.0,60.0,118.35973333333,10.936813333333,0.0,478.0,-1.0,-1.0,-1.0,100.0,0.0,5.0,1.8,1.0,6.0
385.0,12.0,0.0,-1.0,75.0,187.69823669751,-19.823180006644,0.0,19.67,-1.0,-1.0,-1.0,100.0,0.0,5.0,1.8,1.0,16.0
385.0,14.0,0.0,29.0,79.0,199.63730384615,17.815392307692,0.0,19.67,-1.0,-1.0,-1.0,100.0,0.0,5.0,1.8,1.0,5.0
385.0,17.0,0.0,-1.0,381.0,184.62487424876,-106.95385477953,0.0,242.8737052321,22.0,1600.5704945046,45.730585557275,100.0,35.0,5.0,1.8,1.0,13.0
386.0,1.0,0.0,-1.0,61.0,118.35973333333,10.936813333333,0.0,478.0,-1.0,-1.0,-1.0,100.0,0.0,5.0,1.8,1.0,6.0
386.0,12.0,0.0,-1.0,76.0,187.69823669751,-19.823180006644,0.0,19.67,-1.0,-1.0,-1.0,100.0,0.0,5.0,1.8,1.0,16.0
386.0,14.0,0.0,29.0,80.0,199.63730384615,17.815392307692,0.0,19.67,-1.0,-1.0,-1.0,100.0,0.0,5.0,1.8,1.0,5.0
386.0,17.0,0.0,-1.0,382.0,184.59442424876,-105.49365477953,0.0,277.8737052321,22.0,1588.4081052062,45.383088720178,100.0,35.0,5.0,1.8,1.0,13.0
387.0,1.0,0.0,-1.0,62.0,118.35973333333,10.936813333333,0.0,478.0,-1.0,-1.0,-1.0,100.0,0.0,5.0,1.8,1.0,6.0
387.0,12.0,0.0,-1.0,77.0,187.69823669751,-19.823180006644,0.0,19.67,-1.0,-1.0,-1.0,100.0,0.0,5.0,1.8,1.0,16.0
387.0,14.0,0.0,29.0,81.0,199.63730384615,17.815392307692,0.0,19.67,-1.0,-1.0,-1.0,100.0,0.0,5.0,1.8,1.0,5.0
387.0,17.0,0.0,-1.0,383.0,184.56397424876,-104.03345477953,0.0,312.8737052321,22.0,1576.1593552666,45.033124436187,100.0,35.0,5.0,1.8,1.0,13.0
388.0,1.0,0.0,-1.0,63.0,118.35973333333,10.936813333333,0.0,478.0,-1.0,-1.0,-1.0,100.0,0.0,5.0,1.8,1.0,6.0
388.0,12.0,0.0,-1.0,78.0,187.69823669751,-19.823180006644,0.0,19.67,-1.0,-1.0,-1.0,100.0,0.0,5.0,1.8,1.0,16.0
388.0,14.0,0.0,29.0,82.0,199.63730384615,17.815392307692,0.0,19.67,-1.0,-1.0,-1.0,100.0,0.0,5.0,1.8,1.0,5.0
388.0,17.0,0.0,-1.0,384.0,184.53352424876,-102.57325477953,0.0,347.8737052321,22.0,1563.6403281833,44.675437948094,100.0,35.0,5.0,1.8,1.0,13.0
389.0,1.0,0.0,-1.0,64.0,118.35973333333,10.936813333333,0.0,478.0,-1.0,-1.0,-1.0,100.0,0.0,5.0,1.8,1.0,6.0
389.0,12.0,0.0,-1.0,79.0,187.69823669751,-19.823180006644,0.0,19.67,-1.0,-1.0,-1.0,100.0,0.0,5.0,1.8,1.0,16.0
389.0,14.0,0.0,29.0,83.0,199.63730384615,17.815392307692,0.0,19.67,-1.0,-1.0,-1.0,100.0,0.0,5.0,1.8,1.0,5.0
389.0,17.0,0.0,-1.0,385.0,184.50307424876,-101.11305477953,0.0,382.8737052321,-1.0,-1.0,-1.0,100.0,35.0,5.0,1.8,1.0,13.0
390.0,1.0,0.0,-1.0,65.0,118.35973333333,10.936813333333,0.0,478.0,-1.0,-1.0,-1.0,100.0,0.0,5.0,1.8,1.0,6.0
390.0,12.0,0.0,22.0,80.0,187.69823669751,-19.823180006644,0.0,19.67,-1.0,-1.0,-1.0,100.0,0.0,5.0,1.8,1.0,16.0
390.0,14.0,0.0,29.0,84.0,199.63730384615,17.815392307692,0.0,19.67,-1.0,-1.0,-1.0,100.0,0.0,5.0,1.8,1.0,5.0
390.0,17.0,0.0,-1.0,386.0,184.47262424876,-99.652854779527,0.0,417.8737052321,-1.0,-1.0,-1.0,100.0,35.0,5.0,1.8,1.0,13.0
391.0,1.0,0.0,-1.0,66.0,118.35973333333,10.936813333333,0.0,478.0,-1.0,-1.0,-1.0,100.0,0.0,5.0,1.8,1.0,6.0
391.0,12.0,0.0,22.0,81.0,187.69823669751,-19.823180006644,0.0,19.67,-1.0,-1.0,-1.0,100.0,0.0,5.0,1.8,1.0,16.0
391.0,14.0,0.0,29.0,85.0,199.63730384615,17.815392307692,0.0,19.67,-1.0,-1.0,-1.0,100.0,0.0,5.0,1.8,1.0,5.0
391.0,17.0,0.0,-1.0,387.0,184.44217424876,-98.192654779527,0.0,452.8737052321,-1.0,-1.0,-1.0,100.0,35.0,5.0,1.8,1.0,13.0
392.0,1.0,0.0,-1.0,67.0,118.35973333333,10.936813333333,0.0,478.0,-1.0,-1.0,-1.0,100.0,0.0,5.0,1.8,1.0,6.0
392.0,12.0,0.0,22.0,82.0,187.69823669751,-19.823180006644,0.0,19.67,-1.0,-1.0,-1.0,100.0,0.0,5.0,1.8,1.0,16.0
392.0,14.0,0.0,29.0,86.0,199.63730384615,17.815392307692,0.0,19.67,-1.0,-1.0,-1.0,100.0,0.0,5.0,1.8,1.0,5.0
392.0,17.0,0.0,-1.0,388.0,184.41172424876,-96.732454779527,0.0,487.8737052321,-1.0,-1.0,-1.0,100.0,35.0,5.0,1.8,1.0,13.0
393.0,1.0,0.0,-1.0,68.0,118.35973333333,10.936813333333,0.0,478.0,-1.0,-1.0,-1.0,100.0,0.0,5.0,1.8,1.0,6.0
393.0,12.0,0.0,22.0,83.0,187.69823669751,-19.823180006644,0.0,19.67,-1.0,-1.0,-1.0,100.0,0.0,5.0,1.8,1.0,16.0
393.0,14.0,0.0,29.0,87.0,199.63730384615,17.815392307692,0.0,19.67,-1.0,-1.0,-1.0,100.0,0.0,5.0,1.8,1.0,5.0
393.0,17.0,0.0,-1.0,389.0,184.38127424876,-95.272254779527,0.0,522.8737052321,-1.0,-1.0,-1.0,100.0,35.0,5.0,1.8,1.0,13.0
394.0,1.0,0.0,-1.0,69.0,118.35973333333,10.936813333333,0.0,478.0,-1.0,-1.0,-1.0,100.0,0.0,5.0,1.8,1.0,6.0
394.0,12.0,0.0,22.0,84.0,187.69823669751,-19.823180006644,0.0,19.67,-1.0,-1.0,-1.0,100.0,0.0,5.0,1.8,1.0,16.0
394.0,14.0,0.0,29.0,88.0,199.63730384615,17.815392307692,0.0,19.67,-1.0,-1.0,-1.0,100.0,0.0,5.0,1.8,1.0,5.0
394.0,17.0,0.0,-1.0,390.0,184.35082424876,-93.812054779527,0.0,557.8737052321,-1.0,-1.0,-1.0,100.0,35.0,5.0,1.8,1.0,13.0
395.0,1.0,0.0,-1.0,70.0,118.35973333333,10.936813333333,0.0,478.0,-1.0,-1.0,-1.0,100.0,0.0,5.0,1.8,1.0,6.0
395.0,12.0,0.0,22.0,85.0,187.69823669751,-19.823180006644,0.0,19.67,-1.0,-1.0,-1.0,100.0,0.0,5.0,1.8,1.0,16.0
395.0,14.0,0.0,29.0,89.0,199.63730384615,17.815392307692,0.0,19.67,-1.0,-1.0,-1.0,100.0,0.0,5.0,1.8,1.0,5.0
395.0,17.0,0.0,-1.0,391.0,184.32037424876,-92.351854779527,0.0,592.8737052321,-1.0,-1.0,-1.0,100.0,35.0,5.0,1.8,1.0,13.0
396.0,1.0,0.0,-1.0,71.0,118.35973333333,14.136813333333,0.0,478.0,11.0,414.77,-1.0,100.0,0.0,5.0,1.8,1.0,19.0
396.0,12.0,0.0,22.0,86.0,187.69823669751,-19.823180006644,0.0,19.67,-1.0,-1.0,-1.0,100.0,0.0,5.0,1.8,1.0,16.0
396.0,14.0,0.0,29.0,90.0,199.63730384615,17.815392307692,0.0,19.67,-1.0,-1.0,-1.0,100.0,0.0,5.0,1.8,1.0,5.0
396.0,17.0,0.0,-1.0,392.0,184.28992424876,-90.891654779527,0.0,627.8737052321,-1.0,-1.0,-1.0,100.0,35.0,5.0,1.8,1.0,13.0
397.0,1.0,0.0,-1.0,72.0,118.35973333333,14.136813333333,0.0,478.0,11.0,449.77,-1.0,100.0,0.0,5.0,1.8,1.0,19.0
397.0,12.0,0.0,22.0,87.0,187.69823669751,-19.823180006644,0.0,19.67,-1.0,-1.0,-1.0,100.0,0.0,5.0,1.8,1.0,16.0
397.0,14.0,0.0,29.0,91.0,199.63730384615,17.815392307692,0.0,19.67,-1.0,-1.0,-1.0,100.0,0.0,5.0,1.8,1.0,5.0
397.0,17.0,0.0,-1.0,393.0,184.25947424876,-89.431454779527,0.0,662.8737052321,-1.0,-1.0,-1.0,100.0,35.0,5.0,1.8,1.0,13.0
398.0,1.0,0.0,-1.0,73.0,118.35973333333,14.136813333333,0.0,478.0,11.0,484.77,-1.0,100.0,0.0,5.0,1.8,1.0,19.0
398.0,12.0,0.0,22.0,88.0,187.69823669751,-19.823180006644,0.0,19.67,-1.0,-1.0,-1.0,100.0,0.0,5.0,1.8,1.0,16.0
398.0,14.0,0.0,29.0,92.0,199.63730384615,17.815392307692,0.0,19.67,-1.0,-1.0,-1.0,100.0,0.0,5.0,1.8,1.0,5.0
398.0,17.0,0.0,-1.0,394.0,184.22902424876,-87.971254779527,0.0,697.8737052321,-1.0,-1.0,-1.0,100.0,35.0,5.0,1.8,1.0,13.0
399.0,1.0,0.0,-1.0,74.0,118.35973333333,14.136813333333,0.0,478.0,11.0,519.77,-1.0,100.0,0.0,5.0,1.8,1.0,19.0
399.0,12.0,0.0,22.0,89.0,187.69823669751,-19.823180006644,0.0,19.67,-1.0,-1.0,-1.0,100.0,0.0,5.0,1.8,1.0,16.0
399.0,14.0,0.0,29.0,93.0,199.63730384615,17.815392307692,0.0,19.67,-1.0,-1.0,-1.0,100.0,0.0,5.0,1.8,1.0,5.0
399.0,17.0,0.0,-1.0,395.0,184.19857424876,-86.511054779527,0.0,732.8737052321,-1.0,-1.0,-1.0,100.0,35.0,5.0,1.8,1.0,13.0
400.0,1.0,0.0,26.0,75.0,118.35973333333,14.136813333333,0.0,478.0,11.0,554.77,-1.0,100.0,0.0,5.0,1.8,1.0,19.0
400.0,12.0,0.0,22.0,90.0,187.69823669751,-19.823180006644,0.0,19.67,-1.0,-1.0,-1.0,100.0,0.0,5.0,1.8,1.0,16.0
400.0,14.0,0.0,29.0,94.0,199.63730384615,17.815392307692,0.0,19.67,-1.0,-1.0,-1.0,100.0,0.0,5.0,1.8,1.0,5.0
400.0,17.0,0.0,-1.0,396.0,184.16812424876,-85.050854779527,0.0,767.8737052321,-1.0,-1.0,-1.0,100.0,35.0,5.0,1.8,1.0,13.0
401.0,1.0,0.0,26.0,76.0,118.35973333333,14.136813333333,0.0,478.0,11.0,589.77,-1.0,100.0,0.0,5.0,1.8,1.0,19.0
401.0,12.0,0.0,22.0,91.0,187.69823669751,-19.823180006644,0.0,19.67,-1.0,-1.0,-1.0,100.0,0.0,5.0,1.8,1.0,16.0
401.0,14.0,0.0,29.0,95.0,199.63730384615,17.815392307692,0.0,19.67,-1.0,-1.0,-1.0,100.0,0.0,5.0,1.8,1.0,5.0
401.0,17.0,0.0,-1.0,397.0,184.13767424876,-83.590654779527,0.0,802.8737052321,-1.0,-1.0,-1.0,100.0,35.0,5.0,1.8,1.0,13.0
402.0,1.0,0.0,26.0,77.0,118.35973333333,14.136813333333,0.0,478.0,11.0,624.77,-1.0,100.0,0.0,5.0,1.8,1.0,19.0
402.0,12.0,0.0,22.0,92.0,187.69823669751,-19.823180006644,0.0,19.67,-1.0,-1.0,-1.0,100.0,0.0,5.0,1.8,1.0,16.0
402.0,14.0,0.0,29.0,96.0,199.63730384615,17.815392307692,0.0,19.67,-1.0,-1.0,-1.0,100.0,0.0,5.0,1.8,1.0,5.0
402.0,17.0,0.0,-1.0,398.0,184.10722424876,-82.130454779527,0.0,837.8737052321,-1.0,-1.0,-1.0,100.0,35.0,5.0,1.8,1.0,13.0
403.0,1.0,0.0,26.0,78.0,118.35973333333,14.136813333333,0.0,478.0,11.0,659.77,-1.0,100.0,0.0,5.0,1.8,1.0,19.0
403.0,12.0,0.0,22.0,93.0,187.69823669751,-19.823180006644,0.0,19.67,-1.0,-1.0,-1.0,100.0,0.0,5.0,1.8,1.0,16.0
403.0,14.0,0.0,29.0,97.0,199.63730384615,17.815392307692,0.0,19.67,-1.0,-1.0,-1.0,100.0,0.0,5.0,1.8,1.0,5.0
403.0,17.0,0.0,-1.0,399.0,184.07677424876,-80.670254779527,0.0,872.8737052321,-1.0,-1.0,-1.0,100.0,35.0,5.0,1.8,1.0,13.0
404.0,1.0,0.0,26.0,79.0,118.35973333333,14.136813333333,0.0,478.0,11.0,694.77,-1.0,100.0,0.0,5.0,1.8,1.0,19.0
404.0,12.0,0.0,-1.0,94.0,187.69823669751,-19.823180006644,0.0,19.67,-1.0,-1.0,-1.0,100.0,0.0,5.0,1.8,1.0,16.0
404.0,14.0,0.0,29.0,98.0,199.63730384615,17.815392307692,0.0,19.67,-1.0,-1.0,-1.0,100.0,0.0,5.0,1.8,1.0,5.0
404.0,17.0,0.0,-1.0,400.0,184.04632424876,-79.210054779527,0.0,907.8737052321,-1.0,-1.0,-1.0,100.0,35.0,5.0,1.8,1.0,13.0
405.0,1.0,0.0,26.0,80.0,118.35973333333,14.136813333333,0.0,478.0,11.0,729.77,-1.0,100.0,0.0,5.0,1.8,1.0,19.0
405.0,12.0,0.0,-1.0,95.0,187.69823669751,-19.823180006644,0.0,19.67,-1.0,-1.0,-1.0,100.0,0.0,5.0,1.8,1.0,16.0
405.0,14.0,0.0,29.0,99.0,199.63730384615,17.815392307692,0.0,19.67,-1.0,-1.0,-1.0,100.0,0.0,5.0,1.8,1.0,5.0
405.0,17.0,0.0,-1.0,401.0,184.01587424876,-77.749854779527,0.0,942.8737052321,-1.0,-1.0,-1.0,100.0,35.0,5.0,1.8,1.0,13.0
406.0,1.0,0.0,26.0,81.0,118.35973333333,14.136813333333,0.0,478.0,11.0,764.77,-1.0,100.0,0.0,5.0,1.8,1.0,19.0
406.0,12.0,0.0,-1.0,96.0,187.69823669751,-19.823180006644,0.0,19.67,-1.0,-1.0,-1.0,100.0,0.0,5.0,1.8,1.0,16.0
406.0,14.0,0.0,29.0,100.0,199.63730384615,17.815392307692,0.0,19.67,-1.0,-1.0,-1.0,100.0,0.0,5.0,1.8,1.0,5.0
406.0,17.0,0.0,-1.0,402.0,183.98542424876,-76.289654779527,0.0,977.8737052321,-1.0,-1.0,-1.0,100.0,35.0,5.0,1.8,1.0,13.0
407.0,1.0,0.0,26.0,82.0,118.35973333333,14.136813333333,0.0,478.0,11.0,799.77,-1.0,100.0,0.0,5.0,1.8,1.0,19.0
407.0,12.0,0.0,-1.0,97.0,187.69823669751,-19.823180006644,0.0,19.67,-1.0,-1.0,-1.0,100.0,0.0,5.0,1.8,1.0,16.0
407.0,14.0,0.0,29.0,101.0,199.63730384615,17.815392307692,0.0,19.67,-1.0,-1.0,-1.0,100.0,0.0,5.0,1.8,1.0,5.0
407.0,17.0,0.0,-1.0,403.0,183.95497424876,-74.829454779527,0.0,1012.8737052321,-1.0,-1.0,-1.0,100.0,35.0,5.0,1.8,1.0,13.0
408.0,1.0,0.0,26.0,83.0,118.35973333333,14.136813333333,0.0,478.0,11.0,834.77,-1.0,100.0,0.0,5.0,1.8,1.0,19.0
408.0,12.0,0.0,-1.0,98.0,187.69823669751,-19.823180006644,0.0,19.67,-1.0,-1.0,-1.0,100.0,0.0,5.0,1.8,1.0,16.0
408.0,14.0,0.0,29.0,102.0,199.63730384615,17.815392307692,0.0,19.67,30.0,178.01406060405,-1.0,100.0,0.0,5.0,1.8,1.0,5.0
408.0,17.0,0.0,-1.0,404.0,183.92452424876,-73.369254779527,0.0,1047.8737052321,-1.0,-1.0,-1.0,100.0,35.0,5.0,1.8,1.0,13.0
409.0,1.0,0.0,26.0,84.0,118.35973333333,14.136813333333,0.0,478.0,11.0,869.77,-1.0,100.0,0.0,5.0,1.8,1.0,19.0
409.0,12.0,0.0,-1.0,99.0,187.69823669751,-19.823180006644,0.0,19.67,-1.0,-1.0,-1.0,100.0,0.0,5.0,1.8,1.0,16.0
409.0,14.0,0.0,29.0,103.0,199.63730384615,17.815392307692,0.0,19.67,30.0,189.03271787637,-1.0,100.0,0.0,5.0,1.8,1.0,5.0
409.0,17.0,0.0,-1.0,405.0,183.89407424876,-71.909054779527,0.0,1082.8737052321,-1.0,-1.0,-1.0,100.0,35.0,5.0,1.8,1.0,13.0
410.0,1.0,0.0,26.0,85.0,118.35973333333,14.136813333333,0.0,478.0,11.0,904.77,-1.0,100.0,0.0,5.0,1.8,1.0,19.0
410.0,12.0,0.0,-1.0,100.0,187.69823669751,-19.823180006644,0.0,19.67,-1.0,-1.0,-1.0,100.0,0.0,5.0,1.8,1.0,16.0
410.0,14.0,0.0,29.0,104.0,199.63730384615,17.815392307692,0.0,19.67,30.0,202.03877643137,-1.0,100.0,0.0,5.0,1.8,1.0,5.0
410.0,17.0,0.0,-1.0,406.0,183.86362424876,-70.448854779527,0.0,1117.8737052321,-1.0,-1.0,-1.0,100.0,35.0,5.0,1.8,1.0,13.0
411.0,1.0,0.0,26.0,86.0,118.35973333333,14.136813333333,0.0,478.0,11.0,939.77,-1.0,100.0,0.0,5.0,1.8,1.0,19.0
411.0,12.0,0.0,-1.0,101.0,187.69823669751,-19.823180006644,0.0,19.67,-1.0,-1.0,-1.0,100.0,0.0,5.0,1.8,1.0,16.0
411.0,14.0,0.0,29.0,105.0,199.63730384615,17.815392307692,0.0,19.67,30.0,214.94276364274,-1.0,100.0,0.0,5.0,1.8,1.0,5.0
411.0,17.0,0.0,-1.0,407.0,183.83317424876,-68.988654779527,0.0,1152.8737052321,-1.0,-1.0,-1.0,100.0,35.0,5.0,1.8,1.0,13.0
412.0,1.0,0.0,26.0,87.0,118.35973333333,14.136813333333,0.0,478.0,11.0,974.77,-1.0,100.0,0.0,5.0,1.8,1.0,19.0
412.0,12.0,0.0,-1.0,102.0,187.69823669751,-19.823180006644,0.0,19.67,-1.0,-1.0,-1.0,100.0,0.0,5.0,1.8,1.0,16.0
412.0,14.0,0.0,29.0,106.0,199.63730384615,17.815392307692,0.0,19.67,30.0,228.53130681799,-1.0,100.0,0.0,5.0,1.8,1.0,5.0
412.0,17.0,0.0,-1.0,408.0,183.80272424876,-67.528454779527,0.0,1187.8737052321,-1.0,-1.0,-1.0,100.0,35.0,5.0,1.8,1.0,13.0
413.0,1.0,0.0,26.0,88.0,118.35973333333,14.136813333333,0.0,478.0,11.0,1009.77,-1.0,100.0,0.0,5.0,1.8,1.0,19.0
413.0,12.0,0.0,-1.0,103.0,187.69823669751,-19.823180006644,0.0,19.67,-1.0,-1.0,-1.0,100.0,0.0,5.0,1.8,1.0,16.0
413.0,14.0,0.0,29.0,107.0,199.63730384615,17.815392307692,0.0,19.67,-1.0,-1.0,-1.0,100.0,0.0,5.0,1.8,1.0,5.0
413.0,17.0,0.0,-1.0,409.0,183.77227424876,-66.068254779527,0.0,1222.8737052321,-1.0,-1.0,-1.0,100.0,35.0,5.0,1.8,1.0,13.0
414.0,1.0,0.0,26.0,89.0,118.35973333333,14.136813333333,0.0,478.0,31.0,955.31808704297,-1.0,100.0,0.0,5.0,1.8,1.0,19.0
414.0,12.0,0.0,-1.0,104.0,187.69823669751,-19.823180006644,0.0,19.67,-1.0,-1.0,-1.0,100.0,0.0,5.0,1.8,1.0,16.0
414.0,14.0,0.0,29.0,108.0,199.63730384615,17.815392307692,0.0,19.67,-1.0,-1.0,-1.0,100.0,0.0,5.0,1.8,1.0,5.0
414.0,17.0,0.0,-1.0,410.0,183.74182424876,-64.608054779527,0.0,1257.8737052321,-1.0,-1.0,-1.0,100.0,35.0,5.0,1.8,1.0,13.0
415.0,1.0,0.0,26.0,90.0,118.35973333333,14.136813333333,0.0,478.0,31.0,971.02986344496,-1.0,100.0,0.0,5.0,1.8,1.0,19.0
415.0,12.0,0.0,-1.0,105.0,187.69823669751,-19.823180006644,0.0,19.67,-1.0,-1.0,-1.0,100.0,0.0,5.0,1.8,1.0,16.0
415.0,14.0,0.0,29.0,109.0,199.63730384615,17.815392307692,0.0,19.67,-1.0,-1.0,-1.0,100.0,0.0,5.0,1.8,1.0,5.0
415.0,17.0,0.0,-1.0,411.0,183.71137424876,-63.147854779527,0.0,1292.8737052321,-1.0,-1.0,-1.0,100.0,35.0,5.0,1.8,1.0,13.0
416.0,1.0,0.0,26.0,91.0,118.35973333333,14.136813333333,0.0,478.0,31.0,986.56000211158,-1.0,100.0,0.0,5.0,1.8,1.0,19.0
416.0,12.0,0.0,-1.0,106.0,187.69823669751,-19.823180006644,0.0,19.67,-1.0,-1.0,-1.0,100.0,0.0,5.0,1.8,1.0,16.0
416.0,14.0,0.0,29.0,110.0,199.63730384615,17.815392307692,0.0,19.67,-1.0,-1.0,-1.0,100.0,0.0,5.0,1.8,1.0,5.0
416.0,17.0,0.0,-1.0,412.0,183.68092424876,-61.687654779527,0.0,1327.8737052321,-1.0,-1.0,-1.0,100.0,35.0,5.0,1.8,1.0,13.0
417.0,1.0,0.0,26.0,92.0,118.35973333333,14.136813333333,0.0,478.0,31.0,999.75386381712,-1.0,100.0,0.0,5.0,1.8,1.0,19.0
417.0,12.0,0.0,-1.0,107.0,187.69823669751,-19.823180006644,0.0,19.67,-1.0,-1.0,-1.0,100.0,0.0,5.0,1.8,1.0,16.0
417.0,14.0,0.0,29.0,111.0,199.63730384615,17.815392307692,0.0,19.67,-1.0,-1.0,-1.0,100.0,0.0,5.0,1.8,1.0,5.0
417.0,17.0,0.0,-1.0,413.0,183.65047424876,-60.227454779527,0.0,1362.8737052321,-1.0,-1.0,-1.0,100.0,35.0,5.0,1.8,1.0,13.0
418.0,1.0,0.0,26.0,93.0,118.35973333333,14.136813333333,0.0,478.0,31.0,1009.6362437909,-1.0,100.0,0.0,5.0,1.8,1.0,19.0
418.0,12.0,0.0,-1.0,108.0,187.69823669751,-19.823180006644,0.0,19.67,-1.0,-1.0,-1.0,100.0,0.0,5.0,1.8,1.0,16.0
418.0,14.0,0.0,29.0,112.0,199.63730384615,17.815392307692,0.0,19.67,-1.0,-1.0,-1.0,100.0,0.0,5.0,1.8,1.0,5.0
418.0,17.0,0.0,-1.0,414.0,183.62002424876,-58.767254779527,0.0,1397.8737052321,-1.0,-1.0,-1.0,100.0,35.0,5.0,1.8,1.0,13.0
419.0,1.0,0.0,26.0,94.0,118.35973333333,14.136813333333,0.0,478.0,31.0,1015.0186237648,-1.0,100.0,0.0,5.0,1.8,1.0,19.0
419.0,12.0,0.0,-1.0,109.0,187.69823669751,-19.823180006644,0.0,19.67,-1.0,-1.0,-1.0,100.0,0.0,5.0,1.8,1.0,16.0
419.0,14.0,0.0,29.0,113.0,199.63730384615,17.815392307692,0.0,19.67,-1.0,-1.0,-1.0,100.0,0.0,5.0,1.8,1.0,5.0
419.0,17.0,0.0,-1.0,415.0,183.58957424876,-57.307054779527,0.0,1432.8737052321,-1.0,-1.0,-1.0,100.0,35.0,5.0,1.8,1.0,13.0
420.0,1.0,0.0,26.0,95.0,118.35973333333,14.136813333333,0.0,478.0,31.0,1015.9010037386,-1.0,100.0,0.0,5.0,1.8,1.0,19.0
420.0,12.0,0.0,-1.0,110.0,187.69823669751,-19.823180006644,0.0,19.67,-1.0,-1.0,-1.0,100.0,0.0,5.0,1.8,1.0,16.0
420.0,14.0,0.0,29.0,114.0,199.63730384615,17.815392307692,0.0,19.67,-1.0,-1.0,-1.0,100.0,0.0,5.0,1.8,1.0,5.0
420.0,17.0,0.0,-1.0,416.0,183.55912424876,-55.846854779527,0.0,1467.8737052321,-1.0,-1.0,-1.0,100.0,35.0,5.0,1.8,1.0,13.0
421.0,1.0,0.0,26.0,96.0,118.35973333333,14.136813333333,0.0,478.0,31.0,1015.9662502232,-1.0,100.0,0.0,5.0,1.8,1.0,19.0
421.0,12.0,0.0,-1.0,111.0,187.69823669751,-19.823180006644,0.0,19.67,-1.0,-1.0,-1.0,100.0,0.0,5.0,1.8,1.0,16.0
421.0,14.0,0.0,29.0,115.0,199.63730384615,17.815392307692,0.0,19.67,-1.0,-1.0,-1.0,100.0,0.0,5.0,1.8,1.0,5.0
421.0,17.0,0.0,-1.0,417.0,183.52867424876,-54.386654779527,0.0,1502.8737052321,-1.0,-1.0,-1.0,100.0,35.0,5.0,1.8,1.0,13.0
422.0,1.0,0.0,26.0,97.0,118.35973333333,14.136813333333,0.0,478.0,31.0,1015.9936142455,-1.0,100.0,0.0,5.0,1.8,1.0,19.0
422.0,12.0,0.0,-1.0,112.0,187.69823669751,-19.823180006644,0.0,19.67,-1.0,-1.0,-1.0,100.0,0.0,5.0,1.8,1.0,16.0
422.0,14.0,0.0,29.0,116.0,199.63730384615,17.815392307692,0.0,19.67,-1.0,-1.0,-1.0,100.0,0.0,5.0,1.8,1.0,5.0
422.0,17.0,0.0,-1.0,418.0,183.49822424876,-52.926454779527,0.0,1537.8737052321,-1.0,-1.0,-1.0,100.0,35.0,5.0,1.8,1.0,13.0
423.0,1.0,0.0,26.0,98.0,118.35973333333,14.136813333333,0.0,478.0,31.0,1015.9984760816,-1.0,100.0,0.0,5.0,1.8,1.0,19.0
423.0,12.0,0.0,-1.0,113.0,187.69823669751,-19.823180006644,0.0,19.67,-1.0,-1.0,-1.0,100.0,0.0,5.0,1.8,1.0,16.0
423.0,14.0,0.0,29.0,117.0,199.63730384615,17.815392307692,0.0,19.67,-1.0,-1.0,-1.0,100.0,0.0,5.0,1.8,1.0,5.0
423.0,17.0,0.0,-1.0,419.0,183.46777424876,-51.466254779527,0.0,1572.8737052321,-1.0,-1.0,-1.0,100.0,35.0,5.0,1.8,1.0,13.0
424.0,1.0,0.0,26.0,99.0,118.35973333333,14.136813333333,0.0,478.0,31.0,1015.9988968973,-1.0,100.0,0.0,5.0,1.8,1.0,19.0
424.0,12.0,0.0,-1.0,114.0,187.69823669751,-19.823180006644,0.0,19.67,-1.0,-1.0,-1.0,100.0,0.0,5.0,1.8,1.0,16.0
424.0,14.0,0.0,29.0,118.0,199.63730384615,17.815392307692,0.0,19.67,-1.0,-1.0,-1.0,100.0,0.0,5.0,1.8,1.0,5.0
424.0,17.0,0.0,-1.0,420.0,183.43732424876,-50.006054779527,0.0,1607.8737052321,-1.0,-1.0,-1.0,100.0,35.0,5.0,1.8,1.0,13.0
425.0,1.0,0.0,26.0,100.0,118.35973333333,14.136813333333,0.0,478.0,31.0,1015.9988968973,-1.0,100.0,0.0,5.0,1.8,1.0,19.0
425.0,12.0,0.0,-1.0,115.0,187.69823669751,-19.823180006644,0.0,19.67,-1.0,-1.0,-1.0,100.0,0.0,5.0,1.8,1.0,16.0
425.0,14.0,0.0,29.0,119.0,199.63730384615,17.815392307692,0.0,19.67,-1.0,-1.0,-1.0,100.0,0.0,5.0,1.8,1.0,5.0
425.0,17.0,0.0,-1.0,421.0,183.40687424876,-48.545854779527,0.0,1642.8737052321,-1.0,-1.0,-1.0,100.0,35.0,5.0,1.8,1.0,13.0
426.0,1.0,0.0,26.0,101.0,118.35973333333,14.136813333333,0.0,478.0,31.0,1015.9988968973,-1.0,100.0,0.0,5.0,1.8,1.0,19.0
426.0,12.0,0.0,-1.0,116.0,187.69823669751,-19.823180006644,0.0,19.67,-1.0,-1.0,-1.0,100.0,0.0,5.0,1.8,1.0,16.0
426.0,14.0,0.0,29.0,120.0,199.63730384615,17.815392307692,0.0,19.67,-1.0,-1.0,-1.0,100.0,0.0,5.0,1.8,1.0,5.0
426.0,17.0,0.0,-1.0,422.0,183.37642424876,-47.085654779527,0.0,1677.8737052321,-1.0,-1.0,-1.0,100.0,35.0,5.0,1.8,1.0,13.0
427.0,1.0,0.0,26.0,102.0,118.35973333333,14.136813333333,0.0,478.0,31.0,1015.9988968973,-1.0,100.0,0.0,5.0,1.8,1.0,19.0
427.0,12.0,0.0,-1.0,117.0,187.69823669751,-19.823180006644,0.0,19.67,-1.0,-1.0,-1.0,100.0,0.0,5.0,1.8,1.0,16.0
427.0,14.0,0.0,29.0,121.0,199.63730384615,17.815392307692,0.0,19.67,-1.0,-1.0,-1.0,100.0,0.0,5.0,1.8,1.0,5.0
427.0,17.0,0.0,-1.0,423.0,183.34597424876,-45.625454779527,0.0,1712.8737052321,-1.0,-1.0,-1.0,100.0,35.0,5.0,1.8,1.0,13.0
428.0,1.0,0.0,26.0,103.0,118.35973333333,14.136813333333,0.0,478.0,31.0,1015.9988968973,-1.0,100.0,0.0,5.0,1.8,1.0,19.0
428.0,12.0,0.0,-1.0,118.0,187.69823669751,-19.823180006644,0.0,19.67,-1.0,-1.0,-1.0,100.0,0.0,5.0,1.8,1.0,16.0
428.0,14.0,0.0,29.0,122.0,199.63730384615,17.815392307692,0.0,19.67,-1.0,-1.0,-1.0,100.0,0.0,5.0,1.8,1.0,5.0
428.0,17.0,0.0,-1.0,424.0,183.31552424876,-44.165254779527,0.0,1747.8737052321,-1.0,-1.0,-1.0,100.0,35.0,5.0,1.8,1.0,13.0
429.0,1.0,0.0,26.0,104.0,118.35973333333,14.136813333333,0.0,478.0,31.0,1015.9988968973,-1.0,100.0,0.0,5.0,1.8,1.0,19.0
429.0,12.0,0.0,-1.0,119.0,187.69823669751,-19.823180006644,0.0,19.67,-1.0,-1.0,-1.0,100.0,0.0,5.0,1.8,1.0,16.0
429.0,14.0,0.0,29.0,123.0,199.63730384615,17.815392307692,0.0,19.67,-1.0,-1.0,-1.0,100.0,0.0,5.0,1.8,1.0,5.0
429.0,17.0,0.0,-1.0,425.0,183.28507424876,-42.705054779527,0.0,1782.8737052321,-1.0,-1.0,-1.0,100.0,35.0,5.0,1.8,1.0,13.0
430.0,1.0,0.0,26.0,105.0,118.35973333333,14.136813333333,0.0,478.0,31.0,1015.9988968973,-1.0,100.0,0.0,5.0,1.8,1.0,19.0
430.0,12.0,0.0,-1.0,120.0,187.69823669751,-19.823180006644,0.0,19.67,-1.0,-1.0,-1.0,100.0,0.0,5.0,1.8,1.0,16.0
430.0,14.0,0.0,29.0,124.0,199.63730384615,17.815392307692,0.0,19.67,-1.0,-1.0,-1.0,100.0,0.0,5.0,1.8,1.0,5.0
430.0,17.0,0.0,-1.0,426.0,183.25462424876,-41.244854779527,0.0,1817.8737052321,-1.0,-1.0,-1.0,100.0,35.0,5.0,1.8,1.0,13.0
431.0,1.0,0.0,26.0,106.0,118.35973333333,14.136813333333,0.0,478.0,31.0,1015.9988968973,-1.0,100.0,0.0,5.0,1.8,1.0,19.0
431.0,12.0,0.0,-1.0,121.0,187.69823669751,-19.823180006644,0.0,19.67,-1.0,-1.0,-1.0,100.0,0.0,5.0,1.8,1.0,16.0
431.0,14.0,0.0,29.0,125.0,199.63730384615,17.815392307692,0.0,19.67,-1.0,-1.0,-1.0,100.0,0.0,5.0,1.8,1.0,5.0
431.0,17.0,0.0,-1.0,427.0,183.22417424876,-39.784654779527,0.0,1852.8737052321,-1.0,-1.0,-1.0,100.0,35.0,5.0,1.8,1.0,13.0
432.0,1.0,0.0,26.0,107.0,118.35973333333,14.136813333333,0.0,478.0,31.0,1015.9988968973,-1.0,100.0,0.0,5.0,1.8,1.0,19.0
432.0,12.0,0.0,-1.0,122.0,187.69823669751,-19.823180006644,0.0,19.67,-1.0,-1.0,-1.0,100.0,0.0,5.0,1.8,1.0,16.0
432.0,14.0,0.0,29.0,126.0,199.63730384615,17.815392307692,0.0,19.67,-1.0,-1.0,-1.0,100.0,0.0,5.0,1.8,1.0,5.0
432.0,17.0,0.0,-1.0,428.0,183.19372424876,-38.324454779527,0.0,1887.8737052321,-1.0,-1.0,-1.0,100.0,35.0,5.0,1.8,1.0,13.0
433.0,1.0,0.0,26.0,108.0,118.35973333333,14.136813333333,0.0,478.0,31.0,1015.9988968973,-1.0,100.0,0.0,5.0,1.8,1.0,19.0
433.0,12.0,0.0,-1.0,123.0,187.69823669751,-19.823180006644,0.0,19.67,-1.0,-1.0,-1.0,100.0,0.0,5.0,1.8,1.0,16.0
433.0,14.0,0.0,29.0,127.0,199.63730384615,17.815392307692,0.0,19.67,-1.0,-1.0,-1.0,100.0,0.0,5.0,1.8,1.0,5.0
433.0,17.0,0.0,-1.0,429.0,183.16327424876,-36.864254779527,0.0,1922.8737052321,-1.0,-1.0,-1.0,100.0,35.0,5.0,1.8,1.0,13.0
434.0,1.0,0.0,26.0,109.0,118.35973333333,14.136813333333,0.0,478.0,31.0,1015.9988968973,-1.0,100.0,0.0,5.0,1.8,1.0,19.0
434.0,12.0,0.0,-1.0,124.0,187.69823669751,-19.823180006644,0.0,19.67,-1.0,-1.0,-1.0,100.0,0.0,5.0,1.8,1.0,16.0
434.0,14.0,0.0,29.0,128.0,199.63730384615,17.815392307692,0.0,19.67,-1.0,-1.0,-1.0,100.0,0.0,5.0,1.8,1.0,5.0
434.0,17.0,0.0,-1.0,430.0,183.13282424876,-35.404054779527,0.0,1957.8737052321,-1.0,-1.0,-1.0,100.0,35.0,5.0,1.8,1.0,13.0
435.0,1.0,0.0,26.0,110.0,118.35973333333,14.136813333333,0.0,478.0,31.0,1015.9988968973,-1.0,100.0,0.0,5.0,1.8,1.0,19.0
435.0,12.0,0.0,-1.0,125.0,187.69823669751,-19.823180006644,0.0,19.67,-1.0,-1.0,-1.0,100.0,0.0,5.0,1.8,1.0,16.0
435.0,14.0,0.0,29.0,129.0,199.63730384615,17.815392307692,0.0,19.67,-1.0,-1.0,-1.0,100.0,0.0,5.0,1.8,1.0,5.0
435.0,17.0,0.0,-1.0,431.0,183.10237424876,-33.943854779527,0.0,1992.8737052321,-1.0,-1.0,-1.0,100.0,35.0,5.0,1.8,1.0,13.0
436.0,1.0,0.0,26.0,111.0,118.35973333333,14.136813333333,0.0,478.0,31.0,1015.9988968973,-1.0,100.0,0.0,5.0,1.8,1.0,19.0
436.0,12.0,0.0,-1.0,126.0,186.52597020303,-16.806799429802,0.0,19.67,22.0,7.6942423960923,-1.0,100.0,0.0,5.0,1.8,1.0,15.0
436.0,14.0,0.0,29.0,130.0,199.63730384615,17.815392307692,0.0,19.67,-1.0,-1.0,-1.0,100.0,0.0,5.0,1.8,1.0,5.0
436.0,17.0,0.0,-1.0,432.0,190.28265098062,-25.725017110355,0.0,20.133705232101,-1.0,-1.0,-1.0,100.0,35.0,5.0,1.8,1.0,5.0
437.0,1.0,0.0,26.0,112.0,118.35973333333,14.136813333333,0.0,478.0,31.0,1015.9988968973,-1.0,100.0,0.0,5.0,1.8,1.0,19.0
437.0,12.0,0.0,-1.0,127.0,186.52597020303,-16.806799429802,0.0,19.67,22.0,18.243352443337,-1.0,100.0,0.0,5.0,1.8,1.0,15.0
437.0,14.0,0.0,29.0,131.0,199.63730384615,17.815392307692,0.0,19.67,-1.0,-1.0,-1.0,100.0,0.0,5.0,1.8,1.0,5.0
437.0,17.0,0.0,-1.0,433.0,195.65303181633,-22.481876679187,0.0,55.133705232101,-1.0,-1.0,-1.0,100.0,35.0,5.0,1.8,1.0,5.0
438.0,1.0,0.0,26.0,113.0,118.35973333333,14.136813333333,0.0,478.0,31.0,1015.9988968973,-1.0,100.0,0.0,5.0,1.8,1.0,19.0
438.0,12.0,0.0,-1.0,128.0,186.52597020303,-16.806799429802,0.0,19.67,22.0,31.352463328664,-1.0,100.0,0.0,5.0,1.8,1.0,15.0
438.0,14.0,0.0,29.0,132.0,199.63730384615,17.815392307692,0.0,19.67,-1.0,-1.0,-1.0,100.0,0.0,5.0,1.8,1.0,5.0
438.0,17.0,0.0,-1.0,434.0,201.6761557622,-15.994828329464,0.0,31.483705232101,-1.0,-1.0,-1.0,100.0,35.0,5.0,1.8,1.0,4.0
439.0,1.0,0.0,26.0,114.0,118.35973333333,14.136813333333,0.0,478.0,31.0,1015.9988968973,-1.0,100.0,0.0,5.0,1.8,1.0,19.0
439.0,12.0,0.0,-1.0,129.0,186.52597020303,-16.806799429802,0.0,19.67,22.0,44.540477826537,-1.0,100.0,0.0,5.0,1.8,1.0,15.0
439.0,14.0,0.0,29.0,133.0,199.63730384615,17.815392307692,0.0,19.67,-1.0,-1.0,-1.0,100.0,0.0,5.0,1.8,1.0,5.0
439.0,17.0,0.0,-1.0,435.0,205.45081312842,-10.919594356749,0.0,66.483705232101,-1.0,-1.0,-1.0,100.0,35.0,5.0,1.8,1.0,4.0
440.0,1.0,0.0,26.0,115.0,118.35973333333,14.136813333333,0.0,478.0,31.0,1015.9988968973,-1.0,100.0,0.0,5.0,1.8,1.0,19.0
440.0,12.0,0.0,-1.0,130.0,186.52597020303,-16.806799429802,0.0,19.67,22.0,58.718452362816,-1.0,100.0,0.0,5.0,1.8,1.0,15.0
440.0,14.0,0.0,29.0,134.0,199.63730384615,17.815392307692,0.0,19.67,-1.0,-1.0,-1.0,100.0,0.0,5.0,1.8,1.0,5.0
440.0,17.0,0.0,-1.0,436.0,209.66406994419,-4.5231391357647,0.0,1.4837052321012,-1.0,-1.0,-1.0,100.0,35.0,5.0,1.8,1.0,2.0
441.0,1.0,0.0,26.0,116.0,118.35973333333,14.136813333333,0.0,478.0,31.0,1015.9988968973,-1.0,100.0,0.0,5.0,1.8,1.0,19.0
441.0,12.0,0.0,-1.0,131.0,186.52597020303,-16.806799429802,0.0,19.67,22.0,73.002158737571,-1.0,100.0,0.0,5.0,1.8,1.0,15.0
441.0,14.0,0.0,29.0,135.0,199.63730384615,17.815392307692,0.0,19.67,-1.0,-1.0,-1.0,100.0,0.0,5.0,1.8,1.0,5.0
441.0,17.0,0.0,-1.0,437.0,209.40606751957,19.761192935495,0.0,12.133705232101,-1.0,-1.0,-1.0,100.0,35.0,5.0,1.8,1.0,29.0
442.0,1.0,0.0,26.0,117.0,118.35973333333,14.136813333333,0.0,478.0,31.0,1015.9988968973,-1.0,100.0,0.0,5.0,1.8,1.0,19.0
442.0,12.0,0.0,-1.0,132.0,186.52597020303,-16.806799429802,0.0,19.67,22.0,87.040265432212,-1.0,100.0,0.0,5.0,1.8,1.0,15.0
442.0,14.0,0.0,29.0,136.0,199.63730384615,17.815392307692,0.0,19.67,-1.0,-1.0,-1.0,100.0,0.0,5.0,1.8,1.0,5.0
442.0,17.0,0.0,-1.0,438.0,208.76809001991,21.037402836922,0.0,47.133705232101,-1.0,-1.0,-1.0,100.0,35.0,5.0,1.8,1.0,29.0
443.0,1.0,0.0,26.0,118.0,118.35973333333,14.136813333333,0.0,478.0,31.0,1015.9988968973,-1.0,100.0,0.0,5.0,1.8,1.0,19.0
443.0,12.0,0.0,-1.0,133.0,186.52597020303,-16.806799429802,0.0,19.67,22.0,101.30517810929,-1.0,100.0,0.0,5.0,1.8,1.0,15.0
443.0,14.0,0.0,29.0,137.0,199.63730384615,17.815392307692,0.0,19.67,-1.0,-1.0,-1.0,100.0,0.0,5.0,1.8,1.0,5.0
443.0,17.0,0.0,-1.0,439.0,205.83017746478,25.985640799366,0.0,4.1337052321012,-1.0,-1.0,-1.0,100.0,35.0,5.0,1.8,1.0,2.0
444.0,1.0,0.0,26.0,119.0,118.35973333333,14.136813333333,0.0,478.0,31.0,1015.9988968973,-1.0,100.0,0.0,5.0,1.8,1.0,19.0
444.0,12.0,0.0,-1.0,134.0,186.52597020303,-16.806799429802,0.0,19.67,22.0,115.47565030812,-1.0,100.0,0.0,5.0,1.8,1.0,15.0
444.0,14.0,0.0,29.0,138.0,199.63730384615,17.815392307692,0.0,19.67,-1.0,-1.0,-1.0,100.0,0.0,5.0,1.8,1.0,5.0
444.0,17.0,0.0,-1.0,440.0,187.90549586468,35.843671545405,0.0,16.903705232101,-1.0,-1.0,-1.0,100.0,35.0,5.0,1.8,1.0,2.0
445.0,1.0,0.0,26.0,120.0,118.35973333333,14.136813333333,0.0,478.0,31.0,1015.9988968973,-1.0,100.0,0.0,5.0,1.8,1.0,19.0
445.0,12.0,0.0,-1.0,135.0,186.52597020303,-16.806799429802,0.0,19.67,22.0,128.47255871228,-1.0,100.0,0.0,5.0,1.8,1.0,15.0
445.0,14.0,0.0,29.0,139.0,199.63730384615,17.815392307692,0.0,19.67,-1.0,-1.0,-1.0,100.0,0.0,5.0,1.8,1.0,5.0
445.0,17.0,0.0,-1.0,441.0,186.50987523693,36.709523629103,0.0,51.903705232101,-1.0,-1.0,-1.0,100.0,35.0,5.0,1.8,1.0,2.0
446.0,1.0,0.0,26.0,121.0,118.35973333333,14.136813333333,0.0,478.0,31.0,1015.9988968973,-1.0,100.0,0.0,5.0,1.8,1.0,19.0
446.0,12.0,0.0,-1.0,136.0,186.52597020303,-16.806799429802,0.0,19.67,-1.0,-1.0,-1.0,100.0,0.0,5.0,1.8,1.0,15.0
446.0,14.0,0.0,29.0,140.0,199.63730384615,17.815392307692,0.0,19.67,-1.0,-1.0,-1.0,100.0,0.0,5.0,1.8,1.0,5.0
446.0,17.0,0.0,-1.0,442.0,176.79996689354,40.351395464851,0.0,8.9037052321012,-1.0,-1.0,-1.0,100.0,35.0,5.0,1.8,1.0,14.0
447.0,1.0,0.0,-1.0,122.0,118.35973333333,14.136813333333,0.0,478.0,31.0,1015.9988968973,-1.0,100.0,0.0,5.0,1.8,1.0,19.0
447.0,12.0,0.0,-1.0,137.0,186.52597020303,-16.806799429802,0.0,19.67,-1.0,-1.0,-1.0,100.0,0.0,5.0,1.8,1.0,15.0
447.0,14.0,0.0,29.0,141.0,199.63730384615,17.815392307692,0.0,19.67,-1.0,-1.0,-1.0,100.0,0.0,5.0,1.8,1.0,5.0
447.0,17.0,0.0,-1.0,443.0,159.9063399917,36.593043196016,0.0,21.223705232101,-1.0,-1.0,-1.0,100.0,35.0,5.0,1.8,1.0,8.0
448.0,1.0,0.0,-1.0,123.0,118.35973333333,14.136813333333,0.0,478.0,31.0,1015.9988968973,-1.0,100.0,0.0,5.0,1.8,1.0,19.0
448.0,12.0,0.0,-1.0,138.0,186.52597020303,-16.806799429802,0.0,19.67,-1.0,-1.0,-1.0,100.0,0.0,5.0,1.8,1.0,15.0
448.0,14.0,0.0,29.0,142.0,199.63730384615,17.815392307692,0.0,19.67,-1.0,-1.0,-1.0,100.0,0.0,5.0,1.8,1.0,5.0
448.0,17.0,0.0,-1.0,444.0,154.9642581404,34.183913548893,0.0,56.223705232101,-1.0,-1.0,-1.0,100.0,35.0,5.0,1.8,1.0,8.0
449.0,1.0,0.0,-1.0,124.0,118.35973333333,14.136813333333,0.0,478.0,31.0,1015.9988968973,-1.0,100.0,0.0,5.0,1.8,1.0,19.0
449.0,12.0,0.0,-1.0,139.0,186.52597020303,-16.806799429802,0.0,19.67,-1.0,-1.0,-1.0,100.0,0.0,5.0,1.8,1.0,15.0
449.0,14.0,0.0,29.0,143.0,199.63730384615,17.815392307692,0.0,19.67,-1.0,-1.0,-1.0,100.0,0.0,5.0,1.8,1.0,5.0
449.0,17.0,0.0,-1.0,445.0,148.73885336272,27.886066703394,0.0,31.703705232101,-1.0,-1.0,-1.0,100.0,35.0,5.0,1.8,1.0,19.0
450.0,1.0,0.0,-1.0,125.0,118.35973333333,14.136813333333,0.0,478.0,31.0,1015.9988968973,-1.0,100.0,0.0,5.0,1.8,1.0,19.0
450.0,12.0,0.0,-1.0,140.0,186.52597020303,-16.806799429802,0.0,19.67,-1.0,-1.0,-1.0,100.0,0.0,5.0,1.8,1.0,15.0
450.0,14.0,0.0,29.0,144.0,199.63730384615,17.815392307692,0.0,19.67,-1.0,-1.0,-1.0,100.0,0.0,5.0,1.8,1.0,5.0
450.0,17.0,0.0,-1.0,446.0,145.00806292295,22.908799681146,0.0,66.703705232101,-1.0,-1.0,-1.0,100.0,35.0,5.0,1.8,1.0,19.0
451.0,1.0,0.0,-1.0,126.0,118.35973333333,14.136813333333,0.0,478.0,-1.0,-1.0,-1.0,100.0,0.0,5.0,1.8,1.0,19.0
451.0,12.0,0.0,-1.0,141.0,186.52597020303,-16.806799429802,0.0,19.67,-1.0,-1.0,-1.0,100.0,0.0,5.0,1.8,1.0,15.0
451.0,14.0,0.0,29.0,145.0,199.63730384615,17.815392307692,0.0,19.67,-1.0,-1.0,-1.0,100.0,0.0,5.0,1.8,1.0,5.0
451.0,17.0,0.0,-1.0,447.0,137.59801686368,17.041225647935,0.0,1.7037052321012,-1.0,-1.0,-1.0,100.0,35.0,5.0,1.8,1.0,83.0
452.0,1.0,0.0,-1.0,127.0,118.35973333333,14.136813333333,0.0,478.0,-1.0,-1.0,-1.0,100.0,0.0,5.0,1.8,1.0,19.0
452.0,12.0,0.0,-1.0,142.0,186.52597020303,-16.806799429802,0.0,19.67,-1.0,-1.0,-1.0,100.0,0.0,5.0,1.8,1.0,15.0
452.0,14.0,0.0,29.0,146.0,199.63730384615,17.815392307692,0.0,19.67,-1.0,-1.0,-1.0,100.0,0.0,5.0,1.8,1.0,5.0
452.0,17.0,0.0,-1.0,448.0,138.22813584496,-7.9553677071493,0.0,10.643705232101,-1.0,-1.0,-1.0,100.0,35.0,5.0,1.8,1.0,14.0
453.0,1.0,0.0,-1.0,128.0,118.35973333333,14.136813333333,0.0,478.0,26.0,53.391120954982,-1.0,100.0,0.0,5.0,1.8,1.0,19.0
453.0,12.0,0.0,-1.0,143.0,186.52597020303,-16.806799429802,0.0,19.67,-1.0,-1.0,-1.0,100.0,0.0,5.0,1.8,1.0,15.0
453.0,14.0,0.0,29.0,147.0,199.63730384615,17.815392307692,0.0,19.67,-1.0,-1.0,-1.0,100.0,0.0,5.0,1.8,1.0,5.0
453.0,17.0,0.0,-1.0,449.0,138.26852046035,-8.0316497584313,0.0,45.643705232101,-1.0,-1.0,-1.0,100.0,35.0,5.0,1.8,1.0,14.0
454.0,1.0,0.0,-1.0,129.0,118.35973333333,14.136813333333,0.0,478.0,26.0,68.755481844889,-1.0,100.0,0.0,5.0,1.8,1.0,19.0
454.0,12.0,0.0,-1.0,144.0,186.52597020303,-16.806799429802,0.0,19.67,-1.0,-1.0,-1.0,100.0,0.0,5.0,1.8,1.0,15.0
454.0,14.0,0.0,29.0,148.0,199.63730384615,17.815392307692,0.0,19.67,-1.0,-1.0,-1.0,100.0,0.0,5.0,1.8,1.0,5.0
454.0,17.0,0.0,-1.0,450.0,139.01484702091,-10.628843229803,0.0,2.6437052321012,-1.0,-1.0,-1.0,100.0,35.0,5.0,1.8,1.0,10.0
455.0,1.0,0.0,-1.0,130.0,118.35973333333,14.136813333333,0.0,478.0,26.0,84.64980284814,-1.0,100.0,0.0,5.0,1.8,1.0,19.0
455.0,12.0,0.0,-1.0,145.0,186.52597020303,-16.806799429802,0.0,19.67,-1.0,-1.0,-1.0,100.0,0.0,5.0,1.8,1.0,15.0
455.0,14.0,0.0,29.0,149.0,199.63730384615,17.815392307692,0.0,19.67,-1.0,-1.0,-1.0,100.0,0.0,5.0,1.8,1.0,5.0
455.0,17.0,0.0,-1.0,451.0,136.03610877008,-15.838613309137,0.0,29.623705232101,-1.0,-1.0,-1.0,100.0,35.0,5.0,1.8,1.0,11.0
456.0,1.0,0.0,-1.0,131.0,118.35973333333,10.936813333333,0.0,478.0,-1.0,-1.0,-1.0,100.0,0.0,5.0,1.8,1.0,6.0
456.0,12.0,0.0,-1.0,146.0,186.52597020303,-16.806799429802,0.0,19.67,-1.0,-1.0,-1.0,100.0,0.0,5.0,1.8,1.0,15.0
456.0,14.0,0.0,29.0,150.0,199.63730384615,17.815392307692,0.0,19.67,-1.0,-1.0,-1.0,100.0,0.0,5.0,1.8,1.0,5.0
456.0,17.0,0.0,-1.0,452.0,135.26190877008,-16.51014664247,0.0,64.623705232101,-1.0,-1.0,-1.0,100.0,35.0,5.0,1.8,1.0,11.0
457.0,1.0,0.0,-1.0,132.0,118.35973333333,10.936813333333,0.0,478.0,-1.0,-1.0,-1.0,100.0,0.0,5.0,1.8,1.0,6.0
457.0,12.0,0.0,-1.0,147.0,186.52597020303,-16.806799429802,0.0,19.67,-1.0,-1.0,-1.0,100.0,0.0,5.0,1.8,1.0,15.0
457.0,14.0,0.0,29.0,151.0,199.63730384615,17.815392307692,0.0,19.67,-1.0,-1.0,-1.0,100.0,0.0,5.0,1.8,1.0,5.0
457.0,17.0,0.0,-1.0,453.0,134.48770877008,-17.181679975804,0.0,99.623705232101,-1.0,-1.0,-1.0,100.0,35.0,5.0,1.8,1.0,11.0
458.0,1.0,0.0,-1.0,133.0,118.35973333333,10.936813333333,0.0,478.0,-1.0,-1.0,-1.0,100.0,0.0,5.0,1.8,1.0,6.0
458.0,12.0,0.0,-1.0,148.0,186.52597020303,-16.806799429802,0.0,19.67,-1.0,-1.0,-1.0,100.0,0.0,5.0,1.8,1.0,15.0
458.0,14.0,0.0,29.0,152.0,199.63730384615,17.815392307692,0.0,19.67,-1.0,-1.0,-1.0,100.0,0.0,5.0,1.8,1.0,5.0
458.0,17.0,0.0,-1.0,454.0,133.71350877008,-17.853213309137,0.0,134.6237052321,-1.0,-1.0,-1.0,100.0,35.0,5.0,1.8,1.0,11.0
459.0,1.0,0.0,-1.0,134.0,118.35973333333,10.936813333333,0.0,478.0,-1.0,-1.0,-1.0,100.0,0.0,5.0,1.8,1.0,6.0
459.0,12.0,0.0,-1.0,149.0,186.52597020303,-16.806799429802,0.0,19.67,-1.0,-1.0,-1.0,100.0,0.0,5.0,1.8,1.0,15.0
459.0,14.0,0.0,29.0,153.0,199.63730384615,17.815392307692,0.0,19.67,-1.0,-1.0,-1.0,100.0,0.0,5.0,1.8,1.0,5.0
459.0,17.0,0.0,-1.0,455.0,132.93930877008,-18.52474664247,0.0,169.6237052321,-1.0,-1.0,-1.0,100.0,35.0,5.0,1.8,1.0,11.0
460.0,1.0,0.0,-1.0,135.0,118.35973333333,10.936813333333,0.0,478.0,-1.0,-1.0,-1.0,100.0,0.0,5.0,1.8,1.0,6.0
460.0,12.0,0.0,-1.0,150.0,186.52597020303,-16.806799429802,0.0,19.67,-1.0,-1.0,-1.0,100.0,0.0,5.0,1.8,1.0,15.0
460.0,14.0,0.0,29.0,154.0,199.63730384615,17.815392307692,0.0,19.67,-1.0,-1.0,-1.0,100.0,0.0,5.0,1.8,1.0,5.0
460.0,17.0,0.0,-1.0,456.0,132.16510877008,-19.196279975804,0.0,204.6237052321,-1.0,-1.0,-1.0,100.0,35.0,5.0,1.8,1.0,11.0
461.0,1.0,0.0,-1.0,136.0,118.35973333333,10.936813333333,0.0,478.0,-1.0,-1.0,-1.0,100.0,0.0,5.0,1.8,1.0,6.0
461.0,12.0,0.0,-1.0,151.0,186.52597020303,-16.806799429802,0.0,19.67,-1.0,-1.0,-1.0,100.0,0.0,5.0,1.8,1.0,15.0
461.0,14.0,0.0,29.0,155.0,199.63730384615,17.815392307692,0.0,19.67,-1.0,-1.0,-1.0,100.0,0.0,5.0,1.8,1.0,5.0
461.0,17.0,0.0,-1.0,457.0,131.39090877008,-19.867813309137,0.0,239.6237052321,-1.0,-1.0,-1.0,100.0,35.0,5.0,1.8,1.0,11.0
462.0,1.0,0.0,-1.0,137.0,118.35973333333,10.936813333333,0.0,478.0,-1.0,-1.0,-1.0,100.0,0.0,5.0,1.8,1.0,6.0
462.0,12.0,0.0,-1.0,152.0,186.52597020303,-16.806799429802,0.0,19.67,-1.0,-1.0,-1.0,100.0,0.0,5.0,1.8,1.0,15.0
462.0,14.0,0.0,29.0,156.0,199.63730384615,17.815392307692,0.0,19.67,-1.0,-1.0,-1.0,100.0,0.0,5.0,1.8,1.0,5.0
462.0,17.0,0.0,-1.0,458.0,130.61670877008,-20.53934664247,0.0,274.6237052321,-1.0,-1.0,-1.0,100.0,35.0,5.0,1.8,1.0,11.0
463.0,1.0,0.0,-1.0,138.0,118.35973333333,10.936813333333,0.0,478.0,-1.0,-1.0,-1.0,100.0,0.0,5.0,1.8,1.0,6.0
463.0,12.0,0.0,-1.0,153.0,186.52597020303,-16.806799429802,0.0,19.67,-1.0,-1.0,-1.0,100.0,0.0,5.0,1.8,1.0,15.0
463.0,14.0,0.0,29.0,157.0,199.63730384615,17.815392307692,0.0,19.67,-1.0,-1.0,-1.0,100.0,0.0,5.0,1.8,1.0,5.0
463.0,17.0,0.0,-1.0,459.0,129.84250877008,-21.210879975804,0.0,309.6237052321,-1.0,-1.0,-1.0,100.0,35.0,5.0,1.8,1.0,11.0
464.0,1.0,0.0,-1.0,139.0,118.35973333333,10.936813333333,0.0,478.0,-1.0,-1.0,-1.0,100.0,0.0,5.0,1.8,1.0,6.0
464.0,12.0,0.0,-1.0,154.0,186.52597020303,-16.806799429802,0.0,19.67,-1.0,-1.0,-1.0,100.0,0.0,5.0,1.8,1.0,15.0
464.0,14.0,0.0,29.0,158.0,199.63730384615,17.815392307692,0.0,19.67,-1.0,-1.0,-1.0,100.0,0.0,5.0,1.8,1.0,5.0
464.0,17.0,0.0,-1.0,460.0,129.06830877008,-21.882413309137,0.0,344.6237052321,-1.0,-1.0,-1.0,100.0,35.0,5.0,1.8,1.0,11.0
465.0,1.0,0.0,-1.0,140.0,118.35973333333,10.936813333333,0.0,478.0,-1.0,-1.0,-1.0,100.0,0.0,5.0,1.8,1.0,6.0
465.0,12.0,0.0,-1.0,155.0,186.52597020303,-16.806799429802,0.0,19.67,-1.0,-1.0,-1.0,100.0,0.0,5.0,1.8,1.0,15.0
465.0,14.0,0.0,29.0,159.0,199.63730384615,17.815392307692,0.0,19.67,-1.0,-1.0,-1.0,100.0,0.0,5.0,1.8,1.0,5.0
465.0,17.0,0.0,-1.0,461.0,128.29410877008,-22.55394664247,0.0,379.6237052321,-1.0,-1.0,-1.0,100.0,35.0,5.0,1.8,1.0,11.0
466.0,1.0,0.0,-1.0,141.0,118.35973333333,10.936813333333,0.0,478.0,-1.0,-1.0,-1.0,100.0,0.0,5.0,1.8,1.0,6.0
466.0,12.0,0.0,-1.0,156.0,186.52597020303,-16.806799429802,0.0,19.67,-1.0,-1.0,-1.0,100.0,0.0,5.0,1.8,1.0,15.0
466.0,14.0,0.0,29.0,160.0,199.63730384615,17.815392307692,0.0,19.67,-1.0,-1.0,-1.0,100.0,0.0,5.0,1.8,1.0,5.0
466.0,17.0,0.0,-1.0,462.0,127.51990877008,-23.225479975804,0.0,414.6237052321,-1.0,-1.0,-1.0,100.0,35.0,5.0,1.8,1.0,11.0
467.0,1.0,0.0,-1.0,142.0,118.35973333333,10.936813333333,0.0,478.0,-1.0,-1.0,-1.0,100.0,0.0,5.0,1.8,1.0,6.0
467.0,12.0,0.0,-1.0,157.0,186.52597020303,-16.806799429802,0.0,19.67,-1.0,-1.0,-1.0,100.0,0.0,5.0,1.8,1.0,15.0
467.0,14.0,0.0,29.0,161.0,199.63730384615,17.815392307692,0.0,19.67,-1.0,-1.0,-1.0,100.0,0.0,5.0,1.8,1.0,5.0
467.0,17.0,0.0,-1.0,463.0,126.74570877008,-23.897013309137,0.0,449.6237052321,-1.0,-1.0,-1.0,100.0,35.0,5.0,1.8,1.0,11.0
468.0,1.0,0.0,-1.0,143.0,118.35973333333,10.936813333333,0.0,478.0,-1.0,-1.0,-1.0,100.0,0.0,5.0,1.8,1.0,6.0
468.0,12.0,0.0,-1.0,158.0,186.52597020303,-16.806799429802,0.0,19.67,-1.0,-1.0,-1.0,100.0,0.0,5.0,1.8,1.0,15.0
468.0,14.0,0.0,29.0,162.0,199.63730384615,17.815392307692,0.0,19.67,-1.0,-1.0,-1.0,100.0,0.0,5.0,1.8,1.0,5.0
468.0,17.0,0.0,-1.0,464.0,125.97150877008,-24.56854664247,0.0,484.6237052321,-1.0,-1.0,-1.0,100.0,35.0,5.0,1.8,1.0,11.0
469.0,1.0,0.0,-1.0,144.0,118.35973333333,10.936813333333,0.0,478.0,-1.0,-1.0,-1.0,100.0,0.0,5.0,1.8,1.0,6.0
469.0,12.0,0.0,-1.0,159.0,186.52597020303,-16.806799429802,0.0,19.67,-1.0,-1.0,-1.0,100.0,0.0,5.0,1.8,1.0,15.0
469.0,14.0,0.0,29.0,163.0,199.63730384615,17.815392307692,0.0,19.67,-1.0,-1.0,-1.0,100.0,0.0,5.0,1.8,1.0,5.0
469.0,17.0,0.0,-1.0,465.0,125.19730877008,-25.240079975804,0.0,519.6237052321,-1.0,-1.0,-1.0,100.0,35.0,5.0,1.8,1.0,11.0
470.0,1.0,0.0,-1.0,145.0,118.35973333333,10.936813333333,0.0,478.0,-1.0,-1.0,-1.0,100.0,0.0,5.0,1.8,1.0,6.0
470.0,12.0,0.0,-1.0,160.0,186.52597020303,-16.806799429802,0.0,19.67,-1.0,-1.0,-1.0,100.0,0.0,5.0,1.8,1.0,15.0
470.0,14.0,0.0,29.0,164.0,199.63730384615,17.815392307692,0.0,19.67,-1.0,-1.0,-1.0,100.0,0.0,5.0,1.8,1.0,5.0
470.0,17.0,0.0,-1.0,466.0,124.42310877008,-25.911613309137,0.0,554.6237052321,-1.0,-1.0,-1.0,100.0,35.0,5.0,1.8,1.0,11.0
471.0,1.0,0.0,-1.0,146.0,118.35973333333,10.936813333333,0.0,478.0,-1.0,-1.0,-1.0,100.0,0.0,5.0,1.8,1.0,6.0
471.0,12.0,0.0,-1.0,161.0,186.52597020303,-16.806799429802,0.0,19.67,-1.0,-1.0,-1.0,100.0,0.0,5.0,1.8,1.0,15.0
471.0,14.0,0.0,29.0,165.0,199.63730384615,17.815392307692,0.0,19.67,-1.0,-1.0,-1.0,100.0,0.0,5.0,1.8,1.0,5.0
471.0,17.0,0.0,-1.0,467.0,123.64890877008,-26.58314664247,0.0,589.6237052321,-1.0,-1.0,-1.0,100.0,35.0,5.0,1.8,1.0,11.0
472.0,1.0,0.0,-1.0,147.0,118.35973333333,10.936813333333,0.0,478.0,-1.0,-1.0,-1.0,100.0,0.0,5.0,1.8,1.0,6.0
472.0,12.0,0.0,-1.0,162.0,186.52597020303,-16.806799429802,0.0,19.67,-1.0,-1.0,-1.0,100.0,0.0,5.0,1.8,1.0,15.0
472.0,14.0,0.0,29.0,166.0,199.63730384615,17.815392307692,0.0,19.67,-1.0,-1.0,-1.0,100.0,0.0,5.0,1.8,1.0,5.0
472.0,17.0,0.0,-1.0,468.0,122.87470877008,-27.254679975804,0.0,624.6237052321,-1.0,-1.0,-1.0,100.0,35.0,5.0,1.8,1.0,11.0
473.0,1.0,0.0,-1.0,148.0,118.35973333333,10.936813333333,0.0,478.0,-1.0,-1.0,-1.0,100.0,0.0,5.0,1.8,1.0,6.0
473.0,12.0,0.0,-1.0,163.0,186.52597020303,-16.806799429802,0.0,19.67,-1.0,-1.0,-1.0,100.0,0.0,5.0,1.8,1.0,15.0
473.0,14.0,0.0,29.0,167.0,199.63730384615,17.815392307692,0.0,19.67,-1.0,-1.0,-1.0,100.0,0.0,5.0,1.8,1.0,5.0
473.0,17.0,0.0,-1.0,469.0,122.10050877008,-27.926213309137,0.0,659.6237052321,-1.0,-1.0,-1.0,100.0,35.0,5.0,1.8,1.0,11.0
474.0,1.0,0.0,-1.0,149.0,118.35973333333,10.936813333333,0.0,478.0,30.0,605.66249368732,-1.0,100.0,0.0,5.0,1.8,1.0,6.0
474.0,12.0,0.0,-1.0,164.0,186.52597020303,-16.806799429802,0.0,19.67,-1.0,-1.0,-1.0,100.0,0.0,5.0,1.8,1.0,15.0
474.0,14.0,0.0,29.0,168.0,199.63730384615,17.815392307692,0.0,19.67,-1.0,-1.0,-1.0,100.0,0.0,5.0,1.8,1.0,5.0
474.0,17.0,0.0,-1.0,470.0,121.32630877008,-28.59774664247,0.0,694.6237052321,-1.0,-1.0,-1.0,100.0,35.0,5.0,1.8,1.0,11.0
475.0,1.0,0.0,-1.0,150.0,118.35973333333,10.936813333333,0.0,478.0,30.0,627.01772963244,-1.0,100.0,0.0,5.0,1.8,1.0,6.0
475.0,12.0,0.0,-1.0,165.0,186.52597020303,-16.806799429802,0.0,19.67,-1.0,-1.0,-1.0,100.0,0.0,5.0,1.8,1.0,15.0
475.0,14.0,0.0,29.0,169.0,199.63730384615,17.815392307692,0.0,19.67,-1.0,-1.0,-1.0,100.0,0.0,5.0,1.8,1.0,5.0
475.0,17.0,0.0,-1.0,471.0,120.55210877008,-29.269279975804,0.0,729.6237052321,-1.0,-1.0,-1.0,100.0,35.0,5.0,1.8,1.0,11.0
476.0,1.0,0.0,-1.0,151.0,118.35973333333,10.936813333333,0.0,478.0,30.0,649.04321866484,-1.0,100.0,0.0,5.0,1.8,1.0,6.0
476.0,12.0,0.0,-1.0,166.0,186.52597020303,-16.806799429802,0.0,19.67,-1.0,-1.0,-1.0,100.0,0.0,5.0,1.8,1.0,15.0
476.0,14.0,0.0,29.0,170.0,199.63730384615,17.815392307692,0.0,19.67,-1.0,-1.0,-1.0,100.0,0.0,5.0,1.8,1.0,5.0
476.0,17.0,0.0,-1.0,472.0,119.77790877008,-29.940813309137,0.0,764.6237052321,-1.0,-1.0,-1.0,100.0,35.0,5.0,1.8,1.0,11.0
477.0,1.0,0.0,-1.0,152.0,118.35973333333,10.936813333333,0.0,478.0,30.0,670.17621795862,-1.0,100.0,0.0,5.0,1.8,1.0,6.0
477.0,12.0,0.0,-1.0,167.0,186.52597020303,-16.806799429802,0.0,19.67,-1.0,-1.0,-1.0,100.0,0.0,5.0,1.8,1.0,15.0
477.0,14.0,0.0,29.0,171.0,199.63730384615,17.815392307692,0.0,19.67,-1.0,-1.0,-1.0,100.0,0.0,5.0,1.8,1.0,5.0
477.0,17.0,0.0,-1.0,473.0,119.00370877008,-30.61234664247,0.0,799.6237052321,-1.0,-1.0,-1.0,100.0,35.0,5.0,1.8,1.0,11.0
478.0,1.0,0.0,-1.0,153.0,118.35973333333,10.936813333333,0.0,478.0,30.0,691.95749275249,-1.0,100.0,0.0,5.0,1.8,1.0,6.0
478.0,12.0,0.0,-1.0,168.0,186.52597020303,-16.806799429802,0.0,19.67,-1.0,-1.0,-1.0,100.0,0.0,5.0,1.8,1.0,15.0
478.0,14.0,0.0,29.0,172.0,199.63730384615,17.815392307692,0.0,19.67,-1.0,-1.0,-1.0,100.0,0.0,5.0,1.8,1.0,5.0
478.0,17.0,0.0,-1.0,474.0,118.22950877008,-31.283879975804,0.0,834.6237052321,-1.0,-1.0,-1.0,100.0,35.0,5.0,1.8,1.0,11.0
479.0,1.0,0.0,-1.0,154.0,118.35973333333,10.936813333333,0.0,478.0,30.0,712.94350241473,-1.0,100.0,0.0,5.0,1.8,1.0,6.0
479.0,12.0,0.0,-1.0,169.0,186.52597020303,-16.806799429802,0.0,19.67,-1.0,-1.0,-1.0,100.0,0.0,5.0,1.8,1.0,15.0
479.0,14.0,0.0,29.0,173.0,199.63730384615,17.815392307692,0.0,19.67,-1.0,-1.0,-1.0,100.0,0.0,5.0,1.8,1.0,5.0
479.0,17.0,0.0,-1.0,475.0,117.45530877008,-31.955413309137,0.0,869.6237052321,-1.0,-1.0,-1.0,100.0,35.0,5.0,1.8,1.0,11.0
480.0,1.0,0.0,-1.0,155.0,118.35973333333,10.936813333333,0.0,478.0,30.0,734.74485756437,-1.0,100.0,0.0,5.0,1.8,1.0,6.0
480.0,12.0,0.0,-1.0,170.0,186.52597020303,-16.806799429802,0.0,19.67,-1.0,-1.0,-1.0,100.0,0.0,5.0,1.8,1.0,15.0
480.0,14.0,0.0,29.0,174.0,199.63730384615,17.815392307692,0.0,19.67,-1.0,-1.0,-1.0,100.0,0.0,5.0,1.8,1.0,5.0
480.0,17.0,0.0,-1.0,476.0,116.68110877008,-32.62694664247,0.0,904.6237052321,-1.0,-1.0,-1.0,100.0,35.0,5.0,1.8,1.0,11.0
481.0,1.0,0.0,-1.0,156.0,118.35973333333,10.936813333333,0.0,478.0,30.0,756.7982319223,-1.0,100.0,0.0,5.0,1.8,1.0,6.0
481.0,12.0,0.0,-1.0,171.0,186.52597020303,-16.806799429802,0.0,19.67,-1.0,-1.0,-1.0,100.0,0.0,5.0,1.8,1.0,15.0
481.0,14.0,0.0,29.0,175.0,199.63730384615,17.815392307692,0.0,19.67,-1.0,-1.0,-1.0,100.0,0.0,5.0,1.8,1.0,5.0
481.0,17.0,0.0,-1.0,477.0,115.90690877008,-33.298479975804,0.0,939.6237052321,-1.0,-1.0,-1.0,100.0,35.0,5.0,1.8,1.0,11.0
482.0,1.0,0.0,-1.0,157.0,118.35973333333,10.936813333333,0.0,478.0,30.0,778.24004148181,-1.0,100.0,0.0,5.0,1.8,1.0,6.0
482.0,12.0,0.0,-1.0,172.0,186.52597020303,-16.806799429802,0.0,19.67,-1.0,-1.0,-1.0,100.0,0.0,5.0,1.8,1.0,15.0
482.0,14.0,0.0,29.0,176.0,199.63730384615,17.815392307692,0.0,19.67,-1.0,-1.0,-1.0,100.0,0.0,5.0,1.8,1.0,5.0
482.0,17.0,0.0,-1.0,478.0,115.13270877008,-33.970013309137,0.0,974.6237052321,-1.0,-1.0,-1.0,100.0,35.0,5.0,1.8,1.0,11.0
483.0,1.0,0.0,-1.0,158.0,118.35973333333,10.936813333333,0.0,478.0,-1.0,-1.0,-1.0,100.0,0.0,5.0,1.8,1.0,6.0
483.0,12.0,0.0,-1.0,173.0,186.52597020303,-16.806799429802,0.0,19.67,-1.0,-1.0,-1.0,100.0,0.0,5.0,1.8,1.0,15.0
483.0,14.0,0.0,29.0,177.0,199.63730384615,17.815392307692,0.0,19.67,-1.0,-1.0,-1.0,100.0,0.0,5.0,1.8,1.0,5.0
483.0,17.0,0.0,-1.0,479.0,114.35850877008,-34.64154664247,0.0,1009.6237052321,-1.0,-1.0,-1.0,100.0,35.0,5.0,1.8,1.0,11.0
484.0,1.0,0.0,-1.0,159.0,118.35973333333,10.936813333333,0.0,478.0,30.0,820.83939478472,-1.0,100.0,0.0,5.0,1.8,1.0,6.0
484.0,12.0,0.0,-1.0,174.0,186.52597020303,-16.806799429802,0.0,19.67,-1.0,-1.0,-1.0,100.0,0.0,5.0,1.8,1.0,15.0
484.0,14.0,0.0,29.0,178.0,199.63730384615,17.815392307692,0.0,19.67,-1.0,-1.0,-1.0,100.0,0.0,5.0,1.8,1.0,5.0
484.0,17.0,0.0,-1.0,480.0,113.58430877008,-35.313079975804,0.0,1044.6237052321,-1.0,-1.0,-1.0,100.0,35.0,5.0,1.8,1.0,11.0
485.0,1.0,0.0,-1.0,160.0,118.35973333333,14.136813333333,0.0,478.0,26.0,541.4972772098,-1.0,100.0,0.0,5.0,1.8,1.0,19.0
485.0,12.0,0.0,-1.0,175.0,186.52597020303,-16.806799429802,0.0,19.67,-1.0,-1.0,-1.0,100.0,0.0,5.0,1.8,1.0,15.0
485.0,14.0,0.0,29.0,179.0,199.63730384615,17.815392307692,0.0,19.67,-1.0,-1.0,-1.0,100.0,0.0,5.0,1.8,1.0,5.0
485.0,17.0,0.0,-1.0,481.0,112.81010877008,-35.984613309137,0.0,1079.6237052321,-1.0,-1.0,-1.0,100.0,35.0,5.0,1.8,1.0,11.0
486.0,1.0,0.0,-1.0,161.0,118.35973333333,14.136813333333,0.0,478.0,26.0,556.14025303852,-1.0,100.0,0.0,5.0,1.8,1.0,19.0
486.0,12.0,0.0,-1.0,176.0,186.52597020303,-16.806799429802,0.0,19.67,-1.0,-1.0,-1.0,100.0,0.0,5.0,1.8,1.0,15.0
486.0,14.0,0.0,29.0,180.0,199.63730384615,17.815392307692,0.0,19.67,-1.0,-1.0,-1.0,100.0,0.0,5.0,1.8,1.0,5.0
486.0,17.0,0.0,-1.0,482.0,112.03590877008,-36.65614664247,0.0,1114.6237052321,-1.0,-1.0,-1.0,100.0,35.0,5.0,1.8,1.0,11.0
487.0,1.0,0.0,-1.0,162.0,118.35973333333,14.136813333333,0.0,478.0,26.0,570.82498242627,-1.0,100.0,0.0,5.0,1.8,1.0,19.0
487.0,12.0,0.0,-1.0,177.0,186.52597020303,-16.806799429802,0.0,19.67,-1.0,-1.0,-1.0,100.0,0.0,5.0,1.8,1.0,15.0
487.0,14.0,0.0,29.0,181.0,199.63730384615,17.815392307692,0.0,19.67,-1.0,-1.0,-1.0,100.0,0.0,5.0,1.8,1.0,5.0
487.0,17.0,0.0,-1.0,483.0,111.26170877008,-37.327679975804,0.0,1149.6237052321,-1.0,-1.0,-1.0,100.0,35.0,5.0,1.8,1.0,11.0
488.0,1.0,0.0,-1.0,163.0,118.35973333333,14.136813333333,0.0,478.0,26.0,586.55320384165,-1.0,100.0,0.0,5.0,1.8,1.0,19.0
488.0,12.0,0.0,-1.0,178.0,186.52597020303,-16.806799429802,0.0,19.67,-1.0,-1.0,-1.0,100.0,0.0,5.0,1.8,1.0,15.0
488.0,14.0,0.0,29.0,182.0,199.63730384615,17.815392307692,0.0,19.67,-1.0,-1.0,-1.0,100.0,0.0,5.0,1.8,1.0,5.0
488.0,17.0,0.0,-1.0,484.0,110.48750877008,-37.999213309137,0.0,1184.6237052321,-1.0,-1.0,-1.0,100.0,35.0,5.0,1.8,1.0,11.0
489.0,1.0,0.0,-1.0,164.0,118.35973333333,14.136813333333,0.0,478.0,26.0,602.13699953437,-1.0,100.0,0.0,5.0,1.8,1.0,19.0
489.0,12.0,0.0,-1.0,179.0,186.52597020303,-16.806799429802,0.0,19.67,-1.0,-1.0,-1.0,100.0,0.0,5.0,1.8,1.0,15.0
489.0,14.0,0.0,29.0,183.0,199.63730384615,17.815392307692,0.0,19.67,-1.0,-1.0,-1.0,100.0,0.0,5.0,1.8,1.0,5.0
489.0,17.0,0.0,-1.0,485.0,109.71330877008,-38.67074664247,0.0,1219.6237052321,-1.0,-1.0,-1.0,100.0,35.0,5.0,1.8,1.0,11.0
490.0,1.0,0.0,-1.0,165.0,118.35973333333,14.136813333333,0.0,478.0,26.0,617.61911473099,-1.0,100.0,0.0,5.0,1.8,1.0,19.0
490.0,12.0,0.0,-1.0,180.0,186.52597020303,-16.806799429802,0.0,19.67,-1.0,-1.0,-1.0,100.0,0.0,5.0,1.8,1.0,15.0
490.0,14.0,0.0,29.0,184.0,199.63730384615,17.815392307692,0.0,19.67,-1.0,-1.0,-1.0,100.0,0.0,5.0,1.8,1.0,5.0
490.0,17.0,0.0,-1.0,486.0,108.93910877008,-39.342279975804,0.0,1254.6237052321,-1.0,-1.0,-1.0,100.0,35.0,5.0,1.8,1.0,11.0
491.0,1.0,0.0,-1.0,166.0,118.35973333333,14.136813333333,0.0,478.0,26.0,632.82461999721,-1.0,100.0,0.0,5.0,1.8,1.0,19.0
491.0,12.0,0.0,-1.0,181.0,186.52597020303,-16.806799429802,0.0,19.67,-1.0,-1.0,-1.0,100.0,0.0,5.0,1.8,1.0,15.0
491.0,14.0,0.0,29.0,185.0,199.63730384615,17.815392307692,0.0,19.67,-1.0,-1.0,-1.0,100.0,0.0,5.0,1.8,1.0,5.0
491.0,17.0,0.0,-1.0,487.0,108.16490877008,-40.013813309137,0.0,1289.6237052321,-1.0,-1.0,-1.0,100.0,35.0,5.0,1.8,1.0,11.0
492.0,1.0,0.0,-1.0,167.0,118.35973333333,14.136813333333,0.0,478.0,26.0,648.63951725558,-1.0,100.0,0.0,5.0,1.8,1.0,19.0
492.0,12.0,0.0,-1.0,182.0,186.52597020303,-16.806799429802,0.0,19.67,-1.0,-1.0,-1.0,100.0,0.0,5.0,1.8,1.0,15.0
492.0,14.0,0.0,29.0,186.0,199.63730384615,17.815392307692,0.0,19.67,-1.0,-1.0,-1.0,100.0,0.0,5.0,1.8,1.0,5.0
492.0,17.0,0.0,-1.0,488.0,107.39070877008,-40.68534664247,0.0,1324.6237052321,-1.0,-1.0,-1.0,100.0,35.0,5.0,1.8,1.0,11.0
493.0,1.0,0.0,-1.0,168.0,118.35973333333,14.136813333333,0.0,478.0,26.0,663.62597248499,-1.0,100.0,0.0,5.0,1.8,1.0,19.0
493.0,12.0,0.0,-1.0,183.0,186.52597020303,-16.806799429802,0.0,19.67,-1.0,-1.0,-1.0,100.0,0.0,5.0,1.8,1.0,15.0
493.0,14.0,0.0,29.0,187.0,199.63730384615,17.815392307692,0.0,19.67,-1.0,-1.0,-1.0,100.0,0.0,5.0,1.8,1.0,5.0
493.0,17.0,0.0,-1.0,489.0,106.61650877008,-41.356879975804,0.0,1359.6237052321,-1.0,-1.0,-1.0,100.0,35.0,5.0,1.8,1.0,11.0
494.0,1.0,0.0,-1.0,169.0,118.35973333333,14.136813333333,0.0,478.0,26.0,679.54310470231,-1.0,100.0,0.0,5.0,1.8,1.0,19.0
494.0,12.0,0.0,-1.0,184.0,186.52597020303,-16.806799429802,0.0,19.67,-1.0,-1.0,-1.0,100.0,0.0,5.0,1.8,1.0,15.0
494.0,14.0,0.0,29.0,188.0,199.63730384615,17.815392307692,0.0,19.67,-1.0,-1.0,-1.0,100.0,0.0,5.0,1.8,1.0,5.0
494.0,17.0,0.0,-1.0,490.0,105.84230877008,-42.028413309137,0.0,1394.6237052321,-1.0,-1.0,-1.0,100.0,35.0,5.0,1.8,1.0,11.0
495.0,1.0,0.0,-1.0,170.0,118.35973333333,14.136813333333,0.0,478.0,26.0,694.87241448863,-1.0,100.0,0.0,5.0,1.8,1.0,19.0
495.0,12.0,0.0,-1.0,185.0,186.52597020303,-16.806799429802,0.0,19.67,-1.0,-1.0,-1.0,100.0,0.0,5.0,1.8,1.0,15.0
495.0,14.0,0.0,29.0,189.0,199.63730384615,17.815392307692,0.0,19.67,-1.0,-1.0,-1.0,100.0,0.0,5.0,1.8,1.0,5.0
495.0,17.0,0.0,-1.0,491.0,105.06810877008,-42.69994664247,0.0,1429.6237052321,-1.0,-1.0,-1.0,100.0,35.0,5.0,1.8,1.0,11.0
496.0,1.0,0.0,-1.0,171.0,118.35973333333,14.136813333333,0.0,478.0,26.0,710.4085831546,-1.0,100.0,0.0,5.0,1.8,1.0,19.0
496.0,12.0,0.0,-1.0,186.0,186.52597020303,-16.806799429802,0.0,19.67,-1.0,-1.0,-1.0,100.0,0.0,5.0,1.8,1.0,15.0
496.0,14.0,0.0,29.0,190.0,199.63730384615,17.815392307692,0.0,19.67,-1.0,-1.0,-1.0,100.0,0.0,5.0,1.8,1.0,5.0
496.0,17.0,0.0,-1.0,492.0,104.29390877008,-43.371479975804,0.0,1464.6237052321,-1.0,-1.0,-1.0,100.0,35.0,5.0,1.8,1.0,11.0
497.0,1.0,0.0,-1.0,172.0,118.35973333333,14.136813333333,0.0,478.0,26.0,725.50369271829,-1.0,100.0,0.0,5.0,1.8,1.0,19.0
497.0,12.0,0.0,-1.0,187.0,186.52597020303,-16.806799429802,0.0,19.67,-1.0,-1.0,-1.0,100.0,0.0,5.0,1.8,1.0,15.0
497.0,14.0,0.0,29.0,191.0,199.63730384615,17.815392307692,0.0,19.67,-1.0,-1.0,-1.0,100.0,0.0,5.0,1.8,1.0,5.0
497.0,17.0,0.0,-1.0,493.0,103.51970877008,-44.043013309137,0.0,1499.6237052321,-1.0,-1.0,-1.0,100.0,35.0,5.0,1.8,1.0,11.0
498.0,1.0,0.0,-1.0,173.0,118.35973333333,14.136813333333,0.0,478.0,26.0,740.1498218592,-1.0,100.0,0.0,5.0,1.8,1.0,19.0
498.0,12.0,0.0,-1.0,188.0,186.52597020303,-16.806799429802,0.0,19.67,-1.0,-1.0,-1.0,100.0,0.0,5.0,1.8,1.0,15.0
498.0,14.0,0.0,29.0,192.0,199.63730384615,17.815392307692,0.0,19.67,-1.0,-1.0,-1.0,100.0,0.0,5.0,1.8,1.0,5.0
498.0,17.0,0.0,-1.0,494.0,87.743204097614,-57.730882019974,0.0,13.803705232101,-1.0,-1.0,-1.0,100.0,35.0,5.0,1.8,1.0,51.0
499.0,1.0,0.0,-1.0,174.0,118.35973333333,14.136813333333,0.0,478.0,26.0,755.89404308027,-1.0,100.0,0.0,5.0,1.8,1.0,19.0
499.0,12.0,0.0,-1.0,189.0,186.52597020303,-16.806799429802,0.0,19.67,-1.0,-1.0,-1.0,100.0,0.0,5.0,1.8,1.0,15.0
499.0,14.0,0.0,29.0,193.0,199.63730384615,17.815392307692,0.0,19.67,-1.0,-1.0,-1.0,100.0,0.0,5.0,1.8,1.0,5.0
499.0,17.0,0.0,-1.0,495.0,87.622104097614,-57.835182019974,0.0,48.803705232101,-1.0,-1.0,-1.0,100.0,35.0,5.0,1.8,1.0,51.0
500.0,1.0,0.0,-1.0,175.0,118.35973333333,14.136813333333,0.0,478.0,26.0,771.01538434056,-1.0,100.0,0.0,5.0,1.8,1.0,19.0
500.0,12.0,0.0,-1.0,190.0,186.52597020303,-16.806799429802,0.0,19.67,-1.0,-1.0,-1.0,100.0,0.0,5.0,1.8,1.0,15.0
500.0,14.0,0.0,29.0,194.0,199.63730384615,17.815392307692,0.0,19.67,-1.0,-1.0,-1.0,100.0,0.0,5.0,1.8,1.0,5.0
500.0,17.0,0.0,-1.0,496.0,87.501004097614,-57.939482019974,0.0,83.803705232101,-1.0,-1.0,-1.0,100.0,35.0,5.0,1.8,1.0,51.0
501.0,1.0,0.0,-1.0,176.0,118.35973333333,14.136813333333,0.0,478.0,26.0,786.38398434724,-1.0,100.0,0.0,5.0,1.8,1.0,19.0
501.0,12.0,0.0,-1.0,191.0,186.52597020303,-16.806799429802,0.0,19.67,-1.0,-1.0,-1.0,100.0,0.0,5.0,1.8,1.0,15.0
501.0,14.0,0.0,29.0,195.0,199.63730384615,17.815392307692,0.0,19.67,-1.0,-1.0,-1.0,100.0,0.0,5.0,1.8,1.0,5.0
501.0,17.0,0.0,-1.0,497.0,87.379904097614,-58.043782019974,0.0,118.8037052321,-1.0,-1.0,-1.0,100.0,35.0,5.0,1.8,1.0,51.0
502.0,1.0,0.0,-1.0,177.0,118.35973333333,14.136813333333,0.0,478.0,26.0,801.55385696838,-1.0,100.0,0.0,5.0,1.8,1.0,19.0
502.0,12.0,0.0,-1.0,192.0,186.52597020303,-16.806799429802,0.0,19.67,-1.0,-1.0,-1.0,100.0,0.0,5.0,1.8,1.0,15.0
502.0,14.0,0.0,29.0,196.0,199.63730384615,17.815392307692,0.0,19.67,-1.0,-1.0,-1.0,100.0,0.0,5.0,1.8,1.0,5.0
502.0,17.0,0.0,-1.0,498.0,87.258804097614,-58.148082019974,0.0,153.8037052321,-1.0,-1.0,-1.0,100.0,35.0,5.0,1.8,1.0,51.0
503.0,1.0,0.0,-1.0,178.0,118.35973333333,14.136813333333,0.0,478.0,26.0,816.56224810354,-1.0,100.0,0.0,5.0,1.8,1.0,19.0
503.0,12.0,0.0,-1.0,193.0,186.52597020303,-16.806799429802,0.0,19.67,-1.0,-1.0,-1.0,100.0,0.0,5.0,1.8,1.0,15.0
503.0,14.0,0.0,29.0,197.0,199.63730384615,17.815392307692,0.0,19.67,-1.0,-1.0,-1.0,100.0,0.0,5.0,1.8,1.0,5.0
503.0,17.0,0.0,-1.0,499.0,87.137704097614,-58.252382019974,0.0,188.8037052321,-1.0,-1.0,-1.0,100.0,35.0,5.0,1.8,1.0,51.0
504.0,1.0,0.0,-1.0,179.0,118.35973333333,14.136813333333,0.0,478.0,26.0,831.68177622171,-1.0,100.0,0.0,5.0,1.8,1.0,19.0
504.0,12.0,0.0,-1.0,194.0,186.52597020303,-16.806799429802,0.0,19.67,-1.0,-1.0,-1.0,100.0,0.0,5.0,1.8,1.0,15.0
504.0,14.0,0.0,29.0,198.0,199.63730384615,17.815392307692,0.0,19.67,-1.0,-1.0,-1.0,100.0,0.0,5.0,1.8,1.0,5.0
504.0,17.0,0.0,-1.0,500.0,87.016604097614,-58.356682019974,0.0,223.8037052321,-1.0,-1.0,-1.0,100.0,35.0,5.0,1.8,1.0,51.0
505.0,1.0,0.0,-1.0,180.0,118.35973333333,14.136813333333,0.0,478.0,26.0,847.34449283214,-1.0,100.0,0.0,5.0,1.8,1.0,19.0
505.0,12.0,0.0,-1.0,195.0,186.52597020303,-16.806799429802,0.0,19.67,-1.0,-1.0,-1.0,100.0,0.0,5.0,1.8,1.0,15.0
505.0,14.0,0.0,29.0,199.0,199.63730384615,17.815392307692,0.0,19.67,-1.0,-1.0,-1.0,100.0,0.0,5.0,1.8,1.0,5.0
505.0,17.0,0.0,-1.0,501.0,86.895504097614,-58.460982019974,0.0,258.8037052321,-1.0,-1.0,-1.0,100.0,35.0,5.0,1.8,1.0,51.0
506.0,1.0,0.0,-1.0,181.0,118.35973333333,14.136813333333,0.0,478.0,26.0,862.95770804459,-1.0,100.0,0.0,5.0,1.8,1.0,19.0
506.0,12.0,0.0,-1.0,196.0,186.52597020303,-16.806799429802,0.0,19.67,-1.0,-1.0,-1.0,100.0,0.0,5.0,1.8,1.0,15.0
506.0,14.0,0.0,29.0,200.0,199.63730384615,17.815392307692,0.0,19.67,-1.0,-1.0,-1.0,100.0,0.0,5.0,1.8,1.0,5.0
506.0,17.0,0.0,-1.0,502.0,86.774404097614,-58.565282019974,0.0,293.8037052321,-1.0,-1.0,-1.0,100.0,35.0,5.0,1.8,1.0,51.0
507.0,1.0,0.0,-1.0,182.0,118.35973333333,14.136813333333,0.0,478.0,26.0,878.50318783426,-1.0,100.0,0.0,5.0,1.8,1.0,19.0
507.0,12.0,0.0,-1.0,197.0,186.52597020303,-16.806799429802,0.0,19.67,-1.0,-1.0,-1.0,100.0,0.0,5.0,1.8,1.0,15.0
507.0,14.0,0.0,29.0,201.0,199.63730384615,17.815392307692,0.0,19.67,-1.0,-1.0,-1.0,100.0,0.0,5.0,1.8,1.0,5.0
507.0,17.0,0.0,-1.0,503.0,86.653304097614,-58.669582019974,0.0,328.8037052321,-1.0,-1.0,-1.0,100.0,35.0,5.0,1.8,1.0,51.0
508.0,1.0,0.0,-1.0,183.0,118.35973333333,14.136813333333,0.0,478.0,26.0,894.1856864217,-1.0,100.0,0.0,5.0,1.8,1.0,19.0
508.0,12.0,0.0,-1.0,198.0,186.52597020303,-16.806799429802,0.0,19.67,-1.0,-1.0,-1.0,100.0,0.0,5.0,1.8,1.0,15.0
508.0,14.0,0.0,29.0,202.0,199.63730384615,17.815392307692,0.0,19.67,-1.0,-1.0,-1.0,100.0,0.0,5.0,1.8,1.0,5.0
508.0,17.0,0.0,-1.0,504.0,86.532204097614,-58.773882019974,0.0,363.8037052321,-1.0,-1.0,-1.0,100.0,35.0,5.0,1.8,1.0,51.0
509.0,1.0,0.0,-1.0,184.0,118.35973333333,14.136813333333,0.0,478.0,26.0,909.73609632745,-1.0,100.0,0.0,5.0,1.8,1.0,19.0
509.0,12.0,0.0,-1.0,199.0,186.52597020303,-16.806799429802,0.0,19.67,-1.0,-1.0,-1.0,100.0,0.0,5.0,1.8,1.0,15.0
509.0,14.0,0.0,29.0,203.0,199.63730384615,17.815392307692,0.0,19.67,-1.0,-1.0,-1.0,100.0,0.0,5.0,1.8,1.0,5.0
509.0,17.0,0.0,-1.0,505.0,86.411104097614,-58.878182019974,0.0,398.8037052321,-1.0,-1.0,-1.0,100.0,35.0,5.0,1.8,1.0,51.0
510.0,1.0,0.0,-1.0,185.0,118.35973333333,14.136813333333,0.0,478.0,26.0,924.7800064393,-1.0,100.0,0.0,5.0,1.8,1.0,19.0
510.0,12.0,0.0,-1.0,200.0,186.52597020303,-16.806799429802,0.0,19.67,-1.0,-1.0,-1.0,100.0,0.0,5.0,1.8,1.0,15.0
510.0,14.0,0.0,29.0,204.0,199.63730384615,17.815392307692,0.0,19.67,-1.0,-1.0,-1.0,100.0,0.0,5.0,1.8,1.0,5.0
510.0,17.0,0.0,-1.0,506.0,86.290004097614,-58.982482019974,0.0,433.8037052321,-1.0,-1.0,-1.0,100.0,35.0,5.0,1.8,1.0,51.0
511.0,1.0,0.0,-1.0,186.0,118.35973333333,14.136813333333,0.0,478.0,26.0,939.79571976959,-1.0,100.0,0.0,5.0,1.8,1.0,19.0
511.0,12.0,0.0,-1.0,201.0,186.52597020303,-16.806799429802,0.0,19.67,-1.0,-1.0,-1.0,100.0,0.0,5.0,1.8,1.0,15.0
511.0,14.0,0.0,29.0,205.0,199.63730384615,17.815392307692,0.0,19.67,-1.0,-1.0,-1.0,100.0,0.0,5.0,1.8,1.0,5.0
511.0,17.0,0.0,-1.0,507.0,86.168904097614,-59.086782019974,0.0,468.8037052321,-1.0,-1.0,-1.0,100.0,35.0,5.0,1.8,1.0,51.0
512.0,1.0,0.0,-1.0,187.0,118.35973333333,14.136813333333,0.0,478.0,26.0,955.05727834021,-1.0,100.0,0.0,5.0,1.8,1.0,19.0
512.0,12.0,0.0,-1.0,202.0,186.52597020303,-16.806799429802,0.0,19.67,-1.0,-1.0,-1.0,100.0,0.0,5.0,1.8,1.0,15.0
512.0,14.0,0.0,29.0,206.0,199.63730384615,17.815392307692,0.0,19.67,-1.0,-1.0,-1.0,100.0,0.0,5.0,1.8,1.0,5.0
512.0,17.0,0.0,-1.0,508.0,83.117419725367,-61.540886765496,0.0,3.8037052321012,-1.0,-1.0,-1.0,100.0,35.0,5.0,1.8,1.0,71.0
513.0,1.0,0.0,-1.0,188.0,118.35973333333,14.136813333333,0.0,478.0,26.0,970.00416797387,-1.0,100.0,0.0,5.0,1.8,1.0,19.0
513.0,12.0,0.0,-1.0,203.0,186.52597020303,-16.806799429802,0.0,19.67,-1.0,-1.0,-1.0,100.0,0.0,5.0,1.8,1.0,15.0
513.0,14.0,0.0,29.0,207.0,199.63730384615,17.815392307692,0.0,19.67,-1.0,-1.0,-1.0,100.0,0.0,5.0,1.8,1.0,5.0
513.0,17.0,0.0,-1.0,509.0,74.068769942176,-67.864391341924,0.0,24.263705232101,-1.0,-1.0,-1.0,100.0,35.0,5.0,1.8,1.0,75.0
514.0,1.0,0.0,-1.0,189.0,118.35973333333,14.136813333333,0.0,478.0,26.0,985.78358423762,-1.0,100.0,0.0,5.0,1.8,1.0,19.0
514.0,12.0,0.0,-1.0,204.0,186.52597020303,-16.806799429802,0.0,19.67,-1.0,-1.0,-1.0,100.0,0.0,5.0,1.8,1.0,15.0
514.0,14.0,0.0,29.0,208.0,199.63730384615,17.815392307692,0.0,19.67,-1.0,-1.0,-1.0,100.0,0.0,5.0,1.8,1.0,5.0
514.0,17.0,0.0,-1.0,510.0,73.623803275509,-68.223724675258,0.0,59.263705232101,-1.0,-1.0,-1.0,100.0,35.0,5.0,1.8,1.0,75.0
515.0,1.0,0.0,-1.0,190.0,118.35973333333,14.136813333333,0.0,478.0,26.0,997.59034672387,-1.0,100.0,0.0,5.0,1.8,1.0,19.0
515.0,12.0,0.0,-1.0,205.0,186.52597020303,-16.806799429802,0.0,19.67,-1.0,-1.0,-1.0,100.0,0.0,5.0,1.8,1.0,15.0
515.0,14.0,0.0,29.0,209.0,199.63730384615,17.815392307692,0.0,19.67,-1.0,-1.0,-1.0,100.0,0.0,5.0,1.8,1.0,5.0
515.0,17.0,0.0,-1.0,511.0,73.178836608842,-68.583058008591,0.0,94.263705232101,-1.0,-1.0,-1.0,100.0,35.0,5.0,1.8,1.0,75.0
516.0,1.0,0.0,-1.0,191.0,118.35973333333,14.136813333333,0.0,478.0,26.0,1004.8971092101,-1.0,100.0,0.0,5.0,1.8,1.0,19.0
516.0,12.0,0.0,-1.0,206.0,186.52597020303,-16.806799429802,0.0,19.67,-1.0,-1.0,-1.0,100.0,0.0,5.0,1.8,1.0,15.0
516.0,14.0,0.0,29.0,210.0,199.63730384615,17.815392307692,0.0,19.67,-1.0,-1.0,-1.0,100.0,0.0,5.0,1.8,1.0,5.0
516.0,17.0,0.0,-1.0,512.0,72.733869942176,-68.942391341924,0.0,129.2637052321,-1.0,-1.0,-1.0,100.0,35.0,5.0,1.8,1.0,75.0
517.0,1.0,0.0,-1.0,192.0,118.35973333333,14.136813333333,0.0,478.0,26.0,1008.4185819668,-1.0,100.0,0.0,5.0,1.8,1.0,19.0
517.0,12.0,0.0,-1.0,207.0,186.52597020303,-16.806799429802,0.0,19.67,-1.0,-1.0,-1.0,100.0,0.0,5.0,1.8,1.0,15.0
517.0,14.0,0.0,29.0,211.0,199.63730384615,17.815392307692,0.0,19.67,-1.0,-1.0,-1.0,100.0,0.0,5.0,1.8,1.0,5.0
517.0,17.0,0.0,-1.0,513.0,72.288903275509,-69.301724675258,0.0,164.2637052321,-1.0,-1.0,-1.0,100.0,35.0,5.0,1.8,1.0,75.0
518.0,1.0,0.0,-1.0,193.0,118.35973333333,14.136813333333,0.0,478.0,26.0,1008.4718634571,-1.0,100.0,0.0,5.0,1.8,1.0,19.0
518.0,12.0,0.0,-1.0,208.0,186.52597020303,-16.806799429802,0.0,19.67,-1.0,-1.0,-1.0,100.0,0.0,5.0,1.8,1.0,15.0
518.0,14.0,0.0,29.0,212.0,199.63730384615,17.815392307692,0.0,19.67,-1.0,-1.0,-1.0,100.0,0.0,5.0,1.8,1.0,5.0
518.0,17.0,0.0,-1.0,514.0,71.843936608842,-69.661058008591,0.0,199.2637052321,-1.0,-1.0,-1.0,100.0,35.0,5.0,1.8,1.0,75.0
519.0,1.0,0.0,-1.0,194.0,118.35973333333,14.136813333333,0.0,478.0,26.0,1008.4974274685,-1.0,100.0,0.0,5.0,1.8,1.0,19.0
519.0,12.0,0.0,-1.0,209.0,186.52597020303,-16.806799429802,0.0,19.67,-1.0,-1.0,-1.0,100.0,0.0,5.0,1.8,1.0,15.0
519.0,14.0,0.0,29.0,213.0,199.63730384615,17.815392307692,0.0,19.67,-1.0,-1.0,-1.0,100.0,0.0,5.0,1.8,1.0,5.0
519.0,17.0,0.0,-1.0,515.0,71.398969942176,-70.020391341924,0.0,234.2637052321,-1.0,-1.0,-1.0,100.0,35.0,5.0,1.8,1.0,75.0
520.0,1.0,0.0,-1.0,195.0,118.35973333333,14.136813333333,0.0,478.0,26.0,1008.4977559653,-1.0,100.0,0.0,5.0,1.8,1.0,19.0
520.0,12.0,0.0,-1.0,210.0,186.52597020303,-16.806799429802,0.0,19.67,-1.0,-1.0,-1.0,100.0,0.0,5.0,1.8,1.0,15.0
520.0,14.0,0.0,29.0,214.0,199.63730384615,17.815392307692,0.0,19.67,-1.0,-1.0,-1.0,100.0,0.0,5.0,1.8,1.0,5.0
520.0,17.0,0.0,-1.0,516.0,70.954003275509,-70.379724675258,0.0,269.2637052321,-1.0,-1.0,-1.0,100.0,35.0,5.0,1.8,1.0,75.0
521.0,1.0,0.0,-1.0,196.0,118.35973333333,14.136813333333,0.0,478.0,26.0,1008.497865911,-1.0,100.0,0.0,5.0,1.8,1.0,19.0
521.0,12.0,0.0,-1.0,211.0,186.52597020303,-16.806799429802,0.0,19.67,-1.0,-1.0,-1.0,100.0,0.0,5.0,1.8,1.0,15.0
521.0,14.0,0.0,29.0,215.0,199.63730384615,17.815392307692,0.0,19.67,-1.0,-1.0,-1.0,100.0,0.0,5.0,1.8,1.0,5.0
521.0,17.0,0.0,-1.0,517.0,70.509036608842,-70.739058008591,0.0,304.2637052321,-1.0,-1.0,-1.0,100.0,35.0,5.0,1.8,1.0,75.0
522.0,1.0,0.0,-1.0,197.0,118.35973333333,14.136813333333,0.0,478.0,26.0,1008.497865911,-1.0,100.0,0.0,5.0,1.8,1.0,19.0
522.0,12.0,0.0,-1.0,212.0,186.52597020303,-16.806799429802,0.0,19.67,-1.0,-1.0,-1.0,100.0,0.0,5.0,1.8,1.0,15.0
522.0,14.0,0.0,29.0,216.0,199.63730384615,17.815392307692,0.0,19.67,-1.0,-1.0,-1.0,100.0,0.0,5.0,1.8,1.0,5.0
522.0,17.0,0.0,-1.0,518.0,70.064069942176,-71.098391341924,0.0,339.2637052321,-1.0,-1.0,-1.0,100.0,35.0,5.0,1.8,1.0,75.0
523.0,1.0,0.0,-1.0,198.0,118.35973333333,14.136813333333,0.0,478.0,26.0,1008.497865911,-1.0,100.0,0.0,5.0,1.8,1.0,19.0
523.0,12.0,0.0,-1.0,213.0,186.52597020303,-16.806799429802,0.0,19.67,-1.0,-1.0,-1.0,100.0,0.0,5.0,1.8,1.0,15.0
523.0,14.0,0.0,29.0,217.0,199.63730384615,17.815392307692,0.0,19.67,-1.0,-1.0,-1.0,100.0,0.0,5.0,1.8,1.0,5.0
523.0,17.0,0.0,-1.0,519.0,69.619103275509,-71.457724675258,0.0,374.2637052321,-1.0,-1.0,-1.0,100.0,35.0,5.0,1.8,1.0,75.0
524.0,1.0,0.0,-1.0,199.0,118.35973333333,14.136813333333,0.0,478.0,26.0,1008.497865911,-1.0,100.0,0.0,5.0,1.8,1.0,19.0
524.0,12.0,0.0,-1.0,214.0,186.52597020303,-16.806799429802,0.0,19.67,-1.0,-1.0,-1.0,100.0,0.0,5.0,1.8,1.0,15.0
524.0,14.0,0.0,29.0,218.0,199.63730384615,17.815392307692,0.0,19.67,-1.0,-1.0,-1.0,100.0,0.0,5.0,1.8,1.0,5.0
524.0,17.0,0.0,-1.0,520.0,69.174136608842,-71.817058008591,0.0,409.2637052321,-1.0,-1.0,-1.0,100.0,35.0,5.0,1.8,1.0,75.0
525.0,1.0,0.0,-1.0,200.0,118.35973333333,14.136813333333,0.0,478.0,26.0,1008.497865911,-1.0,100.0,0.0,5.0,1.8,1.0,19.0
525.0,12.0,0.0,-1.0,215.0,186.52597020303,-16.806799429802,0.0,19.67,-1.0,-1.0,-1.0,100.0,0.0,5.0,1.8,1.0,15.0
525.0,14.0,0.0,29.0,219.0,199.63730384615,17.815392307692,0.0,19.67,-1.0,-1.0,-1.0,100.0,0.0,5.0,1.8,1.0,5.0
525.0,17.0,0.0,-1.0,521.0,68.729169942176,-72.176391341924,0.0,444.2637052321,-1.0,-1.0,-1.0,100.0,35.0,5.0,1.8,1.0,75.0
526.0,1.0,0.0,-1.0,201.0,118.35973333333,14.136813333333,0.0,478.0,26.0,1008.497865911,-1.0,100.0,0.0,5.0,1.8,1.0,19.0
526.0,12.0,0.0,-1.0,216.0,186.52597020303,-16.806799429802,0.0,19.67,-1.0,-1.0,-1.0,100.0,0.0,5.0,1.8,1.0,15.0
526.0,14.0,0.0,29.0,220.0,199.63730384615,17.815392307692,0.0,19.67,-1.0,-1.0,-1.0,100.0,0.0,5.0,1.8,1.0,5.0
526.0,17.0,0.0,-1.0,522.0,68.284203275509,-72.535724675258,0.0,479.2637052321,-1.0,-1.0,-1.0,100.0,35.0,5.0,1.8,1.0,75.0
527.0,1.0,0.0,-1.0,202.0,118.35973333333,14.136813333333,0.0,478.0,26.0,1008.497865911,-1.0,100.0,0.0,5.0,1.8,1.0,19.0
527.0,12.0,0.0,-1.0,217.0,186.52597020303,-16.806799429802,0.0,19.67,-1.0,-1.0,-1.0,100.0,0.0,5.0,1.8,1.0,15.0
527.0,14.0,0.0,29.0,221.0,199.63730384615,17.815392307692,0.0,19.67,-1.0,-1.0,-1.0,100.0,0.0,5.0,1.8,1.0,5.0
527.0,17.0,0.0,-1.0,523.0,67.839236608842,-72.895058008591,0.0,514.2637052321,-1.0,-1.0,-1.0,100.0,35.0,5.0,1.8,1.0,75.0
528.0,1.0,0.0,-1.0,203.0,118.35973333333,14.136813333333,0.0,478.0,26.0,1008.497865911,-1.0,100.0,0.0,5.0,1.8,1.0,19.0
528.0,12.0,0.0,-1.0,218.0,186.52597020303,-16.806799429802,0.0,19.67,-1.0,-1.0,-1.0,100.0,0.0,5.0,1.8,1.0,15.0
528.0,14.0,0.0,29.0,222.0,199.63730384615,17.815392307692,0.0,19.67,-1.0,-1.0,-1.0,100.0,0.0,5.0,1.8,1.0,5.0
528.0,17.0,0.0,-1.0,524.0,67.394269942176,-73.254391341924,0.0,549.2637052321,-1.0,-1.0,-1.0,100.0,35.0,5.0,1.8,1.0,75.0
529.0,1.0,0.0,-1.0,204.0,118.35973333333,14.136813333333,0.0,478.0,26.0,1008.497865911,-1.0,100.0,0.0,5.0,1.8,1.0,19.0
529.0,12.0,0.0,-1.0,219.0,186.52597020303,-16.806799429802,0.0,19.67,-1.0,-1.0,-1.0,100.0,0.0,5.0,1.8,1.0,15.0
529.0,14.0,0.0,29.0,223.0,199.63730384615,17.815392307692,0.0,19.67,-1.0,-1.0,-1.0,100.0,0.0,5.0,1.8,1.0,5.0
529.0,17.0,0.0,-1.0,525.0,66.949303275509,-73.613724675258,0.0,584.2637052321,-1.0,-1.0,-1.0,100.0,35.0,5.0,1.8,1.0,75.0
530.0,1.0,0.0,-1.0,205.0,118.35973333333,14.136813333333,0.0,478.0,26.0,1008.497865911,-1.0,100.0,0.0,5.0,1.8,1.0,19.0
530.0,12.0,0.0,-1.0,220.0,186.52597020303,-16.806799429802,0.0,19.67,-1.0,-1.0,-1.0,100.0,0.0,5.0,1.8,1.0,15.0
530.0,14.0,0.0,29.0,224.0,199.63730384615,17.815392307692,0.0,19.67,-1.0,-1.0,-1.0,100.0,0.0,5.0,1.8,1.0,5.0
530.0,17.0,0.0,-1.0,526.0,66.504336608842,-73.973058008591,0.0,619.2637052321,-1.0,-1.0,-1.0,100.0,35.0,5.0,1.8,1.0,75.0
531.0,1.0,0.0,-1.0,206.0,118.35973333333,14.136813333333,0.0,478.0,26.0,1008.497865911,-1.0,100.0,0.0,5.0,1.8,1.0,19.0
531.0,12.0,0.0,-1.0,221.0,186.52597020303,-16.806799429802,0.0,19.67,-1.0,-1.0,-1.0,100.0,0.0,5.0,1.8,1.0,15.0
531.0,14.0,0.0,29.0,225.0,199.63730384615,17.815392307692,0.0,19.67,-1.0,-1.0,-1.0,100.0,0.0,5.0,1.8,1.0,5.0
531.0,17.0,0.0,-1.0,527.0,66.059369942176,-74.332391341924,0.0,654.2637052321,-1.0,-1.0,-1.0,100.0,35.0,5.0,1.8,1.0,75.0
532.0,1.0,0.0,-1.0,207.0,118.35973333333,14.136813333333,0.0,478.0,26.0,1008.497865911,-1.0,100.0,0.0,5.0,1.8,1.0,19.0
532.0,12.0,0.0,-1.0,222.0,186.52597020303,-16.806799429802,0.0,19.67,-1.0,-1.0,-1.0,100.0,0.0,5.0,1.8,1.0,15.0
532.0,14.0,0.0,29.0,226.0,199.63730384615,17.815392307692,0.0,19.67,-1.0,-1.0,-1.0,100.0,0.0,5.0,1.8,1.0,5.0
532.0,17.0,0.0,-1.0,528.0,65.614403275509,-74.691724675258,0.0,689.2637052321,-1.0,-1.0,-1.0,100.0,35.0,5.0,1.8,1.0,75.0
533.0,1.0,0.0,-1.0,208.0,118.35973333333,14.136813333333,0.0,478.0,26.0,1008.497865911,-1.0,100.0,0.0,5.0,1.8,1.0,19.0
533.0,12.0,0.0,-1.0,223.0,186.52597020303,-16.806799429802,0.0,19.67,-1.0,-1.0,-1.0,100.0,0.0,5.0,1.8,1.0,15.0
533.0,14.0,0.0,29.0,227.0,199.63730384615,17.815392307692,0.0,19.67,-1.0,-1.0,-1.0,100.0,0.0,5.0,1.8,1.0,5.0
533.0,17.0,0.0,-1.0,529.0,65.169436608842,-75.051058008591,0.0,724.2637052321,-1.0,-1.0,-1.0,100.0,35.0,5.0,1.8,1.0,75.0
534.0,1.0,0.0,-1.0,209.0,118.35973333333,14.136813333333,0.0,478.0,26.0,1008.497865911,-1.0,100.0,0.0,5.0,1.8,1.0,19.0
534.0,12.0,0.0,-1.0,224.0,186.52597020303,-16.806799429802,0.0,19.67,-1.0,-1.0,-1.0,100.0,0.0,5.0,1.8,1.0,15.0
534.0,14.0,0.0,29.0,228.0,199.63730384615,17.815392307692,0.0,19.67,-1.0,-1.0,-1.0,100.0,0.0,5.0,1.8,1.0,5.0
534.0,17.0,0.0,-1.0,530.0,64.724469942176,-75.410391341924,0.0,759.2637052321,-1.0,-1.0,-1.0,100.0,35.0,5.0,1.8,1.0,75.0
535.0,1.0,0.0,-1.0,210.0,118.35973333333,14.136813333333,0.0,478.0,26.0,1008.497865911,-1.0,100.0,0.0,5.0,1.8,1.0,19.0
535.0,12.0,0.0,-1.0,225.0,186.52597020303,-16.806799429802,0.0,19.67,-1.0,-1.0,-1.0,100.0,0.0,5.0,1.8,1.0,15.0
535.0,14.0,0.0,29.0,229.0,199.63730384615,17.815392307692,0.0,19.67,-1.0,-1.0,-1.0,100.0,0.0,5.0,1.8,1.0,5.0
535.0,17.0,0.0,-1.0,531.0,64.279503275509,-75.769724675258,0.0,794.2637052321,-1.0,-1.0,-1.0,100.0,35.0,5.0,1.8,1.0,75.0
536.0,1.0,0.0,-1.0,211.0,118.35973333333,14.136813333333,0.0,478.0,26.0,1008.497865911,-1.0,100.0,0.0,5.0,1.8,1.0,19.0
536.0,12.0,0.0,-1.0,226.0,186.52597020303,-16.806799429802,0.0,19.67,-1.0,-1.0,-1.0,100.0,0.0,5.0,1.8,1.0,15.0
536.0,14.0,0.0,29.0,230.0,199.63730384615,17.815392307692,0.0,19.67,-1.0,-1.0,-1.0,100.0,0.0,5.0,1.8,1.0,5.0
536.0,17.0,0.0,-1.0,532.0,63.834536608842,-76.129058008591,0.0,829.2637052321,-1.0,-1.0,-1.0,100.0,35.0,5.0,1.8,1.0,75.0
537.0,1.0,0.0,-1.0,212.0,118.35973333333,14.136813333333,0.0,478.0,26.0,1008.497865911,-1.0,100.0,0.0,5.0,1.8,1.0,19.0
537.0,12.0,0.0,-1.0,227.0,186.52597020303,-16.806799429802,0.0,19.67,-1.0,-1.0,-1.0,100.0,0.0,5.0,1.8,1.0,15.0
537.0,14.0,0.0,29.0,231.0,199.63730384615,17.815392307692,0.0,19.67,-1.0,-1.0,-1.0,100.0,0.0,5.0,1.8,1.0,5.0
537.0,17.0,0.0,-1.0,533.0,63.389569942176,-76.488391341924,0.0,864.2637052321,-1.0,-1.0,-1.0,100.0,35.0,5.0,1.8,1.0,75.0
538.0,1.0,0.0,-1.0,213.0,118.35973333333,14.136813333333,0.0,478.0,26.0,1008.497865911,-1.0,100.0,0.0,5.0,1.8,1.0,19.0
538.0,12.0,0.0,-1.0,228.0,186.52597020303,-16.806799429802,0.0,19.67,-1.0,-1.0,-1.0,100.0,0.0,5.0,1.8,1.0,15.0
538.0,14.0,0.0,29.0,232.0,199.63730384615,17.815392307692,0.0,19.67,-1.0,-1.0,-1.0,100.0,0.0,5.0,1.8,1.0,5.0
538.0,17.0,0.0,-1.0,534.0,62.944603275509,-76.847724675258,0.0,899.2637052321,-1.0,-1.0,-1.0,100.0,35.0,5.0,1.8,1.0,75.0
539.0,1.0,0.0,-1.0,214.0,118.35973333333,14.136813333333,0.0,478.0,26.0,1008.497865911,-1.0,100.0,0.0,5.0,1.8,1.0,19.0
539.0,12.0,0.0,-1.0,229.0,186.52597020303,-16.806799429802,0.0,19.67,-1.0,-1.0,-1.0,100.0,0.0,5.0,1.8,1.0,15.0
539.0,14.0,0.0,29.0,233.0,199.63730384615,17.815392307692,0.0,19.67,-1.0,-1.0,-1.0,100.0,0.0,5.0,1.8,1.0,5.0
539.0,17.0,0.0,-1.0,535.0,62.499636608842,-77.207058008591,0.0,934.2637052321,-1.0,-1.0,-1.0,100.0,35.0,5.0,1.8,1.0,75.0
540.0,1.0,0.0,-1.0,215.0,118.35973333333,14.136813333333,0.0,478.0,26.0,1008.497865911,-1.0,100.0,0.0,5.0,1.8,1.0,19.0
540.0,12.0,0.0,-1.0,230.0,186.52597020303,-16.806799429802,0.0,19.67,-1.0,-1.0,-1.0,100.0,0.0,5.0,1.8,1.0,15.0
540.0,14.0,0.0,29.0,234.0,199.63730384615,17.815392307692,0.0,19.67,-1.0,-1.0,-1.0,100.0,0.0,5.0,1.8,1.0,5.0
540.0,17.0,0.0,-1.0,536.0,62.054669942176,-77.566391341924,0.0,969.2637052321,-1.0,-1.0,-1.0,100.0,35.0,5.0,1.8,1.0,75.0
541.0,1.0,0.0,-1.0,216.0,118.35973333333,14.136813333333,0.0,478.0,26.0,1008.497865911,-1.0,100.0,0.0,5.0,1.8,1.0,19.0
541.0,12.0,0.0,-1.0,231.0,186.52597020303,-16.806799429802,0.0,19.67,-1.0,-1.0,-1.0,100.0,0.0,5.0,1.8,1.0,15.0
541.0,14.0,0.0,29.0,235.0,199.63730384615,17.815392307692,0.0,19.67,-1.0,-1.0,-1.0,100.0,0.0,5.0,1.8,1.0,5.0
541.0,17.0,0.0,-1.0,537.0,61.609703275509,-77.925724675258,0.0,1004.2637052321,-1.0,-1.0,-1.0,100.0,35.0,5.0,1.8,1.0,75.0
542.0,1.0,0.0,-1.0,217.0,118.35973333333,14.136813333333,0.0,478.0,26.0,1010.4104012005,-1.0,100.0,0.0,5.0,1.8,1.0,19.0
542.0,12.0,0.0,-1.0,232.0,186.52597020303,-16.806799429802,0.0,19.67,-1.0,-1.0,-1.0,100.0,0.0,5.0,1.8,1.0,15.0
542.0,14.0,0.0,29.0,236.0,199.63730384615,17.815392307692,0.0,19.67,-1.0,-1.0,-1.0,100.0,0.0,5.0,1.8,1.0,5.0
542.0,17.0,0.0,-1.0,538.0,61.164736608842,-78.285058008591,0.0,1039.2637052321,-1.0,-1.0,-1.0,100.0,35.0,5.0,1.8,1.0,75.0
543.0,1.0,0.0,-1.0,218.0,118.35973333333,14.136813333333,0.0,478.0,26.0,1013.8288508271,-1.0,100.0,0.0,5.0,1.8,1.0,19.0
543.0,12.0,0.0,-1.0,233.0,186.52597020303,-16.806799429802,0.0,19.67,-1.0,-1.0,-1.0,100.0,0.0,5.0,1.8,1.0,15.0
543.0,14.0,0.0,29.0,237.0,199.63730384615,17.815392307692,0.0,19.67,-1.0,-1.0,-1.0,100.0,0.0,5.0,1.8,1.0,5.0
543.0,17.0,0.0,-1.0,539.0,60.719769942176,-78.644391341924,0.0,1074.2637052321,-1.0,-1.0,-1.0,100.0,35.0,5.0,1.8,1.0,75.0
544.0,1.0,0.0,-1.0,219.0,118.35973333333,14.136813333333,0.0,478.0,-1.0,-1.0,-1.0,100.0,0.0,5.0,1.8,1.0,19.0
544.0,12.0,0.0,-1.0,234.0,186.52597020303,-16.806799429802,0.0,19.67,-1.0,-1.0,-1.0,100.0,0.0,5.0,1.8,1.0,15.0
544.0,14.0,0.0,29.0,238.0,199.63730384615,17.815392307692,0.0,19.67,-1.0,-1.0,-1.0,100.0,0.0,5.0,1.8,1.0,5.0
544.0,17.0,0.0,-1.0,540.0,60.274803275509,-79.003724675258,0.0,1109.2637052321,-1.0,-1.0,-1.0,100.0,35.0,5.0,1.8,1.0,75.0
545.0,1.0,0.0,-1.0,220.0,118.35973333333,14.136813333333,0.0,478.0,-1.0,-1.0,-1.0,100.0,0.0,5.0,1.8,1.0,19.0
545.0,12.0,0.0,-1.0,235.0,186.52597020303,-16.806799429802,0.0,19.67,-1.0,-1.0,-1.0,100.0,0.0,5.0,1.8,1.0,15.0
545.0,14.0,0.0,29.0,239.0,199.63730384615,17.815392307692,0.0,19.67,-1.0,-1.0,-1.0,100.0,0.0,5.0,1.8,1.0,5.0
545.0,17.0,0.0,-1.0,541.0,59.829836608842,-79.363058008591,0.0,1144.2637052321,-1.0,-1.0,-1.0,100.0,35.0,5.0,1.8,1.0,75.0
546.0,1.0,0.0,-1.0,221.0,118.35973333333,14.136813333333,0.0,478.0,-1.0,-1.0,-1.0,100.0,0.0,5.0,1.8,1.0,19.0
546.0,12.0,0.0,-1.0,236.0,186.52597020303,-16.806799429802,0.0,19.67,-1.0,-1.0,-1.0,100.0,0.0,5.0,1.8,1.0,15.0
546.0,14.0,0.0,29.0,240.0,199.63730384615,17.815392307692,0.0,19.67,-1.0,-1.0,-1.0,100.0,0.0,5.0,1.8,1.0,5.0
546.0,17.0,0.0,-1.0,542.0,59.384869942176,-79.722391341924,0.0,1179.2637052321,-1.0,-1.0,-1.0,100.0,35.0,5.0,1.8,1.0,75.0
547.0,1.0,0.0,-1.0,222.0,118.35973333333,14.136813333333,0.0,478.0,-1.0,-1.0,-1.0,100.0,0.0,5.0,1.8,1.0,19.0
547.0,12.0,0.0,-1.0,237.0,186.52597020303,-16.806799429802,0.0,19.67,-1.0,-1.0,-1.0,100.0,0.0,5.0,1.8,1.0,15.0
547.0,14.0,0.0,29.0,241.0,199.63730384615,17.815392307692,0.0,19.67,-1.0,-1.0,-1.0,100.0,0.0,5.0,1.8,1.0,5.0
547.0,17.0,0.0,-1.0,543.0,58.939903275509,-80.081724675258,0.0,1214.2637052321,-1.0,-1.0,-1.0,100.0,35.0,5.0,1.8,1.0,75.0
548.0,1.0,0.0,-1.0,223.0,118.35973333333,14.136813333333,0.0,478.0,-1.0,-1.0,-1.0,100.0,0.0,5.0,1.8,1.0,19.0
548.0,12.0,0.0,-1.0,238.0,186.52597020303,-16.806799429802,0.0,19.67,-1.0,-1.0,-1.0,100.0,0.0,5.0,1.8,1.0,15.0
548.0,14.0,0.0,29.0,242.0,199.63730384615,17.815392307692,0.0,19.67,-1.0,-1.0,-1.0,100.0,0.0,5.0,1.8,1.0,5.0
548.0,17.0,0.0,-1.0,544.0,58.494936608842,-80.441058008591,0.0,1249.2637052321,-1.0,-1.0,-1.0,100.0,35.0,5.0,1.8,1.0,75.0
549.0,1.0,0.0,-1.0,224.0,118.35973333333,14.136813333333,0.0,478.0,-1.0,-1.0,-1.0,100.0,0.0,5.0,1.8,1.0,19.0
549.0,12.0,0.0,-1.0,239.0,186.52597020303,-16.806799429802,0.0,19.67,-1.0,-1.0,-1.0,100.0,0.0,5.0,1.8,1.0,15.0
549.0,14.0,0.0,29.0,243.0,199.63730384615,17.815392307692,0.0,19.67,-1.0,-1.0,-1.0,100.0,0.0,5.0,1.8,1.0,5.0
549.0,17.0,0.0,-1.0,545.0,58.049969942176,-80.800391341924,0.0,1284.2637052321,-1.0,-1.0,-1.0,100.0,35.0,5.0,1.8,1.0,75.0
550.0,1.0,0.0,-1.0,225.0,118.35973333333,14.136813333333,0.0,478.0,-1.0,-1.0,-1.0,100.0,0.0,5.0,1.8,1.0,19.0
550.0,12.0,0.0,-1.0,240.0,186.52597020303,-16.806799429802,0.0,19.67,-1.0,-1.0,-1.0,100.0,0.0,5.0,1.8,1.0,15.0
550.0,14.0,0.0,29.0,244.0,199.63730384615,17.815392307692,0.0,19.67,-1.0,-1.0,-1.0,100.0,0.0,5.0,1.8,1.0,5.0
550.0,17.0,0.0,-1.0,546.0,57.605003275509,-81.159724675258,0.0,1319.2637052321,-1.0,-1.0,-1.0,100.0,35.0,5.0,1.8,1.0,75.0
551.0,1.0,0.0,-1.0,226.0,118.35973333333,14.136813333333,0.0,478.0,-1.0,-1.0,-1.0,100.0,0.0,5.0,1.8,1.0,19.0
551.0,12.0,0.0,-1.0,241.0,186.52597020303,-16.806799429802,0.0,19.67,-1.0,-1.0,-1.0,100.0,0.0,5.0,1.8,1.0,15.0
551.0,14.0,0.0,29.0,245.0,199.63730384615,17.815392307692,0.0,19.67,-1.0,-1.0,-1.0,100.0,0.0,5.0,1.8,1.0,5.0
551.0,17.0,0.0,-1.0,547.0,57.160036608842,-81.519058008591,0.0,1354.2637052321,-1.0,-1.0,-1.0,100.0,35.0,5.0,1.8,1.0,75.0
552.0,1.0,0.0,-1.0,227.0,118.35973333333,14.136813333333,0.0,478.0,-1.0,-1.0,-1.0,100.0,0.0,5.0,1.8,1.0,19.0
552.0,12.0,0.0,-1.0,242.0,186.52597020303,-16.806799429802,0.0,19.67,-1.0,-1.0,-1.0,100.0,0.0,5.0,1.8,1.0,15.0
552.0,14.0,0.0,29.0,246.0,199.63730384615,17.815392307692,0.0,19.67,-1.0,-1.0,-1.0,100.0,0.0,5.0,1.8,1.0,5.0
552.0,17.0,0.0,-1.0,548.0,56.715069942176,-81.878391341924,0.0,1389.2637052321,-1.0,-1.0,-1.0,100.0,35.0,5.0,1.8,1.0,75.0
553.0,1.0,0.0,-1.0,228.0,118.35973333333,14.136813333333,0.0,478.0,-1.0,-1.0,-1.0,100.0,0.0,5.0,1.8,1.0,19.0
553.0,12.0,0.0,-1.0,243.0,186.52597020303,-16.806799429802,0.0,19.67,-1.0,-1.0,-1.0,100.0,0.0,5.0,1.8,1.0,15.0
553.0,14.0,0.0,29.0,247.0,199.63730384615,17.815392307692,0.0,19.67,-1.0,-1.0,-1.0,100.0,0.0,5.0,1.8,1.0,5.0
553.0,17.0,0.0,-1.0,549.0,56.270103275509,-82.237724675258,0.0,1424.2637052321,-1.0,-1.0,-1.0,100.0,35.0,5.0,1.8,1.0,75.0
554.0,1.0,0.0,-1.0,229.0,118.35973333333,14.136813333333,0.0,478.0,-1.0,-1.0,-1.0,100.0,0.0,5.0,1.8,1.0,19.0
554.0,12.0,0.0,-1.0,244.0,186.52597020303,-16.806799429802,0.0,19.67,-1.0,-1.0,-1.0,100.0,0.0,5.0,1.8,1.0,15.0
554.0,14.0,0.0,29.0,248.0,199.63730384615,17.815392307692,0.0,19.67,-1.0,-1.0,-1.0,100.0,0.0,5.0,1.8,1.0,5.0
554.0,17.0,0.0,-1.0,550.0,55.825136608842,-82.597058008591,0.0,1459.2637052321,-1.0,-1.0,-1.0,100.0,35.0,5.0,1.8,1.0,75.0
555.0,1.0,0.0,-1.0,230.0,118.35973333333,14.136813333333,0.0,478.0,-1.0,-1.0,-1.0,100.0,0.0,5.0,1.8,1.0,19.0
555.0,12.0,0.0,-1.0,245.0,186.52597020303,-16.806799429802,0.0,19.67,-1.0,-1.0,-1.0,100.0,0.0,5.0,1.8,1.0,15.0
555.0,14.0,0.0,29.0,249.0,199.63730384615,17.815392307692,0.0,19.67,-1.0,-1.0,-1.0,100.0,0.0,5.0,1.8,1.0,5.0
555.0,17.0,0.0,-1.0,551.0,55.380169942176,-82.956391341924,0.0,1494.2637052321,-1.0,-1.0,-1.0,100.0,35.0,5.0,1.8,1.0,75.0
556.0,1.0,0.0,-1.0,231.0,118.35973333333,14.136813333333,0.0,478.0,-1.0,-1.0,-1.0,100.0,0.0,5.0,1.8,1.0,19.0
556.0,12.0,0.0,-1.0,246.0,186.52597020303,-16.806799429802,0.0,19.67,-1.0,-1.0,-1.0,100.0,0.0,5.0,1.8,1.0,15.0
556.0,14.0,0.0,29.0,250.0,199.63730384615,17.815392307692,0.0,19.67,-1.0,-1.0,-1.0,100.0,0.0,5.0,1.8,1.0,5.0
557.0,1.0,0.0,-1.0,232.0,118.35973333333,14.136813333333,0.0,478.0,-1.0,-1.0,-1.0,100.0,0.0,5.0,1.8,1.0,19.0
557.0,12.0,0.0,-1.0,247.0,186.52597020303,-16.806799429802,0.0,19.67,-1.0,-1.0,-1.0,100.0,0.0,5.0,1.8,1.0,15.0
557.0,14.0,0.0,29.0,251.0,199.63730384615,17.815392307692,0.0,19.67,-1.0,-1.0,-1.0,100.0,0.0,5.0,1.8,1.0,5.0
558.0,1.0,0.0,-1.0,233.0,118.35973333333,14.136813333333,0.0,478.0,-1.0,-1.0,-1.0,100.0,0.0,5.0,1.8,1.0,19.0
558.0,12.0,0.0,-1.0,248.0,186.52597020303,-16.806799429802,0.0,19.67,-1.0,-1.0,-1.0,100.0,0.0,5.0,1.8,1.0,15.0
558.0,14.0,0.0,29.0,252.0,199.63730384615,17.815392307692,0.0,19.67,-1.0,-1.0,-1.0,100.0,0.0,5.0,1.8,1.0,5.0
559.0,1.0,0.0,-1.0,234.0,118.35973333333,14.136813333333,0.0,478.0,-1.0,-1.0,-1.0,100.0,0.0,5.0,1.8,1.0,19.0
559.0,12.0,0.0,-1.0,249.0,186.52597020303,-16.806799429802,0.0,19.67,-1.0,-1.0,-1.0,100.0,0.0,5.0,1.8,1.0,15.0
559.0,14.0,0.0,29.0,253.0,199.63730384615,17.815392307692,0.0,19.67,-1.0,-1.0,-1.0,100.0,0.0,5.0,1.8,1.0,5.0
560.0,1.0,0.0,-1.0,235.0,118.35973333333,14.136813333333,0.0,478.0,-1.0,-1.0,-1.0,100.0,0.0,5.0,1.8,1.0,19.0
560.0,12.0,0.0,-1.0,250.0,186.52597020303,-16.806799429802,0.0,19.67,-1.0,-1.0,-1.0,100.0,0.0,5.0,1.8,1.0,15.0
560.0,14.0,0.0,29.0,254.0,199.63730384615,17.815392307692,0.0,19.67,-1.0,-1.0,-1.0,100.0,0.0,5.0,1.8,1.0,5.0
561.0,1.0,0.0,-1.0,236.0,118.35973333333,14.136813333333,0.0,478.0,-1.0,-1.0,-1.0,100.0,0.0,5.0,1.8,1.0,19.0
561.0,12.0,0.0,-1.0,251.0,186.52597020303,-16.806799429802,0.0,19.67,-1.0,-1.0,-1.0,100.0,0.0,5.0,1.8,1.0,15.0
561.0,14.0,0.0,29.0,255.0,199.63730384615,17.815392307692,0.0,19.67,-1.0,-1.0,-1.0,100.0,0.0,5.0,1.8,1.0,5.0
562.0,1.0,0.0,-1.0,237.0,118.35973333333,14.136813333333,0.0,478.0,-1.0,-1.0,-1.0,100.0,0.0,5.0,1.8,1.0,19.0
562.0,12.0,0.0,-1.0,252.0,186.52597020303,-16.806799429802,0.0,19.67,-1.0,-1.0,-1.0,100.0,0.0,5.0,1.8,1.0,15.0
562.0,14.0,0.0,29.0,256.0,199.63730384615,17.815392307692,0.0,19.67,-1.0,-1.0,-1.0,100.0,0.0,5.0,1.8,1.0,5.0
563.0,1.0,0.0,-1.0,238.0,118.35973333333,14.136813333333,0.0,478.0,-1.0,-1.0,-1.0,100.0,0.0,5.0,1.8,1.0,19.0
563.0,12.0,0.0,-1.0,253.0,186.52597020303,-16.806799429802,0.0,19.67,-1.0,-1.0,-1.0,100.0,0.0,5.0,1.8,1.0,15.0
563.0,14.0,0.0,29.0,257.0,199.63730384615,17.815392307692,0.0,19.67,-1.0,-1.0,-1.0,100.0,0.0,5.0,1.8,1.0,5.0
564.0,1.0,0.0,-1.0,239.0,118.35973333333,14.136813333333,0.0,478.0,-1.0,-1.0,-1.0,100.0,0.0,5.0,1.8,1.0,19.0
564.0,12.0,0.0,-1.0,254.0,186.52597020303,-16.806799429802,0.0,19.67,-1.0,-1.0,-1.0,100.0,0.0,5.0,1.8,1.0,15.0
564.0,14.0,0.0,29.0,258.0,199.63730384615,17.815392307692,0.0,19.67,-1.0,-1.0,-1.0,100.0,0.0,5.0,1.8,1.0,5.0
565.0,1.0,0.0,-1.0,240.0,118.35973333333,14.136813333333,0.0,478.0,-1.0,-1.0,-1.0,100.0,0.0,5.0,1.8,1.0,19.0
565.0,12.0,0.0,-1.0,255.0,186.52597020303,-16.806799429802,0.0,19.67,-1.0,-1.0,-1.0,100.0,0.0,5.0,1.8,1.0,15.0
565.0,14.0,0.0,29.0,259.0,199.63730384615,17.815392307692,0.0,19.67,-1.0,-1.0,-1.0,100.0,0.0,5.0,1.8,1.0,5.0
566.0,1.0,0.0,-1.0,241.0,118.35973333333,14.136813333333,0.0,478.0,-1.0,-1.0,-1.0,100.0,0.0,5.0,1.8,1.0,19.0
566.0,12.0,0.0,-1.0,256.0,186.52597020303,-16.806799429802,0.0,19.67,-1.0,-1.0,-1.0,100.0,0.0,5.0,1.8,1.0,15.0
566.0,14.0,0.0,29.0,260.0,199.63730384615,17.815392307692,0.0,19.67,-1.0,-1.0,-1.0,100.0,0.0,5.0,1.8,1.0,5.0
567.0,1.0,0.0,-1.0,242.0,118.35973333333,14.136813333333,0.0,478.0,-1.0,-1.0,-1.0,100.0,0.0,5.0,1.8,1.0,19.0
567.0,12.0,0.0,-1.0,257.0,186.52597020303,-16.806799429802,0.0,19.67,-1.0,-1.0,-1.0,100.0,0.0,5.0,1.8,1.0,15.0
567.0,14.0,0.0,29.0,261.0,199.63730384615,17.815392307692,0.0,19.67,-1.0,-1.0,-1.0,100.0,0.0,5.0,1.8,1.0,5.0
568.0,1.0,0.0,-1.0,243.0,118.35973333333,14.136813333333,0.0,478.0,-1.0,-1.0,-1.0,100.0,0.0,5.0,1.8,1.0,19.0
568.0,12.0,0.0,-1.0,258.0,186.52597020303,-16.806799429802,0.0,19.67,-1.0,-1.0,-1.0,100.0,0.0,5.0,1.8,1.0,15.0
568.0,14.0,0.0,29.0,262.0,199.63730384615,17.815392307692,0.0,19.67,-1.0,-1.0,-1.0,100.0,0.0,5.0,1.8,1.0,5.0
569.0,1.0,0.0,-1.0,244.0,118.35973333333,14.136813333333,0.0,478.0,-1.0,-1.0,-1.0,100.0,0.0,5.0,1.8,1.0,19.0
569.0,12.0,0.0,-1.0,259.0,186.52597020303,-16.806799429802,0.0,19.67,-1.0,-1.0,-1.0,100.0,0.0,5.0,1.8,1.0,15.0
569.0,14.0,0.0,29.0,263.0,199.63730384615,17.815392307692,0.0,19.67,-1.0,-1.0,-1.0,100.0,0.0,5.0,1.8,1.0,5.0
570.0,1.0,0.0,-1.0,245.0,118.35973333333,14.136813333333,0.0,478.0,-1.0,-1.0,-1.0,100.0,0.0,5.0,1.8,1.0,19.0
570.0,12.0,0.0,-1.0,260.0,186.52597020303,-16.806799429802,0.0,19.67,-1.0,-1.0,-1.0,100.0,0.0,5.0,1.8,1.0,15.0
570.0,14.0,0.0,29.0,264.0,199.63730384615,17.815392307692,0.0,19.67,-1.0,-1.0,-1.0,100.0,0.0,5.0,1.8,1.0,5.0
571.0,1.0,0.0,-1.0,246.0,118.35973333333,14.136813333333,0.0,478.0,-1.0,-1.0,-1.0,100.0,0.0,5.0,1.8,1.0,19.0
571.0,12.0,0.0,-1.0,261.0,186.52597020303,-16.806799429802,0.0,19.67,-1.0,-1.0,-1.0,100.0,0.0,5.0,1.8,1.0,15.0
571.0,14.0,0.0,29.0,265.0,199.63730384615,17.815392307692,0.0,19.67,-1.0,-1.0,-1.0,100.0,0.0,5.0,1.8,1.0,5.0
572.0,1.0,0.0,-1.0,247.0,118.35973333333,14.136813333333,0.0,478.0,-1.0,-1.0,-1.0,100.0,0.0,5.0,1.8,1.0,19.0
572.0,12.0,0.0,-1.0,262.0,186.52597020303,-16.806799429802,0.0,19.67,-1.0,-1.0,-1.0,100.0,0.0,5.0,1.8,1.0,15.0
572.0,14.0,0.0,29.0,266.0,199.63730384615,17.815392307692,0.0,19.67,-1.0,-1.0,-1.0,100.0,0.0,5.0,1.8,1.0,5.0
573.0,1.0,0.0,-1.0,248.0,118.35973333333,14.136813333333,0.0,478.0,-1.0,-1.0,-1.0,100.0,0.0,5.0,1.8,1.0,19.0
573.0,12.0,0.0,-1.0,263.0,186.52597020303,-16.806799429802,0.0,19.67,-1.0,-1.0,-1.0,100.0,0.0,5.0,1.8,1.0,15.0
573.0,14.0,0.0,29.0,267.0,199.63730384615,17.815392307692,0.0,19.67,-1.0,-1.0,-1.0,100.0,0.0,5.0,1.8,1.0,5.0
574.0,1.0,0.0,-1.0,249.0,118.35973333333,14.136813333333,0.0,478.0,-1.0,-1.0,-1.0,100.0,0.0,5.0,1.8,1.0,19.0
574.0,12.0,0.0,-1.0,264.0,186.52597020303,-16.806799429802,0.0,19.67,-1.0,-1.0,-1.0,100.0,0.0,5.0,1.8,1.0,15.0
574.0,14.0,0.0,29.0,268.0,199.63730384615,17.815392307692,0.0,19.67,-1.0,-1.0,-1.0,100.0,0.0,5.0,1.8,1.0,5.0
575.0,1.0,0.0,-1.0,250.0,118.35973333333,14.136813333333,0.0,478.0,-1.0,-1.0,-1.0,100.0,0.0,5.0,1.8,1.0,19.0
575.0,12.0,0.0,-1.0,265.0,186.52597020303,-16.806799429802,0.0,19.67,-1.0,-1.0,-1.0,100.0,0.0,5.0,1.8,1.0,15.0
575.0,14.0,0.0,29.0,269.0,199.63730384615,17.815392307692,0.0,19.67,-1.0,-1.0,-1.0,100.0,0.0,5.0,1.8,1.0,5.0
576.0,1.0,0.0,-1.0,251.0,118.35973333333,14.136813333333,0.0,478.0,-1.0,-1.0,-1.0,100.0,0.0,5.0,1.8,1.0,19.0
576.0,12.0,0.0,-1.0,266.0,186.52597020303,-16.806799429802,0.0,19.67,-1.0,-1.0,-1.0,100.0,0.0,5.0,1.8,1.0,15.0
576.0,14.0,0.0,29.0,270.0,199.63730384615,17.815392307692,0.0,19.67,-1.0,-1.0,-1.0,100.0,0.0,5.0,1.8,1.0,5.0
577.0,1.0,0.0,-1.0,252.0,118.35973333333,14.136813333333,0.0,478.0,-1.0,-1.0,-1.0,100.0,0.0,5.0,1.8,1.0,19.0
577.0,12.0,0.0,-1.0,267.0,186.52597020303,-16.806799429802,0.0,19.67,-1.0,-1.0,-1.0,100.0,0.0,5.0,1.8,1.0,15.0
577.0,14.0,0.0,29.0,271.0,199.63730384615,17.815392307692,0.0,19.67,-1.0,-1.0,-1.0,100.0,0.0,5.0,1.8,1.0,5.0
578.0,1.0,0.0,-1.0,253.0,118.35973333333,14.136813333333,0.0,478.0,-1.0,-1.0,-1.0,100.0,0.0,5.0,1.8,1.0,19.0
578.0,12.0,0.0,-1.0,268.0,186.52597020303,-16.806799429802,0.0,19.67,-1.0,-1.0,-1.0,100.0,0.0,5.0,1.8,1.0,15.0
578.0,14.0,0.0,29.0,272.0,199.63730384615,17.815392307692,0.0,19.67,-1.0,-1.0,-1.0,100.0,0.0,5.0,1.8,1.0,5.0
579.0,1.0,0.0,-1.0,254.0,118.35973333333,14.136813333333,0.0,478.0,-1.0,-1.0,-1.0,100.0,0.0,5.0,1.8,1.0,19.0
579.0,12.0,0.0,-1.0,269.0,186.52597020303,-16.806799429802,0.0,19.67,-1.0,-1.0,-1.0,100.0,0.0,5.0,1.8,1.0,15.0
579.0,14.0,0.0,29.0,273.0,199.63730384615,17.815392307692,0.0,19.67,-1.0,-1.0,-1.0,100.0,0.0,5.0,1.8,1.0,5.0
580.0,1.0,0.0,-1.0,255.0,118.35973333333,14.136813333333,0.0,478.0,-1.0,-1.0,-1.0,100.0,0.0,5.0,1.8,1.0,19.0
580.0,12.0,0.0,-1.0,270.0,186.52597020303,-16.806799429802,0.0,19.67,-1.0,-1.0,-1.0,100.0,0.0,5.0,1.8,1.0,15.0
580.0,14.0,0.0,29.0,274.0,199.63730384615,17.815392307692,0.0,19.67,-1.0,-1.0,-1.0,100.0,0.0,5.0,1.8,1.0,5.0
581.0,1.0,0.0,-1.0,256.0,118.35973333333,14.136813333333,0.0,478.0,-1.0,-1.0,-1.0,100.0,0.0,5.0,1.8,1.0,19.0
581.0,12.0,0.0,-1.0,271.0,186.52597020303,-16.806799429802,0.0,19.67,-1.0,-1.0,-1.0,100.0,0.0,5.0,1.8,1.0,15.0
581.0,14.0,0.0,29.0,275.0,199.63730384615,17.815392307692,0.0,19.67,-1.0,-1.0,-1.0,100.0,0.0,5.0,1.8,1.0,5.0
582.0,1.0,0.0,-1.0,257.0,118.35973333333,14.136813333333,0.0,478.0,-1.0,-1.0,-1.0,100.0,0.0,5.0,1.8,1.0,19.0
582.0,12.0,0.0,-1.0,272.0,186.52597020303,-16.806799429802,0.0,19.67,-1.0,-1.0,-1.0,100.0,0.0,5.0,1.8,1.0,15.0
582.0,14.0,0.0,29.0,276.0,199.63730384615,17.815392307692,0.0,19.67,-1.0,-1.0,-1.0,100.0,0.0,5.0,1.8,1.0,5.0
583.0,1.0,0.0,-1.0,258.0,118.35973333333,14.136813333333,0.0,478.0,-1.0,-1.0,-1.0,100.0,0.0,5.0,1.8,1.0,19.0
583.0,12.0,0.0,-1.0,273.0,186.52597020303,-16.806799429802,0.0,19.67,-1.0,-1.0,-1.0,100.0,0.0,5.0,1.8,1.0,15.0
583.0,14.0,0.0,29.0,277.0,199.63730384615,17.815392307692,0.0,19.67,-1.0,-1.0,-1.0,100.0,0.0,5.0,1.8,1.0,5.0
584.0,1.0,0.0,-1.0,259.0,118.35973333333,14.136813333333,0.0,478.0,-1.0,-1.0,-1.0,100.0,0.0,5.0,1.8,1.0,19.0
584.0,12.0,0.0,-1.0,274.0,186.52597020303,-16.806799429802,0.0,19.67,-1.0,-1.0,-1.0,100.0,0.0,5.0,1.8,1.0,15.0
584.0,14.0,0.0,29.0,278.0,199.63730384615,17.815392307692,0.0,19.67,-1.0,-1.0,-1.0,100.0,0.0,5.0,1.8,1.0,5.0
585.0,1.0,0.0,-1.0,260.0,118.35973333333,14.136813333333,0.0,478.0,-1.0,-1.0,-1.0,100.0,0.0,5.0,1.8,1.0,19.0
585.0,12.0,0.0,-1.0,275.0,186.52597020303,-16.806799429802,0.0,19.67,-1.0,-1.0,-1.0,100.0,0.0,5.0,1.8,1.0,15.0
585.0,14.0,0.0,29.0,279.0,199.63730384615,17.815392307692,0.0,19.67,-1.0,-1.0,-1.0,100.0,0.0,5.0,1.8,1.0,5.0
586.0,1.0,0.0,-1.0,261.0,118.35973333333,14.136813333333,0.0,478.0,-1.0,-1.0,-1.0,100.0,0.0,5.0,1.8,1.0,19.0
586.0,12.0,0.0,-1.0,276.0,186.52597020303,-16.806799429802,0.0,19.67,-1.0,-1.0,-1.0,100.0,0.0,5.0,1.8,1.0,15.0
586.0,14.0,0.0,29.0,280.0,199.63730384615,17.815392307692,0.0,19.67,-1.0,-1.0,-1.0,100.0,0.0,5.0,1.8,1.0,5.0
587.0,1.0,0.0,-1.0,262.0,118.35973333333,14.136813333333,0.0,478.0,-1.0,-1.0,-1.0,100.0,0.0,5.0,1.8,1.0,19.0
587.0,12.0,0.0,-1.0,277.0,186.52597020303,-16.806799429802,0.0,19.67,-1.0,-1.0,-1.0,100.0,0.0,5.0,1.8,1.0,15.0
587.0,14.0,0.0,29.0,281.0,199.63730384615,17.815392307692,0.0,19.67,-1.0,-1.0,-1.0,100.0,0.0,5.0,1.8,1.0,5.0
588.0,1.0,0.0,-1.0,263.0,118.35973333333,14.136813333333,0.0,478.0,-1.0,-1.0,-1.0,100.0,0.0,5.0,1.8,1.0,19.0
588.0,12.0,0.0,-1.0,278.0,186.52597020303,-16.806799429802,0.0,19.67,-1.0,-1.0,-1.0,100.0,0.0,5.0,1.8,1.0,15.0
588.0,14.0,0.0,29.0,282.0,199.63730384615,17.815392307692,0.0,19.67,-1.0,-1.0,-1.0,100.0,0.0,5.0,1.8,1.0,5.0
589.0,1.0,0.0,-1.0,264.0,118.35973333333,14.136813333333,0.0,478.0,-1.0,-1.0,-1.0,100.0,0.0,5.0,1.8,1.0,19.0
589.0,12.0,0.0,-1.0,279.0,186.52597020303,-16.806799429802,0.0,19.67,-1.0,-1.0,-1.0,100.0,0.0,5.0,1.8,1.0,15.0
589.0,14.0,0.0,29.0,283.0,199.63730384615,17.815392307692,0.0,19.67,-1.0,-1.0,-1.0,100.0,0.0,5.0,1.8,1.0,5.0
590.0,1.0,0.0,-1.0,265.0,118.35973333333,14.136813333333,0.0,478.0,-1.0,-1.0,-1.0,100.0,0.0,5.0,1.8,1.0,19.0
590.0,12.0,0.0,-1.0,280.0,186.52597020303,-16.806799429802,0.0,19.67,-1.0,-1.0,-1.0,100.0,0.0,5.0,1.8,1.0,15.0
590.0,14.0,0.0,29.0,284.0,199.63730384615,17.815392307692,0.0,19.67,-1.0,-1.0,-1.0,100.0,0.0,5.0,1.8,1.0,5.0
591.0,1.0,0.0,-1.0,266.0,118.35973333333,14.136813333333,0.0,478.0,-1.0,-1.0,-1.0,100.0,0.0,5.0,1.8,1.0,19.0
591.0,12.0,0.0,-1.0,281.0,186.52597020303,-16.806799429802,0.0,19.67,-1.0,-1.0,-1.0,100.0,0.0,5.0,1.8,1.0,15.0
591.0,14.0,0.0,29.0,285.0,199.63730384615,17.815392307692,0.0,19.67,-1.0,-1.0,-1.0,100.0,0.0,5.0,1.8,1.0,5.0
592.0,1.0,0.0,-1.0,267.0,118.35973333333,14.136813333333,0.0,478.0,-1.0,-1.0,-1.0,100.0,0.0,5.0,1.8,1.0,19.0
592.0,12.0,0.0,-1.0,282.0,186.52597020303,-16.806799429802,0.0,19.67,-1.0,-1.0,-1.0,100.0,0.0,5.0,1.8,1.0,15.0
592.0,14.0,0.0,29.0,286.0,199.63730384615,17.815392307692,0.0,19.67,-1.0,-1.0,-1.0,100.0,0.0,5.0,1.8,1.0,5.0
593.0,1.0,0.0,-1.0,268.0,118.35973333333,14.136813333333,0.0,478.0,-1.0,-1.0,-1.0,100.0,0.0,5.0,1.8,1.0,19.0
593.0,12.0,0.0,-1.0,283.0,186.52597020303,-16.806799429802,0.0,19.67,-1.0,-1.0,-1.0,100.0,0.0,5.0,1.8,1.0,15.0
593.0,14.0,0.0,29.0,287.0,199.63730384615,17.815392307692,0.0,19.67,-1.0,-1.0,-1.0,100.0,0.0,5.0,1.8,1.0,5.0
594.0,1.0,0.0,-1.0,269.0,118.35973333333,14.136813333333,0.0,478.0,-1.0,-1.0,-1.0,100.0,0.0,5.0,1.8,1.0,19.0
594.0,12.0,0.0,-1.0,284.0,186.52597020303,-16.806799429802,0.0,19.67,-1.0,-1.0,-1.0,100.0,0.0,5.0,1.8,1.0,15.0
594.0,14.0,0.0,29.0,288.0,199.63730384615,17.815392307692,0.0,19.67,-1.0,-1.0,-1.0,100.0,0.0,5.0,1.8,1.0,5.0
595.0,1.0,0.0,-1.0,270.0,118.35973333333,14.136813333333,0.0,478.0,-1.0,-1.0,-1.0,100.0,0.0,5.0,1.8,1.0,19.0
595.0,12.0,0.0,-1.0,285.0,186.52597020303,-16.806799429802,0.0,19.67,-1.0,-1.0,-1.0,100.0,0.0,5.0,1.8,1.0,15.0
595.0,14.0,0.0,29.0,289.0,199.63730384615,17.815392307692,0.0,19.67,-1.0,-1.0,-1.0,100.0,0.0,5.0,1.8,1.0,5.0
596.0,1.0,0.0,-1.0,271.0,118.35973333333,14.136813333333,0.0,478.0,-1.0,-1.0,-1.0,100.0,0.0,5.0,1.8,1.0,19.0
596.0,12.0,0.0,-1.0,286.0,186.52597020303,-16.806799429802,0.0,19.67,-1.0,-1.0,-1.0,100.0,0.0,5.0,1.8,1.0,15.0
596.0,14.0,0.0,29.0,290.0,199.63730384615,17.815392307692,0.0,19.67,-1.0,-1.0,-1.0,100.0,0.0,5.0,1.8,1.0,5.0
597.0,1.0,0.0,-1.0,272.0,118.35973333333,14.136813333333,0.0,478.0,-1.0,-1.0,-1.0,100.0,0.0,5.0,1.8,1.0,19.0
597.0,12.0,0.0,-1.0,287.0,186.52597020303,-16.806799429802,0.0,19.67,-1.0,-1.0,-1.0,100.0,0.0,5.0,1.8,1.0,15.0
597.0,14.0,0.0,29.0,291.0,199.63730384615,17.815392307692,0.0,19.67,-1.0,-1.0,-1.0,100.0,0.0,5.0,1.8,1.0,5.0
598.0,1.0,0.0,-1.0,273.0,118.35973333333,14.136813333333,0.0,478.0,-1.0,-1.0,-1.0,100.0,0.0,5.0,1.8,1.0,19.0
598.0,12.0,0.0,-1.0,288.0,186.52597020303,-16.806799429802,0.0,19.67,-1.0,-1.0,-1.0,100.0,0.0,5.0,1.8,1.0,15.0
598.0,14.0,0.0,29.0,292.0,199.63730384615,17.815392307692,0.0,19.67,-1.0,-1.0,-1.0,100.0,0.0,5.0,1.8,1.0,5.0
599.0,1.0,0.0,-1.0,274.0,118.35973333333,14.136813333333,0.0,478.0,-1.0,-1.0,-1.0,100.0,0.0,5.0,1.8,1.0,19.0
599.0,12.0,0.0,-1.0,289.0,186.52597020303,-16.806799429802,0.0,19.67,-1.0,-1.0,-1.0,100.0,0.0,5.0,1.8,1.0,15.0
599.0,14.0,0.0,29.0,293.0,199.63730384615,17.815392307692,0.0,19.67,-1.0,-1.0,-1.0,100.0,0.0,5.0,1.8,1.0,5.0
600.0,1.0,0.0,-1.0,275.0,118.35973333333,14.136813333333,0.0,478.0,-1.0,-1.0,-1.0,100.0,0.0,5.0,1.8,1.0,19.0
600.0,12.0,0.0,-1.0,290.0,186.52597020303,-16.806799429802,0.0,19.67,-1.0,-1.0,-1.0,100.0,0.0,5.0,1.8,1.0,15.0
600.0,14.0,0.0,29.0,294.0,199.63730384615,17.815392307692,0.0,19.67,-1.0,-1.0,-1.0,100.0,0.0,5.0,1.8,1.0,5.0
601.0,1.0,0.0,-1.0,276.0,118.35973333333,14.136813333333,0.0,478.0,-1.0,-1.0,-1.0,100.0,0.0,5.0,1.8,1.0,19.0
601.0,12.0,0.0,-1.0,291.0,186.52597020303,-16.806799429802,0.0,19.67,-1.0,-1.0,-1.0,100.0,0.0,5.0,1.8,1.0,15.0
601.0,14.0,0.0,29.0,295.0,199.63730384615,17.815392307692,0.0,19.67,-1.0,-1.0,-1.0,100.0,0.0,5.0,1.8,1.0,5.0
602.0,1.0,0.0,-1.0,277.0,118.35973333333,14.136813333333,0.0,478.0,-1.0,-1.0,-1.0,100.0,0.0,5.0,1.8,1.0,19.0
602.0,12.0,0.0,-1.0,292.0,186.52597020303,-16.806799429802,0.0,19.67,-1.0,-1.0,-1.0,100.0,0.0,5.0,1.8,1.0,15.0
602.0,14.0,0.0,29.0,296.0,199.63730384615,17.815392307692,0.0,19.67,-1.0,-1.0,-1.0,100.0,0.0,5.0,1.8,1.0,5.0
603.0,1.0,0.0,-1.0,278.0,118.35973333333,14.136813333333,0.0,478.0,-1.0,-1.0,-1.0,100.0,0.0,5.0,1.8,1.0,19.0
603.0,12.0,0.0,-1.0,293.0,186.52597020303,-16.806799429802,0.0,19.67,-1.0,-1.0,-1.0,100.0,0.0,5.0,1.8,1.0,15.0
603.0,14.0,0.0,29.0,297.0,199.63730384615,17.815392307692,0.0,19.67,-1.0,-1.0,-1.0,100.0,0.0,5.0,1.8,1.0,5.0
604.0,1.0,0.0,-1.0,279.0,118.35973333333,14.136813333333,0.0,478.0,-1.0,-1.0,-1.0,100.0,0.0,5.0,1.8,1.0,19.0
604.0,12.0,0.0,-1.0,294.0,186.52597020303,-16.806799429802,0.0,19.67,-1.0,-1.0,-1.0,100.0,0.0,5.0,1.8,1.0,15.0
604.0,14.0,0.0,29.0,298.0,199.63730384615,17.815392307692,0.0,19.67,-1.0,-1.0,-1.0,100.0,0.0,5.0,1.8,1.0,5.0
605.0,1.0,0.0,-1.0,280.0,118.35973333333,14.136813333333,0.0,478.0,-1.0,-1.0,-1.0,100.0,0.0,5.0,1.8,1.0,19.0
605.0,12.0,0.0,-1.0,295.0,186.52597020303,-16.806799429802,0.0,19.67,-1.0,-1.0,-1.0,100.0,0.0,5.0,1.8,1.0,15.0
605.0,14.0,0.0,29.0,299.0,199.63730384615,17.815392307692,0.0,19.67,-1.0,-1.0,-1.0,100.0,0.0,5.0,1.8,1.0,5.0
606.0,1.0,0.0,-1.0,281.0,118.35973333333,14.136813333333,0.0,478.0,-1.0,-1.0,-1.0,100.0,0.0,5.0,1.8,1.0,19.0
606.0,12.0,0.0,-1.0,296.0,186.52597020303,-16.806799429802,0.0,19.67,-1.0,-1.0,-1.0,100.0,0.0,5.0,1.8,1.0,15.0
606.0,14.0,0.0,29.0,300.0,199.63730384615,17.815392307692,0.0,19.67,-1.0,-1.0,-1.0,100.0,0.0,5.0,1.8,1.0,5.0
607.0,1.0,0.0,-1.0,282.0,118.35973333333,14.136813333333,0.0,478.0,-1.0,-1.0,-1.0,100.0,0.0,5.0,1.8,1.0,19.0
607.0,12.0,0.0,-1.0,297.0,186.52597020303,-16.806799429802,0.0,19.67,-1.0,-1.0,-1.0,100.0,0.0,5.0,1.8,1.0,15.0
607.0,14.0,0.0,29.0,301.0,199.63730384615,17.815392307692,0.0,19.67,-1.0,-1.0,-1.0,100.0,0.0,5.0,1.8,1.0,5.0
608.0,1.0,0.0,-1.0,283.0,118.35973333333,14.136813333333,0.0,478.0,-1.0,-1.0,-1.0,100.0,0.0,5.0,1.8,1.0,19.0
608.0,12.0,0.0,-1.0,298.0,186.52597020303,-16.806799429802,0.0,19.67,-1.0,-1.0,-1.0,100.0,0.0,5.0,1.8,1.0,15.0
608.0,14.0,0.0,29.0,302.0,199.63730384615,17.815392307692,0.0,19.67,-1.0,-1.0,-1.0,100.0,0.0,5.0,1.8,1.0,5.0
609.0,1.0,0.0,-1.0,284.0,118.35973333333,14.136813333333,0.0,478.0,-1.0,-1.0,-1.0,100.0,0.0,5.0,1.8,1.0,19.0
609.0,12.0,0.0,-1.0,299.0,186.52597020303,-16.806799429802,0.0,19.67,-1.0,-1.0,-1.0,100.0,0.0,5.0,1.8,1.0,15.0
609.0,14.0,0.0,29.0,303.0,199.63730384615,17.815392307692,0.0,19.67,-1.0,-1.0,-1.0,100.0,0.0,5.0,1.8,1.0,5.0
610.0,1.0,0.0,-1.0,285.0,118.35973333333,14.136813333333,0.0,478.0,-1.0,-1.0,-1.0,100.0,0.0,5.0,1.8,1.0,19.0
610.0,12.0,0.0,-1.0,300.0,186.52597020303,-16.806799429802,0.0,19.67,-1.0,-1.0,-1.0,100.0,0.0,5.0,1.8,1.0,15.0
611.0,1.0,0.0,-1.0,286.0,118.35973333333,14.136813333333,0.0,478.0,-1.0,-1.0,-1.0,100.0,0.0,5.0,1.8,1.0,19.0
611.0,12.0,0.0,-1.0,301.0,186.52597020303,-16.806799429802,0.0,19.67,-1.0,-1.0,-1.0,100.0,0.0,5.0,1.8,1.0,15.0
612.0,1.0,0.0,-1.0,287.0,118.35973333333,14.136813333333,0.0,478.0,-1.0,-1.0,-1.0,100.0,0.0,5.0,1.8,1.0,19.0
612.0,12.0,0.0,-1.0,302.0,186.52597020303,-16.806799429802,0.0,19.67,-1.0,-1.0,-1.0,100.0,0.0,5.0,1.8,1.0,15.0
613.0,1.0,0.0,-1.0,288.0,118.35973333333,14.136813333333,0.0,478.0,-1.0,-1.0,-1.0,100.0,0.0,5.0,1.8,1.0,19.0
613.0,12.0,0.0,-1.0,303.0,186.52597020303,-16.806799429802,0.0,19.67,-1.0,-1.0,-1.0,100.0,0.0,5.0,1.8,1.0,15.0
614.0,1.0,0.0,-1.0,289.0,118.35973333333,14.136813333333,0.0,478.0,-1.0,-1.0,-1.0,100.0,0.0,5.0,1.8,1.0,19.0
615.0,1.0,0.0,-1.0,290.0,118.35973333333,14.136813333333,0.0,478.0,-1.0,-1.0,-1.0,100.0,0.0,5.0,1.8,1.0,19.0
616.0,1.0,0.0,-1.0,291.0,118.35973333333,14.136813333333,0.0,478.0,-1.0,-1.0,-1.0,100.0,0.0,5.0,1.8,1.0,19.0
617.0,1.0,0.0,-1.0,292.0,118.35973333333,14.136813333333,0.0,478.0,-1.0,-1.0,-1.0,100.0,0.0,5.0,1.8,1.0,19.0
618.0,1.0,0.0,-1.0,293.0,118.35973333333,14.136813333333,0.0,478.0,-1.0,-1.0,-1.0,100.0,0.0,5.0,1.8,1.0,19.0
619.0,1.0,0.0,-1.0,294.0,118.35973333333,14.136813333333,0.0,478.0,-1.0,-1.0,-1.0,100.0,0.0,5.0,1.8,1.0,19.0
620.0,1.0,0.0,-1.0,295.0,118.35973333333,14.136813333333,0.0,478.0,-1.0,-1.0,-1.0,100.0,0.0,5.0,1.8,1.0,19.0
621.0,1.0,0.0,-1.0,296.0,118.35973333333,14.136813333333,0.0,478.0,-1.0,-1.0,-1.0,100.0,0.0,5.0,1.8,1.0,19.0
622.0,1.0,0.0,-1.0,297.0,118.35973333333,14.136813333333,0.0,478.0,-1.0,-1.0,-1.0,100.0,0.0,5.0,1.8,1.0,19.0
623.0,1.0,0.0,-1.0,298.0,118.35973333333,14.136813333333,0.0,478.0,-1.0,-1.0,-1.0,100.0,0.0,5.0,1.8,1.0,19.0
624.0,1.0,0.0,-1.0,299.0,118.35973333333,14.136813333333,0.0,478.0,-1.0,-1.0,-1.0,100.0,0.0,5.0,1.8,1.0,19.0
625.0,1.0,0.0,-1.0,300.0,118.35973333333,14.136813333333,0.0,478.0,-1.0,-1.0,-1.0,100.0,0.0,5.0,1.8,1.0,19.0
626.0,1.0,0.0,-1.0,301.0,118.35973333333,14.136813333333,0.0,478.0,-1.0,-1.0,-1.0,100.0,0.0,5.0,1.8,1.0,19.0
627.0,1.0,0.0,-1.0,302.0,118.35973333333,14.136813333333,0.0,478.0,-1.0,-1.0,-1.0,100.0,0.0,5.0,1.8,1.0,19.0
628.0,1.0,0.0,-1.0,303.0,118.35973333333,14.136813333333,0.0,478.0,-1.0,-1.0,-1.0,100.0,0.0,5.0,1.8,1.0,19.0
629.0,1.0,0.0,-1.0,304.0,118.35973333333,14.136813333333,0.0,478.0,-1.0,-1.0,-1.0,100.0,0.0,5.0,1.8,1.0,19.0
630.0,1.0,0.0,-1.0,305.0,118.35973333333,14.136813333333,0.0,478.0,-1.0,-1.0,-1.0,100.0,0.0,5.0,1.8,1.0,19.0
631.0,1.0,0.0,-1.0,306.0,118.35973333333,14.136813333333,0.0,478.0,-1.0,-1.0,-1.0,100.0,0.0,5.0,1.8,1.0,19.0
632.0,1.0,0.0,-1.0,307.0,118.35973333333,14.136813333333,0.0,478.0,-1.0,-1.0,-1.0,100.0,0.0,5.0,1.8,1.0,19.0
633.0,1.0,0.0,-1.0,308.0,118.35973333333,14.136813333333,0.0,478.0,-1.0,-1.0,-1.0,100.0,0.0,5.0,1.8,1.0,19.0
634.0,1.0,0.0,-1.0,309.0,118.35973333333,14.136813333333,0.0,478.0,-1.0,-1.0,-1.0,100.0,0.0,5.0,1.8,1.0,19.0
635.0,1.0,0.0,-1.0,310.0,118.35973333333,14.136813333333,0.0,478.0,-1.0,-1.0,-1.0,100.0,0.0,5.0,1.8,1.0,19.0
636.0,1.0,0.0,-1.0,311.0,118.35973333333,14.136813333333,0.0,478.0,-1.0,-1.0,-1.0,100.0,0.0,5.0,1.8,1.0,19.0
637.0,1.0,0.0,-1.0,312.0,118.35973333333,14.136813333333,0.0,478.0,-1.0,-1.0,-1.0,100.0,0.0,5.0,1.8,1.0,19.0
638.0,1.0,0.0,-1.0,313.0,118.35973333333,14.136813333333,0.0,478.0,-1.0,-1.0,-1.0,100.0,0.0,5.0,1.8,1.0,19.0
639.0,1.0,0.0,-1.0,314.0,118.35973333333,14.136813333333,0.0,478.0,-1.0,-1.0,-1.0,100.0,0.0,5.0,1.8,1.0,19.0
640.0,1.0,0.0,-1.0,315.0,118.35973333333,14.136813333333,0.0,478.0,-1.0,-1.0,-1.0,100.0,0.0,5.0,1.8,1.0,19.0
641.0,1.0,0.0,-1.0,316.0,118.35973333333,14.136813333333,0.0,478.0,-1.0,-1.0,-1.0,100.0,0.0,5.0,1.8,1.0,19.0
642.0,1.0,0.0,-1.0,317.0,118.35973333333,14.136813333333,0.0,478.0,-1.0,-1.0,-1.0,100.0,0.0,5.0,1.8,1.0,19.0
643.0,1.0,0.0,-1.0,318.0,118.35973333333,14.136813333333,0.0,478.0,-1.0,-1.0,-1.0,100.0,0.0,5.0,1.8,1.0,19.0
644.0,1.0,0.0,-1.0,319.0,118.35973333333,14.136813333333,0.0,478.0,-1.0,-1.0,-1.0,100.0,0.0,5.0,1.8,1.0,19.0
645.0,1.0,0.0,-1.0,320.0,118.35973333333,14.136813333333,0.0,478.0,-1.0,-1.0,-1.0,100.0,0.0,5.0,1.8,1.0,19.0
646.0,1.0,0.0,-1.0,321.0,118.35973333333,14.136813333333,0.0,478.0,-1.0,-1.0,-1.0,100.0,0.0,5.0,1.8,1.0,19.0
647.0,1.0,0.0,-1.0,322.0,118.35973333333,14.136813333333,0.0,478.0,-1.0,-1.0,-1.0,100.0,0.0,5.0,1.8,1.0,19.0
648.0,1.0,0.0,-1.0,323.0,118.35973333333,14.136813333333,0.0,478.0,-1.0,-1.0,-1.0,100.0,0.0,5.0,1.8,1.0,19.0
649.0,1.0,0.0,-1.0,324.0,118.35973333333,14.136813333333,0.0,478.0,-1.0,-1.0,-1.0,100.0,0.0,5.0,1.8,1.0,19.0
650.0,1.0,0.0,-1.0,325.0,118.35973333333,14.136813333333,0.0,478.0,-1.0,-1.0,-1.0,100.0,0.0,5.0,1.8,1.0,19.0
651.0,1.0,0.0,-1.0,326.0,118.35973333333,14.136813333333,0.0,478.0,-1.0,-1.0,-1.0,100.0,0.0,5.0,1.8,1.0,19.0
652.0,1.0,0.0,-1.0,327.0,118.35973333333,14.136813333333,0.0,478.0,-1.0,-1.0,-1.0,100.0,0.0,5.0,1.8,1.0,19.0
653.0,1.0,0.0,-1.0,328.0,118.35973333333,14.136813333333,0.0,478.0,-1.0,-1.0,-1.0,100.0,0.0,5.0,1.8,1.0,19.0
654.0,1.0,0.0,-1.0,329.0,118.35973333333,14.136813333333,0.0,478.0,-1.0,-1.0,-1.0,100.0,0.0,5.0,1.8,1.0,19.0
655.0,1.0,0.0,-1.0,330.0,118.35973333333,14.136813333333,0.0,478.0,-1.0,-1.0,-1.0,100.0,0.0,5.0,1.8,1.0,19.0
656.0,1.0,0.0,-1.0,331.0,118.35973333333,14.136813333333,0.0,478.0,-1.0,-1.0,-1.0,100.0,0.0,5.0,1.8,1.0,19.0
657.0,1.0,0.0,-1.0,332.0,118.35973333333,14.136813333333,0.0,478.0,-1.0,-1.0,-1.0,100.0,0.0,5.0,1.8,1.0,19.0
658.0,1.0,0.0,-1.0,333.0,118.35973333333,14.136813333333,0.0,478.0,-1.0,-1.0,-1.0,100.0,0.0,5.0,1.8,1.0,19.0
659.0,1.0,0.0,-1.0,334.0,118.35973333333,14.136813333333,0.0,478.0,-1.0,-1.0,-1.0,100.0,0.0,5.0,1.8,1.0,19.0
660.0,1.0,0.0,-1.0,335.0,118.35973333333,14.136813333333,0.0,478.0,-1.0,-1.0,-1.0,100.0,0.0,5.0,1.8,1.0,19.0
661.0,1.0,0.0,-1.0,336.0,118.35973333333,14.136813333333,0.0,478.0,-1.0,-1.0,-1.0,100.0,0.0,5.0,1.8,1.0,19.0
662.0,1.0,0.0,-1.0,337.0,118.35973333333,14.136813333333,0.0,478.0,-1.0,-1.0,-1.0,100.0,0.0,5.0,1.8,1.0,19.0
663.0,1.0,0.0,-1.0,338.0,118.35973333333,14.136813333333,0.0,478.0,-1.0,-1.0,-1.0,100.0,0.0,5.0,1.8,1.0,19.0
664.0,1.0,0.0,-1.0,339.0,118.35973333333,14.136813333333,0.0,478.0,-1.0,-1.0,-1.0,100.0,0.0,5.0,1.8,1.0,19.0
665.0,1.0,0.0,-1.0,340.0,118.35973333333,14.136813333333,0.0,478.0,-1.0,-1.0,-1.0,100.0,0.0,5.0,1.8,1.0,19.0
666.0,1.0,0.0,-1.0,341.0,118.35973333333,14.136813333333,0.0,478.0,-1.0,-1.0,-1.0,100.0,0.0,5.0,1.8,1.0,19.0
667.0,1.0,0.0,-1.0,342.0,118.35973333333,14.136813333333,0.0,478.0,-1.0,-1.0,-1.0,100.0,0.0,5.0,1.8,1.0,19.0
668.0,1.0,0.0,-1.0,343.0,118.35973333333,14.136813333333,0.0,478.0,-1.0,-1.0,-1.0,100.0,0.0,5.0,1.8,1.0,19.0
